row,narrative,category
11000,I am a victim of Credit Karma marketing scams for pre approved credit cards and false/misleading credit scores. Ive had an account with Credit Karma for several years but recently shut down my account.,Credit card
11007,"I deposited a citi bank check on the XXXX, for XXXX and a hold was placed. banker said a couple days but the receipt said the XXXX max called a few days later and they said for sure in a couple days. called back and they said they are unable to verify the check. then asked for the check senders info. I was not given any portion of the deposit, and not given reason for extended hold in writing. Im now not sure when I get my money as they just keep saying they cant verify the check with no answer as to what happens next. also they wont revisit calling the check sender unless im on the phone and I have work. I feel the legal laws put in place to protect me aren't being followed.",Bank account or service
11009,"This is a regards to me trying to do a short sale on my home I have a buyer ready to purchase, I have a real estate realtor, but Mr. Cooper refuse to look at the contract I go back to court on XX/XX/2020 which will be my law day. I checked with XXXX and they advised me to file a complaint as to why Mr. COOPER would block me from doing a short sale.",Mortgage
11016,"Last year I deposited a check into Citi Bank, because it is the account I used the least due to the fact that they have in the past made so many mistakes on my account that I lost faith in them, I had XXXX family members ask me to deposit checks for them, so I XXXX  them from my main bank and deposited into Citi. This was fine and some money was released, then I forgot about it entirely. Only to find out that Citi deleted the account with the deposit, never once contacted me. But kept calling someone who was no longer on the joint account with me anymore. And when I spoke to the foreign employees they hired they would not let me past the verification because my phone number did not match. It has been over a year and I have no received a check in the mail or any answers as to where the checks went. They were never redelviered to the address on file at the time. I no longer live there but Citi is just incompetent and does not follow any sort of guidelines.",Bank account or service
11017,"Under 15 USC 1681i ( a ) ( 1 ) ( A ) subject to subsection ( f ) and except as provided in subsection ( g ), If the completeness or accuracy of any item of information contained in a consumer 's file at a consumer reporting agency is disputed by the consumer and the consumer notifies the agency directly or indirectly through a reseller, of such dispute, the agency shall, free of charge, conduct a reasonable reinvestigation to determine whether the disputed information is inaccurate and record the current status of the disputed information, or delete the item from the file in accordance with paragraph ( 5 ), before the end of the 30-day period beginning on the date on which the agency receives the notice of the dispute from the consumer or reseller. 

Account Name : XXXX XXXX XXXXXXXX Account Number : XXXX Account Name : XXXX Account Number : XXXX INQUIRIES : XXXX XX/XX/year> : XXXXXXXX XXXX XXXX",Credit reporting
11020,"I discovered several transactions on my Apple Card that I did not authorize. After noticing these charges, I immediately contacted Apple Card customer support and filed disputes. However, the disputes were denied without a clear explanation or proper investigation. I submitted multiple disputes and requested further review, but the company still rejected my claims. I believe these transactions were unauthorized and should not be my responsibility. I am requesting that Apple Card conduct a proper investigation into these transactions and remove the unauthorized charges from my account. I also request that the company provide a clear explanation of how the investigation was conducted.",Credit card
11031,"On Friday, XX/XX/year>, I received an email from Frost Bank stating I opened a checking account and the account was set up to receive money with XXXX. I then received XXXX emails stating that the requests to send money via XXXX were completed. On Saturday, XX/XX/year>, I called Frost Bank and informed the representative that I may have been a victim of fraud. I gave the representative my first name, maiden name, and my email address. The representative confirmed that a checking account was opened online. I informed the representative that the account was fraudulent and asked that it be closed immediately. The representative stated they would put in a request and get their fraud team involved.

Im satisfied with the steps to get the account closed but the bank should not allow an account to be opened online without some type of picture identification. This makes it easier for fraudsters to open accounts with another persons credentials. Now I have to go through the process of reporting fraud to the credit bureaus, put a freeze on my credit, and file a police report. Whos to say that the person that stole my identity wont open another account.",Bank account or service
11034,"Today ( XX/XX/2020 ) I tried to pay my mortgage online as every month. Our servicer was switched without our knowledge from XXXX XXXX XXXXXXXX to Specialized Loan Servicing. They failed to even notify us in time, there were several hick ups which I complained about before but those have been resolved. It is way too hard and COSTLY to make a payment over the phone and with any question about our foreberance plan we never wanted to be in ( we never missed a payment but can't reach anybody over the phone ), I tried to make a payment online. 
Paying online should not be hard. This awful company required me to change my password. After I changed the password, I was asked to verify my account with a code sent to my cellphone. After I changed my password, and verified the code, I was once more asked to verify yet another code. After that I was asked to write down a 16 digit code for future verification. By that time my blood pressure must have been through the roof. It should not have been this difficult and lengthy to make a payment. So I called them and hit # 4 for technical problems online to make a payment to find out why I had to change my password in the first place. Of course the person on the other line had a heavy foreign accent ( that was to be expected ). It is hard to believe what she told me : if I only log one once a month ( which is hard enough so I don't plan on logging into my account more than once a month ), I have to change my my password and go through the lengthy verification process every time. This is unacceptable. It seems like they want to make it as difficult to make a payment, as possible.",Mortgage
11036,"I bank with JP Morgan Chase bank, I have a business checking account and i do online banking, on XX/XX/2020, I use the XXXX quick pay to send the amount of {$2000.00} to a recipient, I got a receipt that the transaction went through successfully, I sent a copy of the receipt to the recipient, usually this funds would be available immediately and sometimes a few days delay in my experience, In this case the money did not post to the account in over a week, the recipient then told me there was a mix up in the cell number used and that usually the transaction should not go through and i should contact my bank to find out what happened. 
I called my bank customer service to explain the situation and I was told it will take 10 working days to investigate, after more than fifteen working days that I have not heard from them I decided to call back, The representative who attended to me stated that the money went to another recipient and that they have tried to get the money but could not and therefore they can not help me any further, I told them the money was not supposed to go through since the name and number did not match and that I believe the money is still hanging somewhere in the bank, I was told that I should go to my bank for help, I went to my bank but walk ins are not accepted because of coronavirus, I was asked to call XXXX but i insisted i wanted the bank representative to help me do it because there is too much waiting time and they usually hang up on customer and then one has to start all over and that I am already frustrated, I was given an appointment for XX/XX/XXXX but unfortunately I had a family emergency, I asked if i could come the next day but i was told not until XX/XX/XXXX, so up till now i have not got my money back and the recipient is bothering me<please I need help urgently to resolve this situation..",Bank account or service
11037,I applied on line in XX/XX/XXXX Looking for a lower interest rate or 0 % for a few months it asking would want to do a balance transfer if I was approved. So I gave the information. It said I had been approved but never said the interest rate. Or anything else. I got kicked out of my home. So I never got the credit card to activate or decline the card. A month later the did the balance transfer without my permission. I called spoke to a supervisor names XXXX.Told him I did not want the card because the interest rate was w a y to high. He apoligisted said he would take care of the problem He said he would close the account and I would owe nothing. Now it 's showing on my credit report months later.,Credit card
11054,"In XXXX I placed a loan that was past due into hardship forebearance with sallie Mae. At that time I was told they needed a {$50.00} good faith payment and were only able to do one month but to call back after 48 hours and they would be able to extend it out to the 3 months total. I did that and everything was good. In XXXX, the same situation arose, I did the 50 good faith payment and was this time told to call back before XXXX to do an extension. On XXXX, o called back. Suddenly, that can not be done and they want another {$50.00} to do a forebearance this time for 3 months. I had to pay it to get the forebearance but have now paid them XXXX dollars for forbearances on this loan. Which according to their website is the maximum I should have to pay on this loan, yet I have 5 months of forevearance left should I need it and I was told it would be an additional 50 each time I request forebearance in the future. That would equal XXXX dollars not XXXX. Furthermore, there is information out there that states back in XXXX the company stopped asking for the 50 payments at the time forebearance was requested.",Consumer loan
11065,"Loan is an interest only loan that now has a principle payment added. My father passed away several years ago and my mom has a trust where she is the trustee for the trust in the name of my father. My name is also listed, however this bank constantly loses things that are faxed to them and they repeatedly ask for things over and over. Not talking to my mom, telling her they CAN NOT talk to her. 

I need someone from the bank to look into this ... .please. The mortgage payment went from {$1000.00} to {$1900.00} per month, my XXXX yr old mother will not be able to pay this on SS and pension alone ... .we need help from someone",Mortgage
11071,"My vehicle loan was set up with A-L Financial on XXXX, XXXX and was scheduled for 42 month term. I have paid all my payments with a few hiccups. In XXXX of XXXX my car was impounded and the vehicle was repossessed by A-L Financial even though I was current on payments. I understand this is to protect their investment but charging a full repossession fee of {$690.00} when someone is current is outrageous. In XX/XX/XXXX I spoke to a manager in the XXXX office and asked if my payments would be ok being paid on the XXXX if each month since my payment was due on the XXXX prior. She advised me that would be perfectly ok and to add {$1.00} in payments to cover interest which I did. After this, things went on as normal and payments being made. On XX/XX/XXXX I called and talked to XXXX about what was left owed on my vehicle since I was coming to the end of my term. She gave me a balance of $ XXXX which I questioned because I knew I should or only had 1 more payment of {$330.00} since XX/XX/XXXX would be 42 months. On XX/XX/XXXX I talked to XXXX again and requested a summary of payments. On this summary of payments it shows 40 payments of {$330.00}, 1 payment of {$360.00}, 1 payment of {$350.00}, 1 payment of {$340.00} and 1 payment of {$330.00}. Which is 40 payments of regular payments and 4 payments covering any fees told by the office that was owed. On XX/XX/XXXX I called and talked to XXXX again. She advised me that I had a balance of {$330.00} which was paid as well. When I questioned the amount and payments XXXX response was check with your accountant I asked for her to help me and she replied thats just what the system says and there was late fees. I understand that there was late fees and the total was {$300.00} which would only equal to 1 additional payment not 3. This company has charged me an additional $ XXXX in fees and supposed Interest.",Consumer loan
11080,"I filled out an online application through Bank of America for a Home Equity Line of Credit. At no point in the process does it stipulate that they have changed their policy. Their new policy requires Bank of America to be the first lien holder in order to apply for a Home Equity Line of Credit. 

I went through the entire application and BoA made a hard pull against my credit for no reason. If they had listed that information anywhere on their site, I obviously wouldn't have completed the application and had them do a hard pull against my credit. 

No feedback was given aside from information stating the application was denied. I had to call into their support line to talk to someone who explained the reason the application was denied.",Mortgage
11082,"United Wholsale Mortage ( UWM ) sold my mortage in XX/XX/year> to XXXX XXXX. I was not notified they did transfer my XXXX payment to the new mortage company XXXX XXXX, however did not transer the XXXX payment. 

My Bank XXXX XXXX XXXX XXXX as confirmed they received and processed the payment on XX/XX/XXXX, they claim to have no record. XXXX XXXX only received the XXXX payment and now is threatening debt collection, credit score damage late fees etc. 

I have sent numberous emails, countless hours on the phone with both companies especially XXXX they continue to refund the payment of {$44000.00} My account number with XXXX is XXXX I am have explained I am a XXXX Veteran on a fixed income of VA and SSN and this is causing not only financial hardship but issues with my XXXX.",Debt collection
11087,"As of today, XXXX XXXX, 2016 I pulled my credit with XXXX and noticed that a new collection has been placed on my account. I also noticed that this was under a name and address not associated with me. I have recently, as of XXXX XXXX filed multiple complaints with the CFPB, FTC and all three ( XXXX, XXXX and XXXX ) concerning identity theft. I also understand that the original creditor is XXXX XXXX XXXX, to which I have never had an account. My wife and I have always split our utilities and she has always had XXXX XXXX XXXX in her name. Even so, her name as is mine, is not similar to the name being reported on my credit report. This needs to be removed immediately because this is indicative of identity theft.",Credit reporting
11091,"On XX/XX/2018 I applied for a conventional mortgage loan with Quicken Loans. After discussing a few mortgage options with one of their Mortgage Bankers, I plainly stated I wanted a loan estimate on a 30 year conventional loan. I've now requested the loan estimate 3 times in writing and each time the Mortgage Banker has replied with a request to talk over the phone. His written reply to my third request is : "" Yes I know what the loan estimate is. I have a big discount in your loan and to send the loan estimate we have to fully approve the discount. In order for my director to approve that, we need to know that you guys are willing to move forward. '' This process seems backwards to me and somewhat predatory. Why would I commit to a mortgage without first reviewing all the details of that mortgage.",Mortgage
11093,"I have sent 2 certified letters asking all credit reporting agencies to VALIDATED ( not a verification ) this account with proof of the Certified copy of the TRUE BILL ( not a statement ) and copies of Original documents with my ( Wet Seal Signature ) on them nothing has been sent to me showing the account was VALIDATED or Original Documents showing my Wet Seal Signature with certified copies of the TRUE BILL ( not a statement or a verification ) I Now Demand these request to be placed on file that I have requested these items that have been ignored the credit agencies told me that they closed the case and stating my reasons had nothing to do with them the account was VALIDATED well i asked to be sent proof and that was not done I NEED THE ACCOUNT TO BE VALIDATED, Proof of My WET SEAL SIGNATURE SHOWN ON ORIGINAL DOCUMENTS AND A CERTIFIED COPY OF THE TRUE BILL to be sent to me i was told it was left up to the company to send you that I never received that information that was requested and the creditor closed the case as completed and VALIDATED this creditor also needs to update the address on accounts to XXXX XXXX XXXX XXXX XXXX XXXX  California XXXX acct. XXXX XXXX XXXX  # XXXX $ XXXX ...",Credit reporting
11094,"I attempted on the XXXX of XXXX to do a balance transfer from my Bank of America credit card to my XXXX credit card to take advantage of a XXXX XXXX APR offer from XXXX. 
However, when i got the email of bank of america on the next following day I saw increase in my bank of america balance.I misunderstood the process and initiated the transfer through the Bank of America app, which was labeled as a "" balance transfer. '' There was no clear explanation that it would send funds to XXXX instead of transferring debt from Bank of America. 

As a result, Bank of America increased my credit balance by {$3900.00} and transferred funds to XXXX, which was not my intention. I immediately contacted both banks. XXXX informed me they can only return the funds by mailing a check to me or depositing to my checking account. I chose the check, and I'm now waiting to receive it before I can attempt the balance transfer again this time correctly. 

In the meantime, Bank of America charged me a fee of {$150.00} for this transaction, even though it was based on a misunderstanding and resulted in a reversal process. I contacted Bank of America to ask for the fee to be waived due to the mistake and confusion, but they refused. 


Im requesting a refund of the {$150.00} balance transfer fee. The transaction was a mistake based on unclear labeling and process in the app, and I acted in good faith to correct it right away. It is unreasonable to be charged twice for a single transfer that didnt even serve its intended purpose.",Credit card
11095,"I applied JetBlue Barclays card via online then I received the credit card on XX/XX/2023. It locked itself when I tried to activate. They required to call specific phone number XXXX but they open only XXXX so it was very difficulty to make a phone call because of my working schedule. 

I have been send copy of social security card, green card and utility bill 2 times already but they never respond me if they received. 
They asked me to pay membership fee {$99.00} even though I couldn't use the credit card because they still locked my credit card. 

Now XX/XX/2023, I paid membership fee and I have been calling they to check the status. However, they said "" just wait. '' Also, they said, they don't know how long it takes and they can't send me response via email or phone call. They said "" you need to call here to find out when we can unlock the credit card. '' Also, I can't cancel the credit card as long as they locked. Ah, they said they will cancel it anytime if I don't qualified. 

I don't know how long I need to wait to unlock. then I will lost the opening benefit. 

Please help me ....",Credit card
11098,"This complaint is also my official request for debt validation to Credit Collection Services. My attached letter clearly specifies the documents that must be provided under the FDCPA : the original signed contract, proof of ownership or assignment, the purchase agreement, and a detailed accounting of the balance. 
By using the CFPB complaint system, I am making sure my request is documented, forwarded, and acted upon properly. Consumers have the right to full transparency, and I expect Credit Collection Services to provide complete validation. 
To further protect my rights under the FCRA, I am also requesting information to verify the accuracy and completeness of the account they reported to the Credit Bureaus : the Date of First Delinquency, the date the account was charged off ; and the date the account was acquired by or assigned to Credit Collection Services.",Debt collection
11099,"I am writing to formally express my concerns regarding Zelles handling of disputes, particularly in light of the recent CFPB lawsuit highlighting significant issues with the platform. Despite using Zelle numerous times and reporting discrepancies my financial institution and Zelle failed to investigate my claims adequately. They informed me that recovering lost funds was impossible and that tracking these was infeasible. The CFPBs findings indicate that Zelle has not only neglected to protect consumers but has also allowed repeat offenders to exploit the system, leaving users vulnerable to scams. This lack of accountability and transparency is unacceptable and raises serious concerns about consumer safety.",Money transfer or service
11101,"i have submitted a complaint once already about shell point mortgage and they responded by sending me a letter saying they received the complaint and were sorry, they said they were looking into the matter and would send me an update on my file asap. I still have not received anything they still wo n't return my phone calls and my home is going to sheriffs sale on XXXX/XXXX/2016 I finally got an e-mail from them last night at XXXX saying that my case was under review and to call with any questions I tried calling anyone I talked to could n't help me they had to transfer me to a specialist who is never there and never returns phone calls now I am down to the last min to get something done and I ca n't do a dam thing because they refuse to do there jobs. ( so much for keeping my home )",Mortgage
11104,I was applying for a loan of XXXX with XXXX. there were several things they required before the loan was approved. one being that I verify my checking account. I never verified my checking account with them. which I thought means the loan application was not complete. but somehow the loan was approved and deposited to my account. I would have refused the loan except the deposit was made to my account with a negative balance making it imposable to rescind the loan. now the company wants me to make twelve XXXX payments to pay back this loan. they have already tried to receive two payments which has cost me XXXX in overdraft fees. I never finished their loan process so I don't know why they deposited the money into my account. not being able to stop the loan because of the negative balance. I am now stuck but I didn't want the loan that is why I didn't finish the process. I am living off social security I cant afford to make these outrageous payments. I do realize that the XXXX needs to be paid back. I suggest that two payments of XXXX a month with a final payment of XXXX on the third month to repay the loan. I realize that the total repayment equals only XXXX but that reflects the XXXX it has already cost me.,Bank account or service
11107,"IN ACCORDANCE WITH THE FAIR CREDIT REPORTING ACT XXXX XXXX XXXX XXXX HAS VIOLATED MY RIGHTS. 

15 USC 1681 SECTION 602 STATES I HAVE THE RIGHT TO PRIVACY.

15 USC 1681 SECTION 604 A SECTION 2 : IT ALSO STATES A CONSUMER REPORTING AGENCY CAN NOT FURNISH A ACCOUNT WITHOUT WRITTEN INSTRUCTIONS.

15 USC 1666B : A CREDITOR MAY NOT TREAT A PAYMENT ON A CREDIT CARD ACCOUNT UNDER AN OPEN END CONSUMER CREDIT PLAN AS LATE OR PURPOSE",Credit reporting
11115,IC System reporting debt to credit agency that doesn't belong to me I have asked for documents with my signature never received anything. Both account for XXXX and XXXX has the same account number different amounts. Have disputed this company with credit bureau the updated credit profile in 24hrs with not any proof or providing me with any new information. XXXX is one account XXXX is one account and XXXX is one account,Credit reporting
11123,"I am trying to pay my lawyer his {$150.00}. I opened a checking account with Discover and they do not let me use XXXX for 90 day lawyer uses XXXX XXXX too. The app said Discover declined and to call them. I did and they said nothing was wrong on their end. Tried again, declined. Called back and the rep told me not to yell at her and I was not. XXXX up and called someone else who finally told me Discover doesn't allow XXXX XXXX anymore because of their security update and to find another way to pay.",Bank account or service
11130,"I dispute the XXXX XXXX account ( Acct # XXXXXXXX XXXX XXXX XXXX XXXX XXXX XXXX XXXX XXXX XXXX XXXX  ) because the closed date, creditor type, and date of last activity are inconsistent and conflicting across the three nationwide credit reporting agencies ( XXXX, Equifax, XXXX  ). I have disputed this item multiple times. Equifax has responded that the dispute is frivolous and refused further reinvestigation ; XXXX and XXXX have not corrected or deleted the inaccurate information. I have requested reinvestigation and documentation from all three bureaus and notified the furnisher to investigate under 1681s-2 ( b ). I request the CFPB investigate whether the bureaus and furnisher complied with the FCRA and order deletion of any information that can not be verified, and provide remedies for FCRA violations.",Credit reporting
11132,"My Capital One Venture X card was closed overnight without explanation. I noticed when logging into Capital One that it said This account is Restricted. I called Capital One and they told me my account is in the process of being permanently closed. They refused to provide any information. I have not done anything to violate Capital One policy. They said a letter will be sent to the address on file, but Im not in the United States and therefore can not receive this letter. I was informed my {$390.00} annual fee will be refunded since it has not been 39 days since the fee was charged to my account ( XX/XX/XXXX ), but I did not receive my anniversary XXXX points, I have unused travel credit on capital one travel, and they informed me that they have redeemed my points for XXXX % of the value as statement credit, which I did not agree to. They couldve redeemed as cash back for travel purchases at a minimum since I have plenty of eligible travel purchases. I did some research and can see that this is not an isolated incident. Hundreds if not thousands of people have been the victim of capital one closing their cards without explanation, often just after the card anniversary and payment of annual fee. Before I get emotional and file a claim/arbitration or contact an attorney or investigative news outlet, I want a chance to speak with a member of the executive office of Capital One to confirm if this is a mistake and if my account can be reinstated and if all of the financial damage can be prevented. I find it beyond unreasonable that a credit card company would close a customers account overnight without any notice. I have never made a late payment and have never violated capital one policy.",Credit card
11139,"XXXX weeks ago I got a notice that my credit card account with Capital One had been restricted. I spoke with customer service and they said I needed to upload several documents to clear the restriction. I uploaded all of the documents as requested. The called me this week to notify me that ( a ) all documents were received ( b ) all documents were accepted and validated and ( c ) the case is now closed. 

However, the restriction was not removed. I spoke with customer support yesterday and they said "" The system isn't refreshing your case status. Please wait XXXX hours and call back if the restriction isn't removed. '' I called back today and was told, your case has been closed, but you need to submit the following documents. They gave me the same exact list of documents I already provided. 

What is really going on here is Capital One is currently offering a XXXX bonus mile promotion for new accounts. However, by restricting the account, you CAN'T USE IT, meaning you will NOT get the bonus miles. 

This is an unethical ploy to get people to signup for the card, use, then they restrict the account so ( a ) it accrues interest but ( b ) you don't get to use any benefits! 

I also asked them to escalate the issue to management, AND THEY REFUSED.",Credit card
11145,"I am writing because my Mortgage Servicer Ocwen reported a discharged amount to he IRS in the amount of {$22000.00}. They did not suffer a loss for this amount nor was my principal balance reduced by this amount after I completed a HAMP Loan modification in XX/XX/XXXX. I called Ocwen on XXXX/XXXX/XXXX and after spending 30 minutes on the phone the representative was unable to tell me why this amount was submitted and also confirmed that this amount does not reflect in my mortgage history. This is a huge error on their end and I can not file my federal income tax until it is resolved, otherwise the IRS will be looking to tax me on this amount as earned income which it obviously is not. I understand that during the course of the next 5 yrs there will be deferred interest and a principal reduction, however a loss can not be written off in advance prior to it happening. So Ocwen needs to either reduce my principal balance by {$22000.00} OR amend the XXXX and provide detailed information that reflects any loss they are reporting.",Mortgage
11146,"On XX/XX/2021, I made an ATM withdrawl. I requested {$200.00}, a mix of {$50.00} 's and {$20.00} 's. The machine dispensed two {$50.00} bills. Because the branch was not open yet, I called Wells Fargo and started a claim. The claim was denied. I then went into the branch and filed an "" escalated claim '', which was also denied.",Bank account or service
11152,"I leased a XXXX XXXX XXXX through VW Financial / VW Credit XXXX I have paid off the lease a month ago ( XX/XX/XXXX ) and I still haven't received my title. I have contacted the company multiple times since paying off the loan to check the status of title and every time they tell me a different time frame. Latest call was on XX/XX/XXXX and they told me there is no ETA for the title release. 
They keep making an excuse that they have a new title vendor because of which it's taking long and they are unable to provide any ETA since its a third party vendor. 
They do not provide any escalation reference number nor any email to confirm whether the request has been escalated or not. 
Rep that I spoke to on the phone on XX/XX/XXXX said that they haven't even sent out the titles for the payoffs that they received in XXXX. 
Please look at this request on priority as I am suffering a financial loss because of this issue. I am paying for the insurance for the car that I don't need and the car value is depreciating on a daily basis.",Consumer loan
11156,"As a result of the XXXX data breach I wanted to block credit inquiries to all three major credit reporting agencies - XXXX XXXX, and Experian. I could block credit inquiries with XXXX XXXX XXXX for free, but Experion required that I establish an account with them at a minimum of {$10.00} a month in order to block credit inquiries. I believe this places an undue burden on me. I am only trying to protect myself from fraud which might result from the XXXX data breach. It seems unreasonable that I have to pay to protect myself from potential identify theft. XXXX and XXXX offer this simple protection for free.",Credit reporting
11157,"I began a VA loan assumption with Mr. Cooper in XX/XX/. I was immediately aware of their advertised 4-6mo assumption process, but not aware this violated my rights under Regulation Z. They received all the required documents on XX/XX/XXXX. I received complete silence of any information or contact on their end. Over the course of the next month I called on average once a week and had to pry any information or timelines out of their customer service department. After taking it to their escalations department for a second time I was told I will be contacted by a loan officer on XX/XX/XXXX. This puts this above the 30 day ( 45, with notice of extension ) without any written ( email or otherwise ) notice from them. I will likely not have a loan estimate nor closing disclosures sent to me in the timeline required by the CFPB and have been forced to push the closing date to end of XXXX Furthermore, it is clear that Mr. Cooper has done everything in their power to dissuade their customers and borrowers from exercising their right of loan assumption. The examples I've ran into so far are : - Countless warnings of a 4-6 month process because they are "" backed up '' and have been since rates increased. 
- A false written statement in their assumptions package : "" Please be advised, the loan is not assumable according to the terms of the Note, if an unrelated third party is requesting to assume the debt. '' ( see 1st page, end of paragraph 2, on attached ) - Their escalations department stating my rights are not protected under the CFPB when attempting a credit qualifying assumption. 
- A complete lack of communication on documents needed and timelines for contact or next steps.",Mortgage
11171,"The company closed my account without proper authorization. I cancelled XXXX payments which were made in error, as bank made the stop payment this company automatically closed my account leaving it open with high interest rates that should have been removed once the account was placed in a payment plan. THE COMPANY IS CHARGING LATE FEES AFTER RECEIVING PAYMENTS .The company is also falsifying information to the credit report ( CFPB COMPLAINT ID XXXX )",Bank account or service
11187,"My personal checking account with JPMorgan Chase Bank was closed without a clear or accurate explanation, and I am now being denied the ability to open a new account, contrary to what was stated in their initial letter. 

Details : On XX/XX/year>, Chase mailed me a letter stating that my account had been closed due to multiple instances of the account going negative. The letter also stated that I was still eligible to open another account in the future. 

On XX/XX/year>, I called Chase customer service to request clarification. I was referred to a local branch. 

On XX/XX/year>, I visited a Chase branch. The associate banker informed me that Chase does not close accounts for being negative and speculated that it may have been due to suspected fraud, possibly check fraud. I explained that : I have never deposited a check into my account only cash.

The only fraudulent activity was unauthorized use of my debit card by third parties ( I was the victim, not the perpetrator ).

The banker told me the closure decision was irreversible, and I was given no additional information. I have now been told I can not open a new account with Chase even though their original letter said I could. 

I have not received any adverse action notice or clear reason for the closure or denial of a new account.",Bank account or service
11189,On XXXX the XXXX XXXX I switch services from XXXX XXXX to XXXX I called XXXX XXXX to let them know to cancel my services the lady on the phone stated that she ca n't cancel she can only suspend the account because they show that XXXX is trying to transfer my number to my XXXX phone. I told her that that should not show because I am keeping the phone number assigned from XXXX. I ask her since she could n't cancel only suspend the account will I continue to get charged. She answered no. So I said ok waiting for my final bill. Since then I receive three different bills from XXXX XXXX with different amounts. One dated XXXX XXXX XXXX for XXXX. Then I got a collection letter from convergent dated XXXX which I did n't receive until XXXX XXXX XXXX showing a balance of XXXX. Then I received another bill from XXXX claiming i now owe XXXX. My account should have been cancelled when i called and told them i switched to XXXX that was in the beginning of XXXX. So why ido i have all of these different amounts. This account is in dispute until XXXX  can explain why i was still getting charged for services that u should have canceled immediately when i called.,Debt collection
11202,"I have a cashiers check mailed out to me in XXXX and I never received it, I was told originally that the check would be mailed out in Mid XXXX of XXXX XXXX  and then the XXXX. After not being mailed out in XXXX I filed a declaration of loss form and the case was said to be resolved on the XXXX. The cashiers check is still not created, I requested expedited shipping and I need the money urgently due to facing eviction",Bank account or service
11203,"Capital one credit card reported that there was no payment on my credit card in XX/XX/XXXX quick Silver ending in XXXX My Capital One 360 representative told me that this was not correct that in fact I paid {$100.00} in XX/XX/XXXX and XXXX the previous month and the money was sent back to my account because an employee made an error in blocking my checking account without my authorization* Eventually the block was lifted and the payment was made without me knowing anything about it the circumstances surrounding this issue* The bank reported me late twice to the 4 credit bureaus on this card even though they knew it was wrong to do so* Capital recanted the fact that I didn't pay them on time but refuses to communicate with the 4 credit bureaus to fix my credit report* This is wrong because Capital one stated to me "" You need to fix your own credit '' "" You need to dispute this situation and then we will correct it "" I believe that since they reported and caused the situation of damage to my credit score they should correct what they did wrong '' Even though I have told them Im XXXX they don't seem to care much about the stress and damage that this has cost me with my XXXX XXXX",Credit reporting
11214,"I am invoking my right to a formal procedural request under FCRA Section 611 and demanding a Declaration of Data Integrity for my entire credit file. The recent illegal re-insertion of XXXX XXXX accounts XXXX XXXX XXXX XXXX XXXX XXXX XXXX demonstrates your systems are compromised and can not be trusted. 

This is not a simple dispute- this is a formal demand for complete transparency and validation of your entire data ecosystem as it pertains to me. 

VIOLATION OF 15 U.S.C. 1681i ( a ) ( 7 ) - MOV FAILURE You have consistently failed to provide any meaningful Method of Verification for disputed items. The "" re-verification '' that led to illegal re-insertion was clearly fraudulent. 

VIOLATION OF FCRA SECTION 611 & 607 ( b ) - DATA INTEGRITY FAILURE Your systems can not distinguish between verified and unverified data. The re-insertion proves your entire data management framework is fundamentally broken. 

VIOLATION OF UCC ARTICLE 3 - NEGOTIABLE INSTRUMENT DEMAND For any alleged debt to be legally enforceable, the furnisher must possess valid negotiable instruments. I demand proof they exist. 

PRECEDENTS SUPPORTING THIS NUCLEAR APPROACH : In XXXX XXXX XXXX, the court eviscerated the "" mere furnisher reliance '' defense and demanded actual documentation to verify debts. 

In XXXX XXXX XXXX XXXX XXXX, the court annihilated the debt buyer 's entire business model by requiring original account documentation that simply didn't exist.",Credit reporting
11218,"This complaint is against the XXXX process for Hurricane damage. After waiting nearly 2 years for a settlement on the insurance claim, a check was sent in and the process with XXXX  began. After reviewing other complaints it has become apparent that this companies tactics are deliberate and they deliberately delay the payment of partial if not all of the payouts to begin repairs. After many phone calls I continue to receive the same answer of "" oh but we need such a document '' then 2-4 days a check. Another call results in "" oh but we need this document '' then 2-4 days and a check. When is someone going to audit these people and clear this up. Do you not care about the consumers.",Mortgage
11224,"I am filing a complaint against Cash App ( Block , Inc. ) due to inadequate customer service and unfair practices, which violate the Customer Financial Protection Act ( CFPA ). Specifically, Cash App failed to take timely and effective measures to prevent and address fraud on their platform, leaving my account vulnerable and unprotected. Furthermore, their dispute resolution process was unfair and deceptive, as they did not comply with error resolution requirements under the Electronic Fund Transfer Act ( EFTA ) and XXXX XXXX These actions have caused significant inconvenience and financial loss, and I seek appropriate redress for these violations.",Money transfer or service
11229,On XX/XX/XXXX I received a zombie debt letter from XX/XX/XXXX that had been paid in XX/XX/XXXX from XXXX XXXX XXXX XXXX that i owed a debt to them in the amount of {$590.00} from XX/XX/XXXX for court costs. The original court had been paid and i do NOT owe this debt and will not pay these people that i do not owe! This letter is threatening me if i do not pay them that i will get a warrant and lose my license. I wish to proceed to legal advice after i write this letter as i will no tolerate threatening letters from a debt collector that i do not owe and old zombie debt from 8 years ago.,Debt collection
11230,On XX/XX/25 i send XXXXXXXX XXXX  from XXXX to XXXX. According to contract and term & conditions they have to keep money XXXX until XXXX XXXX. But on XX/XX/25 they cancelled transaction and made unauthtorized refund. They say apologize and gave only XXXXXXXX XXXX compensation,Money transfer or service
11237,I want to file a complaint against this collection agency. Account Corp of Southern Nevada. In the current amount of {$1700.00}. The original balance was {$1000.00}. My insurance has paid this original debt. I want them to stop all collection and garnishment. I do not owe this debt and no amount of harassment will make me pay it.,Debt collection
11239,OCWEN is violating the terms of their Consent Judgement in regards to my mortgage account. I am submitting this to you to have as record of my issues. I am seeking relief and requesting the Monitoring Committee established by the Judgement will take enforcement action against OCWEN and hold them accountable to the Judgement.,Mortgage
11240,"The original debt of {$16000.00} # XXXX with original creditor XXXX currently held by collection agency "" Portfolio Recovery Associates '' WITH XXXX ACCOUNT NUMBERS WITH THEM # XXXX & # XXXX for the THIS EXACT SAME DEBT is time barred meaning the California statue of limitations has more than exceeded ( over XXXX-years ) the time to collect and or sue for. The problem is also that this same debt When I called them up to tell them this that 's the first thing they tell me at the beginning of the phone call meaning that this debt has far exceeded the time to sue and is time barred however when I tell them "" Portfolio Recovery Associates '' this they tell me they ca n't remove this from credit report as money still owed to them. I then proceeded to call XXXX credit reporting agency at ( XXXX ) XXXX directly and they did indeed tell me that this debt has been long last the ( XXXX ) year California time statue and is time barred and they immediately removed this from the XXXX credit report. I want to make sure though that they "" Portfolio Recovery Associates '' also acknowledge that they HAVE XXXX ACCOUNT NUMBERS ( mentioned above ) that pertain to the same and ONLY DEBT OF {$16000.00} and that they will indeed remove these XXXX NEGATIVE AMOUNTS from NOT ONLY FROM THE XXXX CREDIT REPORTING AGENCY BUT TO ALL OTHER CREDIT REPORTING AGENCIES AS WELL. You can call and confirm with XXXX Credit Reporting Agency as well that this DEBT "" Portfolio Recovery Associates '' is indeed time barred and last the California time statue of ( XXXX ) years. XXXX says they have removed this debt as of XXXX/XXXX/15 but want to confirm that BOTH ACCOUNT NUMBERS ( listed above ) FOR THE SAME DEBT ( {$16000.00} ) WITH THIS COLLECTION AGENCY "" Portfolio Recovery Associates '' will be REMOVED and NOT JUST THE XXXX ACCOUNT NUMBER.",Debt collection
11242,"New married name : XXXX XXXX XXXX ( formerly XXXX ) My loans are due the XXXX of each month. I generally send a paper check but on XX/XX/XXXX for that month, I had a phone transaction go through and hung up. TWO weeks later, MOHELA ( yes, them ) said that my phone payment didn't go through and that I was LATE. So I sent them a paper check # XXXX which they cashed on XX/XX/XXXX. XXXX payment : I sent in mail check on XX/XX/XXXX; they cashed that check on XX/XX/XXXX but are now STILL telling me they DIDNT GET IT. Even though they cashed it. I was asked to send bank documentation but THATS NOT MY JOB ( although I did request copy of canceled check from XXXX XXXX XXXX XXXX XXXX- which should not happen ). They keep saying I'm late to pay ( IM NEVER EVER LATE ON STUDent LOAN PAYMENTS! ) and as an XXXX person, Its really getting my down to the point that I want to hire a lawyer. GET THEM OFF ME! I can not imagine Mohela getting any worse with their egregious abuse of power and trust regarding student loans. Their incompetence and blame shifting has reached a new high.",Consumer loan
11258,"My account was wrongfully flagged for bad activity, when no one else has ever used my account. After providing documentation, they still chose to close my account, locking my money inside. There is no way to contact support.",Bank account or service
11261,I visit www.annualcreditreport.com I put my info in and it time me out when I went back to get my free credit report it said i already recived my 1 free credit report and I tried to get it when it timed out with out giving it to me!!!,Credit reporting
11263,"We applied for a line of credit with XXXX XXXX through Synchrony Bank and was given a credit limit of {$1000.00} for use at the Emergency XXXX clinic. We were experiencing a life-threatening emergency and half of the amount was used that same evening of approval. When our XXXX was being admitted for XXXX the very next day, the remaining amount mysteriously became unavailable for use, and we were counting on using that amount coupled with some of our own funds for the admittance. The clinic wasn't asking for any more than what was already pre-approved and available ( {$500.00} ). The amount of time spent with the finance coordinator at the animal hospital going through extra, unnecessary verifications was astounding and embarrassing with her commenting she had experienced this before. I wasn't given a reason for the stop on the card as it had been established there was no fraud alert. Though Synchrony tried to say the merchant didn't accept XXXX XXXX the merchant is in partnership for there were signs all over the clinic floor accepting XXXX XXXX as payment and the clinic has access to their system to confirm credit limits and available funds. There we were trying to get our pet the XXXX she so desperately needed and the pre-approved funds were all of a sudden made inaccessible with no explanation whatsoever. This caused severe stress as we weren't certain whether or not she could be admitted and the alternative was absolutely heartbreaking.",Credit card
11265,"Wells Fargo opened multiple checking, savings account, credit card, or line of credit under my name without my consent, or submitted an application for a checking or savings account, credit card, or line of credit without my consent. I opened a checking na account for the first time on XX/XX/year>. Being a XXXX underage, inexperienced person, they took advantage of me. They took every penny I had. I worked at XXXX, and was dealing with my parent 's divorce, Wells Fargo had to add on and take every penny I had under these illegal unauthorized accounts. As a Wells Fargo consumer who was immensely abused by the tactics Wells Fargo used, I demand a compensation. Wells Fargo assessed fees for Overdrafts on consumer debit card purchases and ATM withdrawals at the time that the transaction settled, even if I had enough funds available in their account to cover the amount of the transaction at the time, they made it ( transaction authorization ). Overdraft fees charged debit card purchases and ATM withdrawals as Authorized-Positive Overdraft Fees. I have additional documents to provide showing proof of fraud committed by Wells Fargo.",Bank account or service
11266,"IC collection company drop 30 points in my credit report for a debt not owned from me, they not want to shoe me the contact I call them so many times to fix the problem and remove the collection from my credit repot and they dont give any answer. Please some body have to do something to this abusers.",Debt collection
11270,"TransUnion is allowing the collection account, XXXX XXXX XXXX, XXXX XXXX XXXX XXXX  XXXX XXXX, to be re-aged to look more recent and therefore stay on my credit report longer than it is supposed to. 
My TransUnion credit report says the account XXXX XXXX XXXX XXXX XXXX XXXX XXXX  XXXX XXXX {$1600.00} was opened XX/XX/XXXX. 
Enclosed are 3 collection letters from when the account first became delinquent in XXXX of XXXX. This account was never brought to current. .I have enclosed monthly statements from the original creditor XXXX showing delinquency as far back as XX/XX/XXXX and remaining delinquent. I have disputed this account with TransUnion before and they always say it's accurate. It is older than being reported and is wrong.",Credit reporting
11271,Paypal somehow lost the link to my bank. Then they projected 5 days out so I asked for reversal. All I got was automated messages thanking me for my patience. When I complained online they circled the wagons. A XXXX complaint got my projected date pushed back further,Money transfer or service
11276,"XXXX  XXXX XXXX randomly shut off my access to this account and requested a copy of my ID to verify my identity. I sent them a copy of my ID, but they then closed my account. I had a XXXX balance when I last had access to the card. I do not recognize the balance they are reporting nor have I ever been late on a payment on this account. They are reporting me 60 days past due and decimating my credit score and report. They are unwilling to work with me and I have no other recourse to get this negative and false reporting removed.",Bank account or service
11279,"On XX/XX/XXXX, I used my Chase credit card and the charge was declined. I immediately called Chase to ask why this happened and they said they have no info to give me over the phone and that I should expect to receive a letter from Chase. Thereafter, I received a letter dated XX/XX/XXXX20 stating only "" We have decided to close your accounts. After a recent review of your accounts, we have decided to end our relationship with you. '' I called the number on the letter XXXX to inquire about the account and reached the Compliance Dept. They recited to me "" we reviewed your account and determined that we can not maintain your account ; and as a result, made a final decision to close your account. '' That was it!! The Chase representative said he had no other details on our account and can not direct me to any other depts at Chase for me to speak to. Chase unilaterally closed our bank accounts without giving an explanation. Also, when I went to another bank to open a new account, that Bank opened a new account and closed my account the next day. Apparently, Chase closed our account and presumably reported the closure on check reporting companies so that we can not bank elsewhere. Also, I tried to open a new credit card and got denied with a credit score of XXXX?! I also had high balances in both my personal checking and savings accounts with no overdrafts, etc. I need ANSWERS!",Bank account or service
11282,False information or misleading upon real time costumer service representative that werent available or at all real people at times of need to fulfill requests to have a transaction reviewed or disputed etc.,Bank account or service
11283,"XXXX charges made to my credit card - Barclays XXXX XX/XX/XXXX - XXXX XXXX, XXXX PA {$1000.00} XXXX XXXX XXXX XXXX XXXX XXXXXXXX PA {$1400.00} XXXX XXXX XXXX XXXX XXXXXXXX PA {$1200.00} XXXX XXXX XXXX XXXX XXXX - XXXX CA {$92.00} Was notified via alert of potential fraud activity from CC company, called company on XX/XX/XXXX and confirmed these XXXX charges were not made by myself or the other authorized user. Card was reported and closed for Fraud. Card has been in my possession entire time. 
Investigation was opened and XXXX charges were reversed. 
XX/XX/XXXX XXXX charges were put back through account. 
No action was taken on XXXX XXXX charges. 
XX/XX/XXXX noted charges were on account again, called CC company, was advised that investigation was completed and charges found to be valid. 
Told representative that the charges were not made by account owner/auth rep. CC company reopened the case. 
XX/XX/XXXX XXXX XXXX purchase was reversed but later in day email was received advising that the charge was valid. 
No additional reversals have been made to the XXXX charges. 
Called XXXX, they were unable to provide any detail over the phone. 
Will be filing a police report at my local police station and am continuing to deal with CC Company.",Credit card
11287,"I have been sending letters to all 3 credit bureaus including you about fraudulent accounts. No one hears me when I say delete these accounts off my credit report immediately. This is XXXX submitting this report. Your company is in clear violation of the law. Under 15 USC 1681b - permissible purpose of consumer reports, THE LAW CLEARLY STATES : ( b ) IN GENERAL Subject to subsection ( c ) any consumer reporting agency may furnish a consumer report under the following circumstances and no other : ( 2 ) In accordance with the written instructions of the consumer to whom it relates. Did I give you written instructions to furnish this on my credit report? Furthermore, the FAIR CREDIT REPORTING ACT 15 USC 1681 ( 2 ) ( a ) ( i )",Credit reporting
11290,"XXXX XXXX has sold my debt, or has hired, Direct Recovery Services. This collection company has been contacting one of my co-workers at my place of employment. I am not sure how they got his contact information. They are the type that call from different phone numbers. Today I called them back on the number that they left on my co-workers ' voice mail : XXXX XXXX XXXX XXXX. I told them that they were contacting a third party about this debt and requested that they remove his phone number from their system and also asked them to stop contacting me at work. The other number that they have left on my co-workers voicemail before is XXXX XXXX XXXX XXXX.",Debt collection
11293,"I am requesting that the bank : - Conduct a complete investigation into the disappearance of my restricted account and all related records. - Locate the account or provide a full written accounting of what happened to it, including any transfers, closures, distributions, or other activity. - Comply with the existing court order directing the release of the funds if the account is located. - Preserve and produce all available records, including archived records, account history, internal notes, correspondence, and documents related to the account. - Explain why the account was initially located using my mother 's Social Security number but could no longer be located after I obtained the required court order. - Investigate whether any errors, negligence, unauthorized transactions, or misconduct contributed to the disappearance of the account. - Take any corrective action necessary to restore my rights, compensate me for any losses if the funds can not be recovered, and ensure compliance with all applicable legal obligations.",Bank account or service
11294,"I sold a laptop on XXXX a person purchased it I got paid for it through PayPal the buyer opened a case against me for not receiving the item, the package was tracked and proven to be delivered case was closed in my favor and money freed up taken out by me I reported the buyer as suspicious because of the outlandish request of item not received and the world ending if he doesnt get paid, very suspicious, two days later buyer opens another case start he wants refund because item was not as listed listed as XXXX XXXX but it was XXXX XXXX I proved easily through listing pics that it clearly shows XXXX XXXX once again a bogus claim by a suspicious buyer, XXXX then sends me a email to send the buyer a return label I stated that I was not due to suspicious request and my case closed and reporting the buyer as a scammer XXXX them just debits my account and tries to take my money back without a resolution or at my request now my account is negative and they are want my money NOT FAIR OR LEGAL",Money transfer or service
11296,"I was notified by XXXX XXXX XXXX XXXX that I was required to take my required minimum distribution on my IRA. I sent the RMD forms in ( see attached ) letter and required forms. XXXX XXXX informed me that the money was sent EFT to Truist Bank. After waiting the required time line of 3 days the money had not shown up in my account. I contacted Truist Bank and they informed me that they had not received the funds from XXXX XXXX XXXX stated to me and to Truist the money had been sent.After numerous calls to Truist this matter has not been resolved. Truist is standing by that they never received the money. It is though Truist is making know effort to tract this transaction. Please review and advise. 

Respectfully, XXXX XXXX @ XXXX email XXXX XXXX",Money transfer or service
11300,"I opened a Crypto.com account in XXXX of XXXX. I purchased about {$900.00} of Shiba Inu that day or the next. Sometime in XXXX of XXXX, I wanted to see how it was doing so, I tried to log into my account but, I'd forgotten passcode. I emailed Crypto.com to change my passcode and they informed me that I needed to provide the phone number that I used to open said account in order to change it. I told them that I've since changed numbers so, I know longer have that number. They asked me to provide them w/a picture of my drivers license, a picture of me holding a piece of paper and a picture w/my elbow clearly showing me holding the paper, which was to display my full name, the days date and the code being sent to my email. I did what was asked of me but, they said they never received either the picture of my drivers license or the paper w/the info displayed. This went on for approximately 2 weeks! I had about 4 different employees respond to my emails saying they were sorry for the mix up but, they needed all the info to be provided again. I gave up trying to after my last, "" I'll be happy to help you if you'd provide the following information. '' Please help me because I'm at my wit 's end! Thank you in advance for your cooperation.",Money transfer or service
11306,"I submitted a complaint on XX/XX/XXXX regarding a recast from Ocwen Loan servicing. The case # is XXXX. I received the modification agreement on XXXX XXXX, 2016. Ocwen lowered my payments for only nine months & it will return back to the amount I am paying now. As I explained in my last letter, This modification was suppose to take place months ago and Ocwen is just modifying my loan and cheating me with this bogus Modifcation. My first modification should begin XXXX through XXXX. Please research.",Mortgage
11308,"Someone opened a Discover card and a XXXX XXXX in my name without my consent. I suspect I am a victim of identity theft. I made an attempt to contact the creditor, and they have informed me that they are not aware of the situation. However, the three credit bureaus assert that the creditor has confirmed the debt belongs to me, creating a dispute between the parties. I have made every effort within my means to address this matter.",Credit card
11312,"Subject : Mortgage Servicer System Error Resulting in Missed Payments, Penalties, and Credit Damage Complaint Summary : I am reporting a serious issue with my mortgage servicers auto-payment system that resulted in missed payments, financial penalties, and damage to my credit scoredespite my consistent efforts to pay on time. 
I had automatic monthly mortgage payments set up through my checking account. From XXXX through XX/XX/year>, payments of {$3800.00} were successfully deducted. On XX/XX/XXXX, the payment amount was supposed to adjust to {$3100.00} due to a loan recast. However, despite the auto-payment remaining active, no deductions occurred in XXXX, XXXX, or XXXX. 
I was not notified until XXXX that XXXX payments were missed. I was forced to make a lump-sum payment of $ XXXXincluding penaltiesto avoid further damage. Even after paying, I continued receiving statements claiming I still owed the XXXX payment. 
Additionally, my loan activity shows the XXXX payment was reverted on XX/XX/XXXX, yet my bank statement confirms the funds were deducted and never returned. I have not received a refund or explanation for this discrepancy. 
Attempts to resolve the issue with customer service were unsuccessful. Representatives were unaware of the problem and insisted I pay to clear the account. I was penalized for a system failure that was not my fault, and my credit score has suffered as a result.",Bank account or service
11319,"I accepted credit card payments through Square and they deposited the net proceeds into my bank account. I do business in XXXX XXXX, FL. Without my authorization, they issued a digital account and authorized fraudulent charges is another city. They mailed a physical card to another city, XXXX, Texas. I discovered the fraud when they did not deposit two transactions into my business checking account from : XX/XX/21 {$60.00} gross XX/XX/21 {$220.00} gross I have contacted them five times without response. They say that they stopped the physical card and closed the virtual account.",Bank account or service
11325,"In XX/XX/2023, my vehicle was broken into, and my wallet, containing vital personal items including my bank card, was stolen. Subsequently, I promptly notified them to request a replacement card. Despite numerous attempts over the past twelve months, I have yet to receive a replacement card. Every time I reached out, I was met with excuses regarding delayed shipments and my address always being input incorrectly because I have an accent and speech impediment that makes it hard to understand me. 
Throughout this ordeal, my account has been subjected to wrongful imposition of interest charges and late fees, despite my consistent efforts to address the situation and pay off my actual balance. Despite my attempts to rectify these erroneous charges, the company has persisted in its unjust actions, further exacerbating my financial distress. To make matters worse, my account was abruptly closed without prior notice, and I have been unfairly subjected to negative reports on my credit history for non-payment of a card that was never issued to me.",Bank account or service
11354,"I am writing to formally express my concerns regarding Zelles handling of disputes, particularly in light of recent CFPB lawsuit highlighting significant issues with the platform. Despite using Zelle numerous times and reporting discrepancies, my financial institution and Zelle failed to investigate my claims adequately. They informed me that recovering lost funds was impossible and that tracking these transactions was unfeasible. The CFPBs findings indicate that Zelle not only has neglected to protect customers but has allowed repeat offenders to exploit the system leaving users vulnerable to scams. This lack of accountability is unacceptable and raises serious concerns about consumer safety",Money transfer or service
11359,They closed my account. I tried to prove my identity and they still closed it. Chime banking account is the account they closed. I would like my money back and say forget that banking account they're screwy...,Bank account or service
11361,"XXXX XXXX XXXX XXXX XXXX XXXX XXXX XXXX XXXX XXXX XXXX XXXXXX/XX/year> VIA CERTIFIED MAIL AND EMAIL Jefferson Capital Llc [ Address ] [ City, State, ZIP Code ] RE : CEASE AND DESIST DEBT COLLECTION COMMUNICATIONS Account Number : [ XXXX, if applicable ] To Whom It May Concern : Pursuant to my rights under the Fair Debt Collection Practices Act ( 15 U.S.C. 1692c ( c ) ), this letter serves as formal notice that you are hereby directed to cease and desist all communication with me regarding the above-referenced account.

This includes, but is not limited to, communication by telephone, email, text message, mail, or through third parties. You may only contact me to confirm that you will comply with this request or to notify me of specific legal action being taken, if any.

Any further communication from your company that does not fall within these limited exceptions will be documented as a violation of federal law and may result in formal complaints to the Consumer Financial Protection Bureau ( CFPB ), the Federal Trade Commission ( FTC ), and the Office of the State Attorney General, as well as potential legal action.

This notice is not an acknowledgment of the validity of the alleged debt, nor is it a refusal to pay. All rights are expressly reserved. 

Please govern yourselves accordingly. 

Sincerely, XXXX XXXX",Debt collection
11363,"I am filing a complaint against XXXX XXXX XXXX for fraudulent account reporting, as well as inaccurate, excessive, and harassing credit reporting practices in violation of the Fair Credit Reporting Act. Inconsistently Reporting Across Bureaus The account appears open with TransUnion, but closed with Experian and Equifax this inconsistency creates confusion and unfair damage to my credit. 
The last active date varies across reports : TransUnion : XX/XX/XXXX Experian : XX/XX/XXXX Equifax : XX/XX/XXXX Excessive Reporting with No New Information The agency has updated the account multiple times per month, even when no payments or balance changes have occurred. 
These repeated updates appear designed to keep the account appearing fresh and cause ongoing credit harm, which I believe qualifies as harassment or abuse under the spirit of the Fair credit report act. 
Potential Re-Aging There is concern that the date of last activity is being altered to extend the time the account remains on my report, which is prohibited under the FCRA.",Credit reporting
11369,"I opened an XXXX Mileage credit card issued by BankofAmerica on XX/XX/XXXX. The welcome bonus is XXXX miles + {$100.00} credit after {$1000.00} spending in the first 3 months. I checked with the customer service on XX/XX/XXXX and the CSR told me that I met the spending requirement and the bonus should be posted in 1-2 billing cycles. The CSR also help deal with some wrong fee charges. I also checked that the total charge on my account since XX/XX/XXXX is over {$1000.00} and I think I am good to go. However, I checked with customer service earlier today to see the status of my bonus and was told that I did n't meet the spending requirement and the info provided to me last time is wrong. The difference is from the annual fee charge and it does not count towards the spending requirement. While I agree with that, I find it not acceptable for the CSR to provide me misleading information in the first call and the wrong information caused my failure to meet the spending requirement in time ( I have another few days to meet the spending requirement if I was told the correct information during the first call ).",Credit card
11370,"Total loss on the vehicle XX/XX/XXXX. Process getting loan paid in full was completed on XX/XX/XXXX. The account has a {$610.00} overage because we kept making payments from the time of the accident to the closing of the account. TD Autofinance indicates overage are returned within 30 days of closing the account. As of today ( XXXX ) we have not received a refund. We have contacted TD Autofinance several times by email and phone ; they either promise to take care or just reply with some scripted answer that got nothing to do with the refund. On XX/XX/XXXX we spoke with them on the phone ; they said "" your check was mailed already on XX/XX/XXXX, you should be about to get it ''. However, on XX/XX/XXXX they reply to an email sent prior to the call ; it indicated account was being sent to their cashier department for them to issue a payment.",Consumer loan
11372,"Hello, I am writing in regards to my relia card through US Bank. 
When I was first approved for my unemployment I was unaware that the pre paid card would look like a solicitation in the mail and I threw away my card. Once i saw on the unemployment site to look out for this card after I received it and threw it away I switched my method of payment to direct deposit. The paid to date number for my unemployment is one payment short. This was the first payment and I believe it's on the relia card. 
I've been calling the customer service number for card holders almost six hours a day for a week. They will not answer and its impossible to get a hold of them. 

Thank you",Bank account or service
11376,"I XXXX XXXX XXXX, Was victimized by Evergreen home loans, XXXX WA on XX/XX/2022 and XX/XX/2022. 

This company without my consent hired a third party to ran two separate hard inquires on my credit. 
Causing credit damages, possible loan restrictions and risk of personal information being sold /lost to the enemies of the state by unauthorized credit handling. 

Tried numerous times to with Evergreens home loans, their response was that my credit was so low that it wouldn't matter if they had it ran twice. 
I agree, Have a little work to do. 
My personal credit is not for them not to exploit in any manner, verbally or physically.",Mortgage
11395,"I had two disputes through chime for unauthorized transactions, The first one being On XX/XX/XXXX in the amount of XXXX which is a chargeback because I paid paid for a service I did not get. They have denied my claim 2 times. I have provided all necessary documents including a tracking number for the money that was refunded to XXXX from the hotel. On XX/XX/XXXX the money was sent back to chime. Per there policy a dispute can take up to 30 days. My claim was denied for reason I do not know, but the money was refunded and I was denied. My second dispute is unauthorized transaction that chime told me to dispute for XXXX. Ranging from a multitude of transaction and I was denied twice. I want my money deposited back in my account please.",Bank account or service
11399,"Contacted Military Star at number listed on statement ( XXXX ) to inform them that the online portal was not allowing me to submit payment. The representative informed me that this function will continue to be disabled until I make six consecutive payments. Military Star has sent letters to my Commander in the past and on the statement dated XXXX XX/XX/XXXX threatens to do so again : "" If the payment is not received by the due date, we may request involuntary collection for the maximum deduction allowable from either your Military, Retired or Civilian pay in accordance with applicable law. Prior to involuntary collection, we are required to notify your Unit Commander. To prevent a notice, you must pay the past due balance on or before XXXX XX/XX/XXXX. If you are separating from the Military, we  may collect any remaining portion of the debt from your final pay and allowances. '' XXXX XXXX XXXX XXXX used these same practices and was held responsible in XX/XX/XXXX.",Debt collection
11402,I am writing to file a complaint against navy federal credit union regarding multiple overdraft fees i have incurred despite having sufficient funds when transactions have been authorized. I was charged fees due to credits. This issue aligns with the recent CFPB findings against Navy Federal for similar practices where transactions settled with insufficient balances despite initially available funds. I believe these practices are unfair and request an investigation into my account transactions.,Bank account or service
11411,"I am writing regarding issues with the verification of my credit file. I was previously XXXX, and since my release, I have encountered difficulties verifying my phone number and address when applying for services to rebuild my life. 

I would like to confirm that I have lived at my current address for the past five years and have used the same phone number for that same period. Please ensure that this information is properly reflected and notated in your records. If possible, I kindly request that this information be backdated to accurately reflect my history. 

Thank you for your attention to this matter.",Credit reporting
11428,"I am writing to formally express my concerns regarding Zelles handling of disputes, particularly in light of the recent CFPB lawsuit highlighting significant issues with the platform. Despite using Zelle numerous times and reporting discrepancies, my financial institution and Zelle failed to investigate my claims inadequately. They informed me that recovering loss funds was impossible and tracking these transactions was infeasible. The CFPBs findings indicate that Zelle has not only neglected to protect customers but has also allowed repeat offenders to exploit the system, leaving users vulnerable to scams. This lack of accountability and transparency is unacceptable and raises serious concerns about customer safety.",Money transfer or service
11431,"On XX/XX/XXXX ( Dispute # XXXX ) I submitted a dispute for the following inquiries on my credit report. 
( XXXX XX/XX/XXXX ) ( XXXX, XXXX XX/XX/XXXX ) ( XXXX XX/XX/XXXX ) ( XXXX XXXX XXXX, XXXX ) Equifax completed the dispute in less than XXXX without a full or fair investigation. Nor did they provide proof that these inquiries belonged to me. Equifax did not follow the rules under theFair Credit Reporting Act, the information provider has 30 days to report back to the credit bureau with proof that I authorized the credit inquiry. Also, in accordance with the Fair Credit Reporting Act Section 611 ( 15 U.S.C. 1681I ).",Credit reporting
11437,I've tried to dispute a XXXX account that a fraudulent account because I was in XXXX also a account with XXXX XXXX  and also all those inquiries on my credit reports that it wasn't me can you please help get that all deleted from my credit reports and I can't seem to update my phone number for the ID theft to not issue any more credit unless I'm contacted first thanks please help,Credit reporting
11449,"Under 15 USC 1681i ( a ) ( 1 ) ( A ) subject to subsection ( f ) and except as provided in subsection ( g ), If the completeness or accuracy of any item of information contained in a consumer 's file at a consumer reporting agency is disputed by the consumer and the consumer notifies the agency directly or indirectly through a reseller, of such dispute, the agency shall, free of charge, conduct a reasonable reinvestigation to determine whether the disputed information is inaccurate and record the current status of the disputed information, or delete the item from the file in accordance with paragraph ( 5 ), before the end of the 30-day period beginning on the date on which the agency receives the notice of the dispute from the consumer or reseller.

Account name : XXXX  XXXX Account Number : XXXX Account name : XXXX Account Number : XXXX Account name : XXXX XXXX Account Number : XXXX",Credit reporting
11450,I recently applied for a Total Rewards Visa credit account through XXXX XXXX. I have a credit score of XXXX as was stated in my denial letter dated XX/XX/2018. I believe the decision to denial my application is discriminatory in nature. Application number : XXXX. Total Rewards # XXXX.,Credit reporting
11451,"Attempted to access the company website multiple times during the week of XX/XX/23 to view my mortgage loan and make my monthly payment but their website is not working. On XX/XX/23, I attempted to call the company but the phone number is no longer working. As of this e-mail there has been no communication from the company advising of any issues. It is unknown if this company is still in business or what is happening with my mortgage. 

Also, the company never sent out an Escrow Analysis Statement for this year explaining an increase in my mortgage payment which I know they are legally obligated to do. My payment increase goes into effect on my XX/XX/23 payment but again, no statement received explaining this increase.",Mortgage
11470,"USA Service Finance, LLC engaged in predatory and deceptive practices during the time at which I was allegedly one of their customers. USA Service Finance, LLC is attempting to collect an alleged debt outside of the terms of the alleged agreement, as it pertains to interest rate, and has been unable to furnish this alleged agreement between myself and their subpar organization. USA Service Finance , LLC is also in violation of regulation V, which implements the Fair Credit Reporting Act, because it never established, reviewed, or updated any written policies or procedures regarding the accuracy and integrity of the consumer information it furnished to consumer reporting agencies. USA Service Finance , LLC, has also attempted to re-age the alleged debt by superseding the alleged originating date of delinquency by reporting a closed date of a mere three years ago. Lastly, USA Service Finance , LLC has failed to provide me written notice of my right to dispute.",Credit reporting
11479,"I sold a car on XXXX. Received payment through cashiers check for {$2500.00}. I deposited the check through the mobile application on Monday XX/XX/20 and the funds all cleared within 36hours. Shortly after the funds cleared and I began to close the sale, the buyer called to back out of the sale citing family turmoil XX/XX/20. I was pressured into sending the funds via XXXX/XXXX XXXX. I didnt think anything about it because my bank cleared the funds. I made three transfers on Wednesday the XXXX : 1. XXXX {$500.00}, 2. XXXX {$1500.00}, 3. XXXX {$500.00}. After I returned the money, my checking account reflected the normal amount before the check had been deposited. Thursday the XXXX I went to buy food and my debit card was declined. I called the bank and was notified that the check I deposited was reported stolen and that the funds would be replaced. On Friday XX/XX/XXXX, my direct deposit from work came in and my account was still negative. I called Citibank and they notified me that I would be responsible for the fraudulent funds I transferred out and that they are not responsible for any checks deposited. I argued that I did not know that the check was fraudulent and that the funds cleared in my account. Furthermore, I would not have authorized the transfers through XXXX/XXXX  had I known that the funds were fraudulent. I spoke to several supervisors and they all told me that because I authorized the transfers from my account that I was solely responsible for the fraud and that they would not be able to credit my account for the stolen funds. They said that the check was cleared at first in good faith, and only after the return transfers were made was when the check was flagged as stolen. I am left to assume the risk and liability of the entire thing. I filed a police report and also contacted the federal trade commission.",Bank account or service
11480,"On XX/XX/2022 I sent a certified, return receipt requested cease and desist letter to Portfolio Recovery regarding this debt which falls into the Statue of Limitations of owing this debt. I received the notification that the letter had been received on XX/XX/2022. The debt is over seven years old. I receive a phone call every day from this company.",Debt collection
11489,"This image shows a report from XXXX XXXX for a closed student loan with XXXX XXXX XXXX. Here are the key details : - * * Status * * : Closed - * * Balance * * : {$0.00} - * * Highest Balance * * : {$2700.00} - * * Reported Date * * : XX/XX/XXXX - * * Opened Date * * : XX/XX/XXXX - * * Term * * : No information provided - * * Payment Made * * : 40 % of payments for the account year XXXX This suggests the loan was fully paid off by the date of the report. 

XXXX XXXX XXXX XXXX department of education sold my information to a collection agency, now I have XXXX reports showing on my credit from this company. 


Which goes against Fair Credit Reporting Act ( XXXX  ) * * : Protects consumers from inaccurate or unfair credit reporting. 
- * * Fair Debt Collection Practices Act ( XXXX  ) * * : Protects consumers from abusive debt collection practices. 
- * * Truth in Lending Act ( XXXX ) * * : Ensures transparency of credit terms.",Debt collection
11490,"I use a app called  XXXX . Where I can pay myself early then it comes out of my check when I get paid again.  X/XX/2017    I was paid. It 's my bank, Bank of America that is the issue. They are not sending  XXXX  my recent transactions. I have already sent  XXXX  my timesheet, that was yesterday  XX/XX/XXXX   . Once I send them my time sheet then they let me take out {$100.00}. But for some reason Bank of America is not sending them my information in a timely manner, which is causing delay for my money being put into my account.",Bank account or service
11514,"On XX/XX/year> I attempted to contact Mr. Cooper Loans regarding an increase in my escrow and to request a review of my Private Mortgage Insurance ( PMI ) based on the increased value of my home. Despite making multiple attempts to reach a representative, I was unable to speak with anyone regarding my specific concerns. 

I placed XXXX separate calls totaling approximately XXXX minutes. Each time, I was continually rerouted by the automated customer service system through the main menu, despite repeatedly requesting to speak to a representative. My issue did not fall within the limited categories provided, and the system did not offer an option to reach a live agent for assistance. 

This process is unhelpful and misleading, as the automated system implies that selecting a category will connect the caller with a representative, yet I was never transferred to a real person. This lack of accessibility prevents customers from properly managing their loans and resolving important financial matters. I request that Mr. Cooper Loans improve their customer service system to allow direct access to representatives for unique or complex mortgage inquiries.",Mortgage
11516,"To whom it may concern, Hi my name is XXXX XXXX XXXX, I really have hard time to access all my belongings and there are so many suspicious activities that stop me to do what Im doing, and I already spend 3 months since I have identity issues. My privacy and device is like a XXXX XXXX, I feel a lot of people without provide me anything just access my phone. Information changes, deleted, and XXXX keeping receiving new happenings, and by verified my identity I already spend 3 months, because some of the documents are very confusing and I also have English problems, so I was doing slow. But some of the identification I dont know why its so hard they keep verifying me over and over like play games. Then I got blocked then I have to wait, then someone access my phone then scammers came deleted and got my account password. Then I have to restarted doing everything. Then you guys dont give me enough time since I have many problems and a lot of BLOCKS make me even more slower. After I finished then there is new things came out. Those days are the most stressful and frustrating days in my life. Can you guys wait for me at least? Or send someone to help, otherwise its going to be the same. The easiest way is someone that can follow up to make sure Im doing good which the witness can know its me, and Im safe, and no one else access my information. Otherwise its became more complicated and I dont understand and cant follow up your speed! Then scammer access my phone, then you guys make another activity, then I follow, then scammer came again. Thats a infinite recycle, lets find out a new solution which can be easier, more simple, smarter instead that unlimited recycling. Thank you!",Bank account or service
11521,"XXXX XXXX XXXX XXXX XXXX XXXX XXXX, OH, XXXX D.O.B- XX/XX/1982 SSN : XXXX I was denied a Checking account today at XXXX XXXX  XXXX based on false or incorrect information. I have a business and I need to open my business bank account. 
Please send me a CHEX SYSTEM REPORT ASASP! I am having an issue with opening a personal checking account and possibly an issue with opening my business checking account as well. There was a reporting in the CHEXSYSTEM database that I owed an old account that had already been resolved. Please see attached documents. I look forward to settling this error on my account.",Bank account or service
11522,Huntington bank closed my account because of a dispute that was resolved in 2017. They would not give me a reason why they closed my account and they wont let me reopen an account with them when i don't owe them any money.,Bank account or service
11533,"providing my personal information to third party agencies without my consent and permission in writing.

I have not contract with them and do not owe the amounts stated.

The 3 yr debt collection statute has passed in the state.

Willful negligence to continue sharing my personal private information.",Debt collection
11554,My Equifax credit report is not reflecting any changes or updates that current on my other credit reports. It has not updated in years not sure whats going on but needs to report correctly to reflect accurate info as needed please help me with problem with equifax not sure what is going on with them thank you,Credit reporting
11560,"Purchased a vehicle from XXXX. Upon acceptance, Exeter Finance took the loan. After completion of the loan, and receiving documents after possession of the car, it is clear that they manipulated the credit score and created a predatory loan. I contacted Exeter directly and spoke with someone in finance, who told me they took my score which was well over XXXX, and would entitled me to a different lender or apr, and averaged it with my co-signer, which is completely deceitful, as we were told that having a co-signer the loan is based on primary. had they disclosed this "" average '' score, which in fact is deceitful and illegal, we would have removed said co-signer as they were just on loan to establish credit. Exeter is now refusing to adjust loan and wants me to return car and reapply which then would add further inquiries and decrease score",Consumer loan
11565,I have asked this company to stop emailing me to just mail me validation on this debt simply a contract between me and the creditor my signature stating I owe this debt along with any other proof that leads me to this debt collector I have never heard of and I simply just get emails back stating here 's your validation with no contract or anything I have emails I can forward to this claim I have emails in which I have asked a few time to stop emailing me and him continuous to email me I have tried to block this debit collector and it has not worked I'm still getting emails I'm feeling very flustered,Debt collection
11572,"So, for my direct deposit with the company I work for, XXXX XXXX, a portion of my check goes towards a payment advance {$120.00}. When I do not take the advance they send it to my bank account on file. I use the online bank, WISE ( formerly Transfer wise ) for my travels and sending money to my bf or friends abroad. In 3 months I will be in XXXX XXXX. So I sent the deposit there to just help save the money in a place I don't touch. Wise sent me an email requesting additional information, which is fine, compliance. I get it. What I did not get is they were demanding company information for the payment advance company that is information that only a member of this company would be able to provide and they will not just provide this information to a client. When I told Wise this, they said my account would be closed, quoted law stating they have the right to withhold my deposit. I responded once again telling them I can not access sensitive company information as a client, told them to reverse the funds and close my account. They continue to double down, refusing to reverse the deposit and closing my account. I called them, explained the situation, and even the agent agreed it is weird that they're doing it but it is the XXXX department and he would speak to them and follow up. I hang up and moment later get an email doubling down again and I'm at my wits end. At this point I just want them to reverse my deposit. It's {$120.00} and I can take that to my main account with my job and keep it there. I regret ever trying to even separate it. I was trying to be smart about my future trip but now I wish I hadn't. This is a nightmare. I just need my deposit back.",Bank account or service
11576,On XXXX i purchased various merchandise from XXXX. The merchandise came damaged. I phoned calls and was told to discard the damage merchandise and that I would be refunded in full. Weeks went by and I received no refund from XXXX. On XX/XX/2021 I contacted XXXX via live chat. I spoke to XXXX XXXX She acknowledged the previous conversation. She apologized for not issuing the refund as promised. She promised to process the refund again in the amount of {$170.00}. She provided a refund confirmation number of XXXX. I never received the refund. Next I disputed the charge with Capital One. Capital One refused the process the dispute and re billed my account for this charge.,Credit card
11581,"I am XXXX XXXX XXXX and I am submitting this complaint myself and there is no third party involved. This was a corporate account and mistakenly reported on my profile. I believe there may be an error on the payment status, payment history, and the comment to verify this information, correct this if there are errors, or remove this ASAP.",Credit reporting
11587,"I filed my taxes through XXXX XXXX XXXX, which the funds were sent to XXXX XXXX XXXX XXXX before being sent to me so that they could take out the fee for filing with XXXX XXXX XXXX and a digit was missing off of the account number so my funds were deposited into someone elses account on XX/XX/XXXX of 2026 so I filed a complaint through USAA XX/XX/XXXX of 2026. They stated that I needed an LOI to get my funds returned to my account so I contacted XXXX XXXX XX/XX/XXXX of 2026 asking for an LOI. They stated that they do not give LOI because the bank should have rejected the funds but the bank couldnt because it was someones actual account is what USAA told me.",Bank account or service
11603,"On the XXXX XXXX XXXX XXXX XXXX XXXX XXXX XXXXXX/XX/year> calls from JP Morgan Chase were made to me everyday at XXXX. 

On XXXX XXXX XXXXXX/XX/year> I asked the caller from JP Morgan Chase to stop calling me and they replied with accusing of me of being irresponsible and ignorant and that we wouldnt be in this situation if the previous mentioned wasnt true. 

Please assist with this caller and their harassment towards me. 

Thank you in advance. 

Best, XXXX XXXX",Debt collection
11606,"Due COVID-19 problem Wells Fargo Bank had offered financial assistance to their customers. Since I've been unemployed due to COVID I have decided to use their offer to skip my mortgage payments for up to 3 months. They accepted my request of XX/XX/XXXX and sent me letter explaining the next steps ( letter is attached ). At the end of XXXX when 3 months forbearance comes to end the bank asked me if I need more assistance. On XX/XX/XXXX I responded that I am ready to restore payments of my mortgage. The bank sent me another letter stating that everything is good, nothing in my mortgage has been changed, missing payments would move to the end of my mortgage payments, etc ( letter is attached ). On XX/XX/XXXX I made my payment and considered that everything is in order. However, on XX/XX/XXXX the bank capitalized the interest unpaid during forbearance and my principal balance has increased accordingly. More, they have reported to credit agencies that I did not paid my mortgage.",Mortgage
11618,"The service worked great! Until I didn't, so then it didn't. I repeatedly advise Flex that I had been let got from my place of employment, and therefore, no longer required their services and so moved forward with cancelingmy subscription/membership. As a sectionXX/XX/XXXX voucher holder, my rent is based on my income, which at that time, I had none. They've claimed I have an overdue balance of {$320.00} and now I've got some person, from a compnay I've never heard of ( XXXX ) consistently sending me emails to "" settle '' this bogus overdue balance. There isn't even anything on my credit report to support this claim either.",Credit reporting
11620,"I was late on 1 payment due to being called to XXXX XXXX, and I relocated to a different state. The notifications went to the house, and even though they contacted me via phone which I figured out later. I just completely overlooked the payment. I thought I had put that particular account on autopsy. On top of that I was paying for services I never recieved. I had just bought a home and got a bathroom renovation done, but my case was open due to them not completing the work. They didn't come back for 4 months after I signed. I'm new to this and have never done a renovation so the person who did my reno told me.to go ahead and sign and he'll be back tomorrow with the part that he needed to get my shower working properly. He had come back previously so I took his word on it. Needless to say I was paying for a shower that wasn't operable. I explained to the renovation company everything, but then when I tried to explain to the finance company they said o well you shouldn't have signed and pretty much of he didn't come I should have called them.. I wouldn't have even thought to contact the finance company. I mean if I had an issue with me vehicle I would contact the dealership not the finance company so I was just super confused.",Consumer loan
11622,Week before XXXX of XX/XX/2021 I received a call at work and I told the guy to remove my work number from the account he tried saying I authorized to call my work and I did not and as of today XXXX XXXX the company again contacted my work which our work numbers are only for emergency use only and the lady wouldnt say where she was calling from until the third time I asked and I asked her not to call my work number again I did not authorized,Debt collection
11627,I have a private student loan financed by XXXX XXXX Navient since the year of 2010 I have made many payments on time and have recently lost the cosigner my mother and asked to renegotiate terms interest monthly payment amounts. No help of any kind little info to provide on my loan and why my interest has increased over 11 % on a loan balance of XXXX. This company is terrible and whats worse is the school it funded and I attended the XXXX XXXX XXXX is closing and I ca n't get a call or email back about getting a XXXX transcript why in the XXXX should these people get anymore of my money when this for profit was a scheme for the approval of private predatory loans with a failure rate of 50 to 90 % why should we pay back what should have never been approved for in the first place.,Consumer loan
11629,"On or about XXXX submitted a lawful tender and dispute packet to the company via fax, including a complete Affidavit of Tender and Dishonor, a Declaration of Trust Interest, and supporting exhibits requesting full validation of the alleged debt, a copy of the original wet-ink contract, and proper accounting. 

The company has refused or failed to acknowledge my tender, provide validation, or respond to lawful demand within the required time. Despite being placed on notice, they continued reporting the alleged account to credit bureaus, which constitutes bad faith, unlawful collection, and commercial dishonor under federal and state consumer law. 

This dispute is on record, and their silence constitutes acquiescence. I am demanding that this complaint be recorded, my credit report corrected, and that the company be required to cease all further reporting, contact, or enforcement attempts until they comply with the lawful tender and disclosure requests.",Credit reporting
11630,"A loan was taken out in my name, but not by myself. It was taken out through arrowhead advance. I am in the process of changing my ssn. But they had auto-withdrawn money from my account for months and i didnt realize it until it was too late to fill an unauthorized transcation form for most of the withdrawn funds. 10x ( 1 time weekly ) from XX/XX/XXXX until XX/XX/XXXX. All dates hilighted in yellow are ones taken from my account",Bank account or service
11659,"Planted home lending acquired my loan thru a modification process. They were supposed to write off a certain amount. I am not positive of the exact amount, but I know it was in stages if I kept current ( XXXX, XXXX and then another ( {$200000.00} ). Not XXXX XXXX certain of exact amount. They did indeed remove the first amount. But never the second. At the time my interest was XXXX XXXX. Now it stands at XXXX XXXX. During the XXXX XXXX XXXX I was unemployed. Not able to make my mortgage payments. Once the grace period ended I started paying and found it different to continue. They started foreclosure proceedings. I borrowed {$40000.00} and wired it to planet home lending. I have been paying my mortgage until XXXX of XXXX, when they raised my payment by {$1500.00} making it impossible to pay. I am requesting a forensic analysis of my mortgage documents to see if there are any discrepancies ( planet stated I have a {$29000.00} escrow short ) Thankyou XXXX XXXX",Mortgage
11669,"I am current on my mortgage with Valley National Bank. I received two mortgage statements dated XX/XX/year>. One of the statements stated I was XXXX  days delinquent and owed {$13000.00}. It said I was subject to fees and foreclosure. I am an XXXX XXXX XXXX XXXX This terrified me that I might lose my home and my payments had been going to the wrong place. My son called the bank and there was a recorded message that some statements were sent in error and should be ignored. However, I have not received a letter from the bank that this was an error. I have not been able to talk to a person since wait times on the phone are in excess of 30 minutes. The other statement I received was correct and indicated only the regular payment of {$790.00} was due.",Mortgage
11677,"I am writing to formally express my concerns regarding Zelle 's handling of disputes, particularlyin light of the recent CFPB lawsuit highlighting significant issues with the platform. Despite using Zelle numerous times and reporting discrepancies, my financial institution and Zelle failed to investigate my claims adequately. They informed me that recovering lost funds was impossible and that tracking these transactions was unfeasible. The CFPB 's findings indicate that Zelle has not only neglected to protect consumers but has also allowed repeat offenders to exploit the system, leaving users vulnerable to scams. The lack of accountability and transparency is unacceptable and raises serious concerns about consumer safety.",Money transfer or service
11680,"I have no knowledge of this debt as I have always had medical insurance! I was never contacted by the debt collection agency regarding this debt that I do not owe. They are reporting negatively on my credit and I have no knowledge of this debt. I never had a contract with this debt collector for any debt. Please provide proof from the original creditor that this debt collector owns this debt and has the legal authority to collect it or delete this account. 

FCRA 15 U.S.C 1681",Debt collection
11686,"My PayPal account received a withdrawal email notification, but the withdrawal could not be completed. I contacted PayPal customer service many times and kept waiting for me. Is there any problem with withdrawing my money?",Money transfer or service
11689,"Subject : Request to increase the approval credit limit I have been using credit cards of Capital One Bank for a bit of time, I have 3 credit cards open in good standing and one credit card closed in good standing, thats currently 5 years old. I have always had a good solid record of paying all my credit cards bills on time with your company. Due to my current situation. Based on my complaint, I would like to request you to increase my approval credit line to at least {$1000.00} or {$1500.00} for account ending in XXXX which is my XXXX credit card for good credit. Please note that this isnt a credit line increase that I am requesting, it is based upon my approval notice. 

My job requires me to travel more than usual. I know that my company will sponsor my travel expenses but there are so many such expenses that I will have to bear from my pocket. I apprehend that I would fall short of money if I used a credit card for this purpose. Therefore, I am in dire need to get an approval in my credit line of {$1000.00} - {$1500.00} but if not Im cool with my {$500.00} credit limit. I am attaching a list of all my job title and current income as an attachment. Thanks again for your consideration and God bless us all and stay safe.",Credit card
11694,"The following Account has never been late and the credit bureaus are reporting inaccurate information. As well as many other inaccuracies in their report. 

I have previously requested that you investigate this information and you have failed to correct the errors you are reporting on my credit report. Now its not time to update, I demanded that you IMMEDIATE DELETE this INACCURATE information from my credit report. 

ACCOUNT : XXXXXXXX XXXX XXXX XXXX # XXXX In accordance with the Fair Credit Reporting Act, They have violated my rights. 15 U.S.C 1681 section 602 A. States I have the right to privacy. 15 U.S.C 1681 Section 604 A Section 2 : It also states a consumer reporting agency can not furnish an account without my written instructions",Credit reporting
11706,"On XX/XX/2022, Paypal sent me an email notifying me of a questionable money request with a XXXX phone number to call. I logged onto my Paypal account and the identical message and XXXX phone number was there. Since it was on my Paypal account, I called the number and was connected to the supposed Paypal Fraud department. The "" Paypal Fraud '' agent told me hackers were attempting to access my BofA bank account and he needed to secure the connection between Paypal and my bank account. He instructed me to move money via XXXX to a virtual account, he would secure the Paypal-Bank connections , then the money would be moved back. I made two XXXX transfers totaling $ XXXX when my family overheard me, they urged me to stop. 

It was a scam. I immediately filed a claim with the XXXX Fraud department. I cancelled the questionable Paypal money request, and severed the connection from Paypal to my Bank, and then closed my Paypal account. I sent the original questionable email to XXXX and filed an ic3.gov report on XX/XX/2022. 

The Bank ( XXXX ) denied my claim as they could not recover the funds from the receiving Bank XXXX XXXXXXXX XXXX  ). The bank suggested I contact the "" receiver '' and request my money back. The phone numbers provided to me on XX/XX/2022 by the "" Paypal Fraud ' agent, now known to be a scammer, are no longer in service. Paypal refuses to take responsibility even though the information was imbedded into my Paypal account- saying the money transfers were outside the Paypal platform. 

I have not heard anything from ic3.gov to date. I have written an email to a local investigative reporter to possibly alert others of this scam. 

I would appreciate anything your agency can do to help me recover my {$1900.00}. Thank you.",Money transfer or service
11713,"In accordance with the fair credit reporting act. The list of accounts below has violated my federally protected consumer rights to privacy and confidentiality under 15 USC 1681.

Account name : IQ Data International IN and account number IQD0NA Account name : XXXX XXXX XXXX and account number XXXX 15 USC 1681 Section 602 A : States I have a right to privacy.

15 USC 1681 section 604 A section 2 : It also states a consumer reporting agency can not furnish an account without my written instruction.

15 USC 1681 section 2 : A person should not provide information about a consumer to a consumer reporting agency if they know or have reason to believe the information is inaccurate. This also applies if the consumer has notified the person that specific information is inaccurate, and the person has the consumer 's address on file for such notices.",Credit reporting
11715,"I am filing a complaint against Cash App ( Block , Inc. ) due to inadequate customer service and unfair practices, which violates the Customer Financial Protection Act ( CFPA ). Specially, cash app failed to take timely and effective measures to prevent and address vulnerable and unprotected. Furthermore their dispute resolution process was unfair and deceptive, as they did not comply with error resolution requirements under the electronic fund transfer act ( EFTA ) and regulation E. These actions have caused significant inconvenience and financial loss, and I seek appropriate redress for these violations.",Money transfer or service
11717,"I sent in a dispute letter via online and certified mail on XX/XX/2024 stating To Whom It May Concern : I am writing in regard to the above-referenced accounts and transactions. 
Credit Consultants Association 336 CREDIT ACCEPTANCE CORP - ( reported balance {$13000.00} ) REPOSSESSED and sold to an auction for {$9000.00}. Im requesting that it be removed from my report, the information and balance reported is inaccurate. This vehicle was repossessed by XXXX XXXX in the State of <LOUISIANA> and resold. Under the laws of the State of <LOUISIANA> UCC <Your stats UCC code, you will need to look this up> and State XXXX  and XXXX statutes a deficiency can not be claimed unless all of the required notices were properly and timely given and all of the allowable redemption and cure time limits were adhered to. 

Please provide copies of the legal notices and proof of the commercially reasonable manner of the resale of the subject vehicle. If no such proof is provided within 14 days from receipt of this notice, the alleged claim of a deficiency will be considered null and void and any continued collection activities, or continued reporting of this invalid claim on my credit reports, will be considered a violation of the FDCPA and FCRA. In addition, if you singularly or severally fail to comply with the above requests, I reserve the right to seek damages against all parties, under all available state and federal statutes and UCC 9 remedies.",Credit reporting
11727,"I am writing to dispute the following inaccurate item that still appears on my credit report : Creditor Name : XXXX XXXX  Account Number : XXXX XXXX This item was recently investigated and removed from my credit file by Transunion after the furnisher failed to verify its accuracy. I have enclosed a copy of their deletion results for your reference. 

Under the Fair Credit Reporting Act ( FCRA ), all consumer reporting agencies must maintain accurate and consistent credit files. Since another major bureau has already confirmed this account to be inaccurate/unverifiable, I request that you delete this entry from my report immediately. 

Please send me written confirmation once this correction has been made.",Credit reporting
11729,"On XX/XX/XXXX I was notified by my credit monitoring service that my retail Fortiva account had been closed and a new general purpose XXXX had been opened in its place. This resulted in a XXXX point drop to my credit score as it included an account closure, hard inquiry, and new account opening. I spoke with several representatives and was eventually told that they had sent one email to advise of the change on XX/XX/XXXX. After locating the email it is labeled as a "" Notice '' and suggests that my account would be "" converted '', but makes no mention that my previous account will be closed and a hard inquiry will be run on my credit report to perform these changes. It also does not state why this change was to take place as the retail company and Fortiva are still partners. These are deceptive and unethical practices all in the name of supporting a new credit line through Fortiva and amplifying their sign ups. I was never asked to sign or agree to anything, only to opt out of what appeared to be an account update.",Credit reporting
11732,"XX/XX/2021 Equifax credit reporting service I should them exactly what was wrong ( fraud ) on credit report and they said they investigated but did nothing. I asked to see how and who they did investigation with and told known of my business. They are committing federal crimes that start with FCRA. I told them about a XXXX dollar collection with XXXX XXXX XXXX. but they did nothing. This company says I owed univeristy of Maryland XXXX dollars off of XXXX XXXX dollar stay. This company never sent bill, never calked me, cant produce what bill is for and it is then calked fraud. Every other agency deleted from this colkection company but equifax. They are just asking them ( i think ) if debt is right and not asking for information needed to prove ut is a collection. I would have paid in one second not to take 40 hours to tell them this company diesnt care it us breaking the law. 
2. American XXXX has me on charge off and late payment but with no proof either. I can write same things but just go back and see how equifax is breaking federal and state laws. 
3. XXXX had feaud account 7 years and 4 minths ago but equifax want take off my credit. They sent whoever a new card because whoever did it driver XXXX dollars in one month so they sent new card snd it doesnt show what hapoened before new card was sent too XXXX. It needs to go and alk things that goes with XXXX on credit report. 
Last 4 different companies made hard inquireys that were fraud or got info trying to get loans off my name. 
FCEA says equifax needs signature, ids and proof it was me that tried to get lians. I will tell uou whst companies got fraud on inquierys. 
XXXX XXXX, equifax mortgage, XXXX XXXX XXXX and XXXX XXXX all were fraud to try to get loans and made hard inquierys. Equifax is in XXXX and doesnt avide by usa law. If they did this infomartion would be off repirt like the ither 2 repirting agencies.",Credit reporting
11741,On XX/XX/23 I was contacted by a company fraudulently called XXXX XXXX about a debt that I do not owe and that legal action was being escalated through the courts for collection. The mistake I made was verifying my information with this fraudulent company before I realized it was a scam!!!,Debt collection
11745,XX/XX/year> XXXX XXXX XXXX XXXX of XXXX is denying application XXXX XXXX  account name finances by error in XXXX artificial intelligence robot. violated copyright of legal name issued from bank asset XXXX XXXX  and XXXX XXXX XXXX. adjusted web page with a red box income verification that doesn't apply to customers approved application account name extension of credit with birth-given name. Unnamed company associates deny customer finances and claim customer 's name requires an income verification against sole ownership to self. The customers wealth surpasses numerical value as a free and clear name and demands explanations beyond education XXXX national anthem from the customer 's name visible space character dictator to cuban republic of pirate to pirate flag. I keep getting sabotaged by associates without a XXXX name.,Bank account or service
11746,"Im currently trying to receive relief under Louisiana state SCRA laws. Ive attached my original request on XXXX XX/XX/XXXX and follow up email on XXXX XX/XX/XXXX requesting update on case. No response has been received. 
The original email is pasted below Sir or Maam : Pursuant to the Servicemembers Civil Relief Act ( SCRA ) 50 U.S.C. App. Section 527, this letter is my formal written request to reduce the rate of interest to six percent ( 6 % ) for the above referenced account. While I did enter this obligation after entering XXXX XXXX on XXXX XX/XX/XXXX, I did enlist into the XXXX XXXX XXXX in the state of Louisiana, which is my Home of Record and a Key Provision state. 

Louisiana has enhanced consumer protection beyond what is included in the XXXX XXXX through state statues and applied these additional protections to service members on federal XXXX XXXX. 

Louisiana ( LA ) XXXX XXXX XXXX ( XXXX ) Limits on creditor interest rates. XXXX XXXX states : Notwithstanding any provision of law to the contrary, no creditor in connection with an obligation entered into on or after XX/XX/XXXX, shall charge or collect from a person, or spouse of a person, who is on XXXX XXXX interest or finance charges exceeding XXXX percent per annum during the period that the person is XXXX on XXXX XXXX. 

Furthermore, this relief should be granted as outlined inSubsection XXXX of the same statute Upon receipt of the written noticethe creditor shall treat the obligation in accordance with Subsection A of this Section, effective as of the date on which the person is on XXXX XXXX. 

Under the XXXX, any interest more than 6 % per year shall be forgiven. Additionally, any payments shall be reduced by the amount of interest forgiven which is allocable to the period of such payment. 

If you have any questions or concerns, you maXXXX contact me at ( XXXX ) XXXX or XXXX Respectfully Submitted, XXXX XXXX XXXX XXXX",Consumer loan
11747,"I am filing this complaint because I was a victim of identity theft, and Chime wrongfully denied my Regulation E dispute despite clear evidence that the transactions were unauthorized. 

On XX/XX/year>, someone gained unauthorized access to my Chime account, transferred {$530.00} out, and then immediately changed my phone number and email address locking me out of my own account. This was documented in Chimes own system alerts.

Evidence I provided to Chime included : -FTC Identity Theft Report -Proof of an unauthorized login from an unfamiliar location -Emails showing my phone number and email were changed immediately after the fraudulent transfer -Chime system alerts confirming a login from a new device/location -My normal login earlier that morning from my usual IP/location -Screenshots of account takeover activity -Evidence that I could not have authorized the transaction because I was locked out immediately after the hacker changed my credentials Despite this, Chime denied my claim and stated no error occurred, which is incorrect and a violation of : Regulation E ( 12 CFR 1005.6 & 1005.11 ) Under Reg E, consumers are protected from unauthorized electronic fund transfers especially when account takeover occurs. Once a fraudster changes contact information and takes control of the account, the transactions are necessarily unauthorized.

Chime failed to : Properly investigate my claim Consider clear takeover indicators Follow federal error-resolution procedures Provide a reasonable explanation for their denial This denial has caused severe financial hardship, and I am requesting that the CFPB intervene to ensure Chime reopens the case and reimburses the {$530.00} stolen from me as required by law. 

I have also filed a police report with XXXX XXXX XXXX. Case number : XXXX",Credit reporting
11748,"I was approved for a payday loan from the following business : Check Into Cash, address XXXX XXXX XXXX, XXXX XXXX, XXXX XXXXXXXX on XXXX, XXXX XXXX. I've been using their payday loan service for a number of months and each time I receive a payday loan they refuse to give me the proceeds in cash. Regardless of what day our time I go to their location they tell me that they do not have the cash on hand to give me the full payday loan in cash. Instead, they offer me a XXXX XXXX XXXX  card in which they put half the amount of the payday loan on the card and then give me the half in cash despite having a sign posted that says I am entitled to receive my payday loan in cash. This leads me to believe that if I do not accept half the loan on the XXXX XXXX XXXX  card and half the loan in cash that I will not receive the payday loan. There are posters and flyers all over their office location to promote the XXXX XXXX card which is loaded with fees and has no real customer service available to help with disputes. This has gone on for 10 consecutive months and I have not received a single XXXX  in penalties from them ( Check Into Cash XXXX XXXX XXXX, XXXX XXXXXXXX XXXX XXXXXXXX ) for which to the best of my knowledge, I am also entitled for refusing to pay me in cash.",Consumer loan
11761,My home was purportedly sold on XX/XX/2020. I appealled my eviction and also filed a federal lawsuit. My indigent status after eviction made it hard ro pursue lawsuit. I have a 1098 and letters from XXXX and XXXX firm claiming to have excess money from the sale of my home in my Shellpoint acct # XXXX but substitute trustee sale was done under my XXXX acct. # XXXX. Also Title is still in my name through XXXX title company. My home has been abandoned by new owner and has been severely damaged to the point the city of XXXX XXXX intervened and demolitioned one of my structures. Lien placed in my name. Also there is a number of complaints on my home.,Mortgage
11764,On XX/XX/year> I requested a copy of the Forward Flow Agreement to verify that the debt was purchased significantly lower than the amount they say I owe them. And further they have put a lien on my primary residence,Debt collection
11772,I have called him I have call Paypal and I have told them about it several times that my my face shut my account down because of the funds that I receive and they have nothing to do with the casino flight pass that rush you have the pictures and nothing was done about it they say everything is OK on it in but it was not and I call I didnt know what else to do and my car is still not right they have took money off of the machine and theres more money than that which I have it documented I reached out several supervisors and let them know about it everything feels to be OK on their end but its not on my end but no one never mentioned to me about giving me another debit card or account number but since Ive talk to those supervisors I got a card in the mail the XXXX XXXX XXXX and the car still has the same card number is nothing different the CVC number account number the card number everything seems the same and nothing has been done I cant receive money to cash out on casino games I have like XXXX XXXXOn the lottery scratch off and I cant use the my PayPal card to cash out its an invalid account so I dont know what else to do I took my XXXX XXXX XXXX XXXX XXXX off because they shot my car down because they said they can pay {$1500.00} I have it on video but unfortunately I have to go back to my phone to find it because I videoed it and itll show you the money about Paypal,Money transfer or service
11780,"I am a representative payee for my son. I was told in XX/XX/2021 that I can not have a debit card. I dont live anywhere close to this bank. We live in MO the bank is in CA. Since they took the card away, I now have no access to the account. I want to know why if social security administration authorizes me to take care of this account why does the bank get to make the decision as to how I pay his bills and manage his account. I have managed this account for 13 years and always had access to a debit card. I need access to his account via a debit card and the bank should not be able to tell us we cant.",Bank account or service
11784,"Subject : Identity Theft Fraudulent DiscoverBank Credit Card Account XXXX XXXX Credit Bureaus XXXX of the Issue : Dear CFPB, I am filing this complaint as a victim of identity theft. A fraudulent DiscoverBank credit card account has appeared on my credit reports without my knowledge, consent, or authorization. I have never opened this account, never applied for it, and have never signed any documents associated with it. 

Below are the details of the account in question : Creditor Name : XXXX Account Number ( last digits ) : XXXX Account Type : Revolving Account Type Detail : Credit Card XXXX Code : Individual Account Status : Derogatory Monthly Payment : {$0.00} Date Opened : XX/XX/year> Balance : {$450.00} Payment Status : Collection/Charge-Off I respectfully assert that this account is the result of identity theft, and I request an immediate investigation into the matter. This account is fraudulent, and its presence on my credit reports is unjust and damaging to my financial well-being.",Credit reporting
11786,"USAA has to do a better job of contacting it's most Veteran customers who suffer from XXXX and other issue. For example XXXX XXXX calls their customers. On the eve of the worst Pandemic of my life time USAA decided to side on the side of its Ticket Broker associates XXXX over it's own long term customer of approximately 8 years. I purchased my tickets using a USAA debit card XX/XX/2020 from XXXX  for the amount of {$280.00}. I had entertained the idea of selling my tickets and on a XXXX search XXXX appeared. There website requested a Card in which to make a deposit. Almost 3 days before and the day of when I was awoken by a ticket broker I declined to sale my ticket and attended the event. Sometimes after the event approximately 30 days after my purchase XXXX debited my account {$280.00} and an additional {$200.00}. USAA does not have an email to send documents instead yout are directed to upload documents on an App that does not work. Based on there location, I can assume that my Ethnic sounding name and that the show was headlined by XXXX XXXX was all that they took into consideration when debiting my account without a phone call ot text which is standardized communication. The Coronavirus and my inability to access funds has severely taken me into a depressed state that saddens me. I would like my funds today so that I can buy diapers, tissues, water, and food. THANK YOU",Bank account or service
11792,"I recently read an article on XXXX RE : If you had a Wells Fargo account between XXXX and XXXX, you might be XXXX of the XXXX XXXX customers who qualify for damages, says the Consumer Financial Protection Bureau ( CFPB ). 

As part of a {$3.00} XXXX settlement, Wells Fargo has agreed to pay more than {$2.00} XXXX directly to customers harmed by "" illegal activity, '' ranging from incorrect overdraft fees to wrongful foreclosures- I am XXXX of these people. I reached out to Wells Fargo, as the article advised and my information no longer exists in WellsFargo 's database. My loan and info was purged from their system. So, the article said to fill out this form next. 

I attempted to refinance and because of WellsFargo 's illegal practices, they stole my home and foreclosed. They had even advised me to stop paying the up to date and current mortgage. 

I want the damages that are owed to me.",Mortgage
11798,"Hi, I can't believe you guys are taking advantage of me. I AM VERY UPSET the credit bureaus have not responded back to me about my investigation. I sent a letter, it's more than 60days. I need these accounts deleted or updated. These are the items I demanding to be deleted immediately : 3. Validate Account XXXX XXXX XXXX XXXX Account Number : XXXX Please remove it from my credit report. 

4. Validate Account XXXX XXXX XXXX XXXX  Account Number : XXXX Please remove it from my credit report. 

5. Validate Account XXXX XXXX XXXX XXXX Account Number : XXXX Please remove it from my credit report. 

6. Validate Account XXXX XXXXXXXX XXXX Account Number : XXXX Please remove it from my credit report.",Credit reporting
11818,"Account was added to my collections account XXXX XXXX and XXXX. XXXXXXXX XXXX  total amount {$550.00} opening date XX/XX/2020. Ive never received documentation or bills from this insurance carrier. I made initiative to call and very collections and when was their an option to settle or dispute, no results no options given.",Debt collection
11820,"XXXX was claims of debt owed ; however, no mention of interest that should be accruing to the balance owed. original creditor overpaid time without notification when no claims were requested for the time paid.",Debt collection
11825,On XX/XX/2023 they charged me for three {$60.00} transactions in overdraft fees. I checked on the fees and they corrected it to {$35.00} and there were only two overdraft transactions. There was not a notification or apology. the event makes the Wells Fargo Bank untrustworthy. I collected information on how to file a complaint. The process seemed daunting but to my surprise it was not too bad.,Bank account or service
11827,"I have been receiving unwanted mail directly to my address for several years now. Weeks ago I had called discover and opted out of mail and marketing. With the agent I also made sure my information was erased from their system. Now several weeks later I have received more spam mail to my home address. I just called discover for a second time at their customer service line XXXX ( XXXX ) XXXX and after three transfers and opting out of mail/marketing once again, I was told I might still receive mail. I have never been associated with the company discover in any way. I wish to stop receiving unwanted mail. It is ridiculous how much time and effort I have had to put into this. I just wish to be left alone by discover and for my information to truly be deleted from their system.",Credit card
11829,"I am filing this complaint because TransUnion is preventing me from disputing inaccurate information on my credit report, which violates my rights under the Fair Credit Reporting Act ( FCRA ), specifically Section 611 ( 15 U.S.C. 1681i ). 

The most urgent issue is a XXXX XXXX XXXX XXXX XXXX  XXXX. XXXX ) filed in the XXXX XXXX XXXX XXXX  XXXX It was voluntarily dismissed on XX/XX/XXXX. Despite this, TransUnion continues to report it as an active public record. I have attached the official XXXX of XXXX from the XXXXXXXX XXXX XXXX When I attempted to dispute this item through TransUnions website, the system blocked me from submitting the dispute. 

In addition, I have tried to dispute several other inaccurate negative items on my TransUnion credit report. These include accounts I do not recognize and derogatory items that appear outdated or unverifiable. 

These errors are adversely affecting my life, including credit denials, high interest rates, and housing barriers. I rely on accurate credit reporting for basic financial stability, and TransUnions failure to allow proper dispute resolution has left me with no recourse.

I request that the CFPB : Investigate TransUnions failure to provide an accessible dispute process.

Require TransUnion to accept and fully investigate all disputed items, including the dismissed bankruptcy. 
Provide documentation on how these items were verified. 
Remove any information that is inaccurate or can not be verified in compliance with the FCRA. 

Thank you for your attention to this matter and for helping restore accuracy to my credit file. 

XXXX XXXX XXXXXXXX XXXX XXXX XXXX XXXX XXXX XXXX XXXX XXXX XXXX XXXX XXXX XXXX XXXX XXXX XXXX XXXX XXXX XXXX XXXX XXXX XXXX XXXX XXXX XXXX XXXX XXXX XXXX",Credit reporting
11830,"In accordance with the Fair Credit Reporting act XXXX XXXX XXXX XXXX XXXX XXXX XXXX XXXX XXXX XXXX XXXX XXXX XXXX XXXX has violated my rights. 15 U.S.C 1681 section 602 A. States I have the right to privacy. 15 U.S.C 1681 Section 604 A Section 2 : It also states a consumer reporting agency can not furnish a account without my written instructions. 15 U.S. Code 6802 Except as otherwise provided in this subchapter, a financial institution may not, directly or through any affiliate, disclose to a nonaffiliated third party any nonpublic personal information, unless such financial institution provides or has provided to the consumer a notice that complies with section 6803 of this title. 15 U.S. Code 1681b Subject to subsection ( c ), any consumer reporting agency may furnish a consumer report under the following circumstances and no other : In response to the order of a court having jurisdiction to issue such an order, a subpoena issued in connection with proceedings before a Federal grand jury, or a subpoena issued in accordance with section 5318 of title 31 or section 3486 of title 18. 18 USC 1028A provides that aggravated identity theft occurs when a person commits a crime and also knowingly transfers, possesses, or uses, without lawful authority, a means of identification of another person.",Credit reporting
11842,"I got a call from hospital personnel, about my survey and why I was not happy with my day nurse. I told her I told the nurse I needed formula and she wanted me the breastfeed and would not get me the formula. I told her I felt the nurse was shaming me for not wanting to breastfeed. 

She said since I was not happy with the service I got, that they would be waiving my copay I was not notified that they wanted be to pay, because of the agreement I did not receive any form notification that I was owing them. I was under the impression that everything was taken care off.",Debt collection
11856,"I had fraudulent charges coming from "" XXXX XXXX '' being taken from my account for months. I noticed last XXXX. I called XXXX and they stated that it was not them. I was using my credit card to pay for my XXXXXXXX XXXX account, not debit - as stated, I called them and inquired, they assured me that it was not them charging mea and it was fraud attempting to cover up their charges as XXXX. I filed a claim with my bank ( Bank of America ) and they just denied my claim and said they were going to take the {$130.00} back out of my account.",Credit card
11858,"I initially took out two loans from a XXXX XXXX through the website "" XXXX '' in XXXX. During the recession, the bank closed down and I was unable to find the servicer to pay the debt. Then, 3-4 years ago I received letters out of the blue from a company called "" XXXX '' indicating that my debt had ballooned over 200 %, and charging frankly usurious rates ( 11 % +, variable ). While I began paying knowing that I did indeed take out loans, I recently read about companies ( including specifically XXXX ) requesting payments for debts that they do not actually own. I have since requested actual documentation on the loan ( including the original Master Promissory Notes and records of debt transfer ) in order to refinance. They have repeatedly ignored my requests, and at this stage are no longer responding to my requests. I would like this documentation to prove that the debt is indeed mine, and that I am not paying some random company for no reason.",Consumer loan
11860,"There are two XXXX accounts on my Equifax credit report that are both more than 10 years old. I spoke with XXXX and they verified this information. I processed a dispute with Equifax and they verified the info and the accounts were closed over 10 years ago but did not delete them, they said because I did a dispute that change my date of last reporting to the date I disputed them so it would be another 10 years which makes no sense. They only appear on Equifax, they don't have any negative history and they should be removed.",Credit reporting
11863,"In XX/XX/2018 I completed the application for Public Service Loan Forgiveness ( PSFL ). I completed more than 10 years of employment with a qualifying nonprofit and made the required 120 payments. During the 10 years I reached out to my loan servicer ( Navient - Sallie Mae ) to make sure my loans were the right kind of loans and were eligible for PSLF. Each time I was told yes and given assurances that as soon as I completed 10 years, the loans would be forgiven because they were Federal Loans.

My application for PSLF was declined because my loans are in the wrong classification. Navient apologized for giving me incorrect information 4 different times and said I could consolidate my loans again and restart the process of 10 years of employment with a nonprofit and 120 more qualifying payments. 

Navient knowingly committed fraud, and said they are unwilling to correctly classify the loans because that would be considered admitting fault which could make them liable for the loan balance. The have decided instead to call me every day with excuses. This is unacceptable. I understand why the Attorneys General for so many  States are suing Navient for fraud.",Consumer loan
11864,"I created a PayPal account, it became restricted, called in, and was told by them to open a new account. I did so and that one became restricted as well as opening new accounts violates their terms of use. Now, months later I have gotten the original account unsuspended by providing legal documents such as my government drivers license, Social Security Card, and bank statements that proved proof of residency. I called in, had the documents reviewed and got the ban lifted as they saw the documents were authentic. However, that same day my account was under review again and again they asked for my I.D., proof of residency, AND passport. I do not have a passport so I called in again and got transferred to a ver batum "" higher up '' where the associate explained that even she does not know why that information was being requested again as in my account she could see that my I.D . and such were approved and that my passport should not be asked for. The problem here was that I do not have a passport. She said that would not be a problem however, and just asked that I provided my I.D . and bank statement once more, and that my account would be put on a priority list to check as she already knew I was clear it seemed. 3 days later I get the notice that I am again permanently banned from PayPal, and when I called in yesterday ( XX/XX/2022 ), I was told that my account has been labeled for "" null appeal '' because they found another PayPal account with my credentials, the same account I was TOLD to create by a PayPal associate about a year ago. So now, because an associate of their own company gave me direct action to violate their terms of use, which are not readily available on their site, I am no longer to use their service permanently it seems.",Money transfer or service
11865,ERC started to report on my credit file without send me a 30 day right to dispute .... I had already paid the XXXX debt prior to them reporting and by law they have to notify me with the 30 day right to dispute.,Credit reporting
11866,I purchased a vehicle the first weekk of XXXX 2015 from Carmax. I approved the carmax associate to run my credit XXXX time and that was to get me approved. I got approved then i drove the vehicle and it had multiple problem so with the carmax guaranteed approval of satisfaction i took the car back and got another one. During that process i didnt know they were running my credit all of them times. After i fouind out i called up to the store and asked them why they ran my credit so many times and i was then told when you have multiple inquiries from the same company they will merge together and become only XXXX inquiry.,Credit reporting
11873,"Ever since Synchrony Bank took my BP Visa Credit Card from XXXX XXXX, I 've had nothing but trouble. I think I finally figured out their scam. By not allowing customers to make payments online, due to what they call "" technical errors '', and denying use of the credit card at critical times, Synchrony Bank stands to rake in most likely, XXXX from unsuspecting clients. I 'm hoping the CFPB will be able to look into the practices of Synchrony Bank. Why their webpage is down so much, why when I schedule a payment their site denies it, or just schedules it on the next billing cycle. This institution seems to be controlling what, how and when I use my card, then lets the balance linger through "" technical issues '' until they can charge another interest fee which is non-negotiable. Is it because they offer the gas rewards they feel they can ripe off the consumer? Sounds to me like there is something going on with Synchrony Bank.",Credit card
11878,"Resurgent Capital Services collected a debt that has been disputed SEVERAL times with CFPB ; see account # XXXX. 

Resurgent Capital Services filed a claim in or around XX/XX/XXXX in amount {$8200.00} in United States Bankruptcy county under XXXX. A Proof of Claim Objection was file with honorable judge XXXX XXXX and hearing date was set for XX/XX/XXXX, however on XX/XX/XXXX Resurgent Capital Services submitted a WITHDRAWAL OF CLAIM.",Debt collection
11885,"On XXXX I received a fake fraud alert on my phone about my credit card misuse. I responded to a phone call immediately and the person said he was from my XXXX XXXX XXXX XXXX XXXX fraud alert center. His phone number and texts showed the XXXX which led me to believe it was from my real fraud alert calling me. I fell for his scam and gave him my credit card, debit card, and bank login ID. At the time I was not at my computer. Afterward, when I received my second fraud alert, which was real, I called my bank and was told the first fraud alert was faked. The scammer used my bank ID and changed my password and transferred {$500.00} from my account to an online bank, Zelle bank. I requested that my bank freeze my account, block my credit card and debit card and see if I can get my money back from this Zelle online bank. I also filled out a fraud banking form last Friday with my bank. 

The scammer name is : XXXX XXXX XXXX maybe he is in a group of scammers since his name is on the bank fraud form ) Scammer email : XXXX. 

I fell victim to a fake fraud alert, fake phone number and fake email of my bank. Please alert other seniors of this new scam and I hope you and others can help to catch the scammers, especially this type of scams that target seniors. 

Appreciate your help. 

Thanks. 

XXXX XXXX",Credit card
11895,"on XX/XX/2020, i sent a letter to PORTFOLIO RECOVERY Disputing a alleged balance of {$720.00} that i do not owe.i have not receive anything that i requested in the letter and has attached a copy of the letter below.",Debt collection
11898,"I recently discovered a collection account reported by Jefferson Capital Systems ( XXXX ) in the amount of approximately {$150.00} appearing on my credit report. I do not recognize this alleged debt and do not recall entering into any agreement related to this account. I have reviewed my credit information and noticed inconsistencies in reporting. This alleged debt appears through XXXX under the XXXX credit report ; however, when I access my XXXX account directly, this account does not appear on my XXXX platform. Because of this inconsistency, I am requesting full verification of this alleged debt, including the original creditor, complete account history, date of delinquency, and documentation proving legal authority to collect and report this account. If this debt can not be properly verified as accurate and legally reportable, I respectfully request that it be removed from my credit report.",Credit reporting
11900,"I am filing a complaint against Genesis Credit Management regarding a debt they claim I owe from XXXX XXXX XXXX XXXXXXXX XXXX. I moved out of that residence in XXXX  during the COVID-19 pandemic and have not lived there since. The account was opened and reported in XXXX years after I vacated the property. They are attempting to collect {$2800.00}, which includes unexplained fees and interest added over time. I have not received any itemized statement, proof of the original lease terms, or documentation of the charges. This debt appears to be re-aged and inflated. I believe this is a predatory collection attempt, and Im requesting that this be investigated and removed from my credit report.",Credit reporting
11902,Pinnacle Credit Service is attempting to collect a debt from me of XXXX and XXXX and I never establish a contract with this company. And they are reporting negative items on both my XXXX and XXXX credit reports.,Credit reporting
11904,"An offer was submitted in late XX/XX/XXXX for {$280.00}, the Building and safety conducted an inspection and found multiple substandard issues with the property and issued a substandard lien. The cost to remove the substandard lien was Estimated by a Licensed XXXX and factored into a revised purchase offer addenda for {$250000.00}. after a complete submission the lender countered back with the same amount of {$280000.00}. after more research it was discovered that the last XXXX conducted was on XX/XX/2016 for an amount of {$260000.00} This seems to be going nowhere and they are not very good at returning either phone calls or emails.",Consumer loan
11907,"I received a credit card statement from XXXX Bank for an account I had NOT opened and was NOT mine. This was FRAUD and IDENTITY THEFT. I called the bank and they refused to send me a letter confirming that the account was closed and was not mine. 

The bank is XXXX BANK based in either Florida, Maryland or North Carolina ( all are addresses on the statement. ). I asked for confirmation that I will not be liable and was refused. 

The account number ends in XXXX and the amount of the charges is {$17000.00} I have put a credit lock on my accounts with Experian and have filed complaints with them and with XXXX",Credit card
11909,"I havent had my email for months due to my email being hacked. I didnt know my account was in negative. Even though they might have emailed me they never once called I never receive a call saying my account would soon be closed, since inactivity. I never purchased anything so the negative over draft fees was most likely from the fees they charge me for having the account. I would just like to reopen my account",Bank account or service
11917,"XXXX XXXX XXXX XXXX XXXX XXXXXXXX XXXX XXXX XXXXXXXX Date : XX/XX/year> XXXX XXXX XXXX XXXX XXXX XXXXXXXX XXXX XXXX XXXXXXXX RE : Request for Debt Validation- Account XXXX To Whom It May Concern, This letter is in response to your recent communication regarding the alleged debt referenced above. I do not acknowledge ownership of this alleged debt and request full validation under the Fair Debt Collection Practices Act ( FDCPA ), 15 U.S.C. 1692g. 
Pursuant to federal and applicable state laws, please provide the following documentation to validate the debt and your legal right to collect : A copy of the Purchase Agreement between XXXX XXXX XXXX and the original creditor. 


A complete Transfer of Assignment or Bill of Sale identifying the specific account in question. 


Any Forward Flow Agreement ( XXXX ) or related documentation outlining the terms and conditions under which the debt was transferred. 


A copy of the original contract or agreement bearing my signature, evidencing the alleged obligation. 


A full accounting history, including all charges, payments, interest, and fees applied to the account. 


These documents are required to establish legal standing and ownership of the alleged account. Mere summaries, internal documents, or spreadsheets do not constitute proper validation under the law. 
If you are unable to produce the above documentation within XXXX  days from the date of this letter, I will consider the matter unresolved and may initiate a civil claim without further notice, seeking declaratory relief and any other remedies available under federal and state laws for continued attempts to collect a debt without proper validation. 
I request that all future communication regarding this matter be in writing. 
Sincerely, XXXX XXXX XXXX XXXX attorney",Debt collection
11919,"The government paid the full year of rent to these people due to COVID-19 pandemic assistance and they then served me paperwork to have my family evicted right after because they were planning on having that apartment updated even before we moved in. But the corporate office gave us a deal for that apartment instead. I went to the court house and signed papers to move out and not owe any money for anything pertaining to this property. And if they had any problems they were to contact my insurance company that they have us all get. The head office in California sent me a letter of recommendation letting people know that I did lived there and owe no money, along with XXXX XXXX XXXX house, and the XXXX XXXX XXXX. This all took place in XX/XX/2021. All documents are in the XXXX XXXX",Debt collection
11921,"XXXX have notice from Mohela XXXX XXXX XXXX received with IRS tax verification. 

XXXX {$580.00} deducted from my bank without my authorization or knowledge or payment plan review summary XXXX XXXX contacted XXXX XXXX XXXX  submit Regulation E Dispute XXXX contacted Mohela to tell me how my bank was deducted without notice to me and no notice of plan that I am on for repayment XXXX Mohela is now processing XXXX XXXX XXXX XXXX  but my questions is how did the XXXX plan not get processed and then they just zap {$580.00} from my bank?? Mohela no explanation and they won't refund my money? I want my money returned to me in 15 days and I asked Mohela to do that they told me NO. 

XXXX I had Mohela remove auth deduct and place account in foberance and I again submitted Income Based plan with my tax information XXXX I have not received information about XXXX for the years XXXX XXXX and XXXX. I want those years counted. 

XXXX can't get Mohela to confirm I am on track for XXXX payment to have XXXX  year student loan completed.",Consumer loan
11926,"I contacted my loan servicing Specialized Loan Servicing on XX/XX/XXXX, to request the identity of the investor of my loan. We were told the request had to be in writing, and were given a fax number to submit the request to. The fax was sent at XXXX PST on XX/XX/XXXX. We were told to allow 24-48hrs for the request to be updated in their system in order to get the information. I called them on XX/XX/XXXX to follow up, and was told the information we had been given previously was incorrect and, per their policy and at the lenders request the information would not be provided for 30 BUSINESS days. According to the CFPB website : "" If the request asks for the identity and address of the investor ( owner of the loan ), the servicer must provide this information to you within 10 business days of receipt of the request '' Additionally, each person we spoke with ( 3 so far in total ) are all rude, combative and obstructionary. It 's evident they have all been trained to not give any sort of help, information or guidance when it comes to information about the lenders, like it 's some big secret.",Mortgage
11928,"Dear Experian I am writing to formally dispute the accuracy of certain information reported on my credit report under Section 605B of the Fair Credit Reporting Act. 
The specific information I am disputing is as follows : FRAUDULENT INQUIRIES XXXX XXXX XXXXXXXX XXXX XXXX XXXX XXXX XXXX",Credit reporting
11933,"My debit card information was stolen sometime before Saturday XX/XX/2024. When I was notified of transactions that were being done that were not authorized. The debit card was frozen and no more transactions were able to be done. The bank said that they can not dispute pending transactions and I had to wait until they were cleared. All the unauthorized transaction were listed to the bank. I was informed that some were denied, however the money was still removed from my account.The supposedly denied transactions were then able to clear my account and a dispute could be started, which it has on all the unauthorized transaction. The money was instantly removed from my account and now I am being told it could be almost two months before it gets returned. Now I have to wait to have my stolen money returned even after telling the bank that these charges were fraudulent. Someone in XXXX  had a good time at XXXX while I was at a movie in XXXX. My family is without some needed fund and the bank will not move any faster. Trying to complain to the bank gets no action other then they will work on the dispute and that may take a while.",Bank account or service
11952,"From XXXX XXXX to XXXX XXXX, I used mobile deposite with USAA to deposit checks I did not know were fraudulant and part of a scam to pay scammers through third-party apps. I thought I was serving as a middle man for other small businesses like mine to help pay vendors for a wedding I had been booked to work next week ( already aware how XXXX all this sounds/is ). 

On XXXX XXXX, after the last check was deposited, being scammed became a hard reality when USAA put everything on hold and I realized any funds I did have, and then some, were completely gone and I was now in the negative. 

Now, after walking USAA through what happened, and the fact that none of those checks flagged as fraudulant on USAA 's end after I deposited them, they say I am now liable for paying them back {$10000.00} or more -- money I didn't have to begin with. I don't understand how checks I didn't know were fraudualnt now make me liable to pay back money I didn't know was bad to begin with, now that everything is gone. We've banked with USAA for years, but now because I'm a victim of a scam, USAA says I have 41 days to pay back all this money I didn't have to begin with or they close our accounts. 

There should be some sort of better mechanism in place by USAA to either have alerted me to the fraudulant checks or canceled the checks the minute they realized it was bad. Not a single alert was given on their end until the money was gone. I know I'm XXXX  on my part for falling victim to it, but this is not money I should have to pay back. Those responsible should have to pay it back, or the bank should have alerted me to the fraud and canceled the checks the moment they failed. These scammers hit right an extremely vulnerable time in my life, and I got played like a fiddle because of it. 

I have an open police investigation pending in this scam, but that also has no henderance on this situation.",Bank account or service
11956,"Hello, I have had my mortgage since XXXX. In that time it has been transferred a few times to other mortgage servicers with no issue. I was notified on XX/XX/XXXX. XXXX that my mortgage company XXXX XXXXXXXX XXXX  would be transferring my mortgage to XXXX and would be subserviced by XXXX XXXX XXXX XXXX beginning XX/XX/XXXX. The transfer happened and I began being serviced by XXXX XXXX XXXX XXXX. During the time of transfer I was on a Covid forbearance and I am still on a forbearance plan until XXXX of XXXX with my new servicer. I received a message XXXX days ago from XXXX XXXX advising that my credit score was decreasing and there was a new inquiry. I have noticed since the transfer that my credit score has continually decreased and I could not figure out why. I checked XXXX XXXX and it shows that I have two mortgages. One with XXXX XXXXXXXX XXXX and XXXX with XXXX XXXX XXXX XXXX with balances of almost XXXX XXXX dollars. This is completely incorrect. I have one mortgage and because there are two showing up it has destroyed my credit score. My Fico score was at close to XXXX and is now showing on XXXX as XXXX and XXXX is showing XXXX which is very disconcerting to me. I work very hard to pay all of bills on time and this is ruining what I have worked so hard for. I want this corrected and for my credit to show that I have one mortgage.",Mortgage
11989,"On XX/XX/XXXX I disputed missing a payment with Rushmore Loan Management. I sent my bank statements and asked them to review it. I wanted them to see I haven't missed a payment. Because of this issue more problems came about. I was charged late fees and interest payments. Also my PMI was going to be depleted on XX/XX/2023, however since they determined I am ineligible for early cancellation based on them stating I have been more than 30 days or 12 months past due on my payments. They also stated my mortgage have increased. I responded by saying I received two notification letter one in XXXX and another one in XXXX. They stated they had sent a letter in XXXX. I explained to them I haven't received any other letters in XXXX referring to a mortgage change. I tried reaching out to them, however they want listen to me.",Mortgage
11998,"On XX/XX/XXXX, I made a transfer to a relative in XXXX, the banker official ( inexperienced in the matter ) did not match the account numbers of the intermediary bank and those of my relative 's account. 
The next day I went to the bank to request information, they said they would call me, the XXXXnager of the branch does not explain clearly what solution he can give me, I have already been four times, and the terrible attention of the manager and the poor quality of the The service has been constant, the documents issued by the official show an amount of money much lower than the value debited from my account, the dates are from XXXX, it does not accept that errors were made in the execution of the shipment I have called customer service, emailed the general manager of customer service, went to another branch ( despite the good disposition and kindness ) and I do not get a clear answer about my money.",Bank account or service
