row,narrative
11000,I am a victim of Credit Karma marketing scams for pre approved credit cards and false/misleading credit scores. Ive had an account with Credit Karma for several years but recently shut down my account.
11001,"Company : Capital One Product : Capital One XXXX XXXX  Credit Card Account/Card : ending in XXXX Primary issue : Account blocked immediately upon activation by Security with no resolution ; While annual fee billed with risk of negative credit reporting. 

On XX/XX/2026, I activated my new Capital One XXXX XXXX credit card ( ending XXXX ). Immediately upon activation, the card was security-blocked. The card has never been used for any purchase or transaction. 

Since XX/XX/XXXX, I have called Capital One many times and spoken with multiple representatives and several supervisors/managers. Each time, I was told they can not remove the block and that an escalation was submitted, and that only the Capital One XXXX team can contact me by phone to complete whatever verification is needed and remove the restriction. Despite repeated follow-up calls over the past XXXX weeks, no XXXX team member has contacted me, and the restriction remains in place. 

Meanwhile, Capital One assessed the XXXX XXXX fee immediately after activation. My statement shows this fee must be paid by XX/XX/2026. Because the account was blocked instantly and remains blocked with no XXXX, I have been unable to use the card, and I am concerned about paying an annual fee for a card I can not use. I am also concerned about late fees, interest, and any negative credit reporting that could occur due to Capital Ones unresolved security restriction and the lack of a timely resolution. 

I am currently travelling in XXXX XXXX ( XXXX ) and can be reached by phone during XXXX XXXXXXXX XXXX XXXX ( which is late evening in XXXX XXXX XXXX. Capital One has had ample opportunity to contact me during this window but has not done so. 

Steps already taken : Multiple phone calls to Capital One customer service and supervisors/managers between XX/XX/XXXX and XX/XX/2026. Repeated requests to have the XXXX team contact me and provide a clear path to complete verification and remove the block."
11002,"On XX/XX/XXXX I was email saying I owe {$310.00}, which was my monthly charge. That made sense. I used Nelnet 's "" Pay By Account '' feature on their website which said I owed {$310.00} by XX/XX/XXXX or something near the end of the month. I paid that on XX/XX/XXXX, which processed just fine. Everything seemed fine. 

On XX/XX/XXXX I got an email saying my account were past due. I Immediately called Nelnet. Which I waited on hold for over 2 hours, seems wild that a student loan provider company cant have reasonable customer support. ( Check reddit, almost everyone has 1-2 hour wait times ). I then got a representative that did not know why my account showed past due and couldn't support me. I waited on hold for another half an hour for them to say my payments were allocated only to two of my loan groups. So now I dont owe money on those groups till XXXX and XXXX. Not only that, I checked XX/XX/XXXX ( was paying off some parent plus loans ), and it said I didnt owe any money till XX/XX/XXXX. They company wrongfully allocated my money, failed to tell me I owed money, and then charged late fees for a payment they screwed up. They are going to reallocate my payment to be on all groups, but im lucky I could afford to sit on a phone call for over 3 hours, not everyone can. 

This is completely unacceptable behavior for a company. They have a bug with their code where the "" Pay by account '' feature and paying your monthly due payment, actually wont pay your account dues, and randomly allocate that money to only some groups. They then dont tell you that you have a payment soon, just so they can make extra money on late fees. This should company should be investigated and audited. This is the same company that in XXXX was found guilty of fraud, and now they are using these same tactics to exploit student loan borrowers"
11003,"So I opened an account with Bank of America and that same night I uploaded a check to my account. It said it would be available next business day and then changed to a week later. Well 2 days before it was supposed to clear, I could no longer sign into my account. So I called customer service the next morning. Well they could not verify me on the phone and told me to go in person to the bank. They could not answer anything until I go inside. So I pack the kids up and head to the nearest bank. They verify me and tell me check from my grandmother was fruad. That had resulted in closing my account. The check according to them was never cashed, that they didn't owe me anything and I could supposedly go cash my check elsewhere. They gave me numbers to file a complaint. So I leave and go to work. I call these numbers at work and they won't talk to me again because they can verify me. Well now my dad is also sending me proof that the money was indeed taken out of my grandmother 's account my bank of america. So I go back into a branch. They tell me they can't do anything about my {$2000.00} they are holding. So here I am missing {$2000.00} that they did indeed take. So I can not cash the check like they claimed. And I am out {$2000.00}."
11004,"HYUNDAI CAPITAL AMERICA has not been reporting accurate information on my credit report. I paid the full due amount on loan in XX/XX/year>, its been more than 3 months that the lender has not updated records on my credit."
11005,I got a loan through Wells Fargo for my car in XXXX  and became aware that it wasnt just me but millions of other consumers who received high interest and fee rates from Wells Fargo due to their settlement claim.
11006,"In XXXX I was a XXXX customer. I decided in XXXX to go with XXXX and ended the services with XXXX. I called XXXX and requested boxes to send their converter boxes to them. The boxes were delivered to me and I packed the converter boxes to be shipped back to XXXX. The representative that I spoke with in late XXXX stated that the boxes would be picked up after I packed them by XXXX. After speaking with her I realized that I had another question for the representative and called back. The next representative stated to me that the boxes were outdated and I could throw them away. I stated to her that I would not throw them away but send them back to XXXX. The representative stated that even if I sent the boxes back to XXXX, I would not be given credit because the boxes were outdated and I needed to just pay for them. I stated to the representative that I would send the boxes back and they could do whatever they needed to do with the boxes. 

It showed upon my credit report that I owed XXXX {$680.00}, I disputed this back in XXXX and it was removed from my credit report in XXXX. Now it is back on my credit report but with a different collection agency. I do not owe this debt, XXXX is trying to make me pay for their outdated boxes"
11007,"I deposited a citi bank check on the XXXX, for XXXX and a hold was placed. banker said a couple days but the receipt said the XXXX max called a few days later and they said for sure in a couple days. called back and they said they are unable to verify the check. then asked for the check senders info. I was not given any portion of the deposit, and not given reason for extended hold in writing. Im now not sure when I get my money as they just keep saying they cant verify the check with no answer as to what happens next. also they wont revisit calling the check sender unless im on the phone and I have work. I feel the legal laws put in place to protect me aren't being followed."
11008,"This is a related complaint to XXXX I need to receive my funds, and I do not trust the company that they ever sent the check. It seems like a deliberate way to not have to give me my funds back. Because now that they make me wait for months to receive my money without any interest, they have no information to provide regarding of that replacement check, once again, will somehow not be delivered, aside from the rep saying give is a call back then, to see what we can do That is not good enough, and very shady way to do business. I have recorded the call that the rep confirmed the new check will be issue on XX/XX/XXXX. I will follow up after the XXXX week of XXXX if I do not receive the check."
11009,"This is a regards to me trying to do a short sale on my home I have a buyer ready to purchase, I have a real estate realtor, but Mr. Cooper refuse to look at the contract I go back to court on XX/XX/2020 which will be my law day. I checked with XXXX and they advised me to file a complaint as to why Mr. COOPER would block me from doing a short sale."
11010,"I took out a payday loan with Big Picture Loans. I can not pay this loan in accordance with the terms of the loan. I contacted a credit counselor under the law in Florida which states : Grace period. The law provides you with a 60-day grace period if you are unable to pay back the loan upon the expiration of the contract term. But to take advantage of this you must : ( 1 ) make an appointment with a credit counseling agency within seven days of the original due date, and ( 2 ) complete the credit counseling within the 60-day grace period. If the credit counseling agency recommends a repayment plan, you may repay the debt in  accordance with the plan without incurring additional fees or costs. I completed this. The company emailed Big Picture proof of same. Big Picture immediately placed my loan in a "" past due '' status even though my payment is not due until tomorrow. They refuse to speak with me. They have already collected over {$900.00} in interest with {$0.00} applied to the loan itself. I have since learned that these types of loans are prohibited in Florida."
11011,"Between XX/XX/XXXX and XX/XX/XXXX Key Bank branch located in XXXX MA allowed the abuse of a temporary POA post XXXX suffered in XX/XX/XXXX by my son. They allowed multiple savings, checking accounts and cd 's in excess of {$480000.00} to be manipulated, withdrawn and removed my name completely from all the above. This happened within only 2 months post a business relationship I had with this institution over 40 years. Even after myself and my other children went to the branch with court signed legal documents showing them that anything my son had me sign as I continued to recover had been revoked by my attorney they still allowed me no access or even tracking of where my money went. Multiple times myself, my attorney and other children went into this bank and were turned away without explanation. Since this happened my life has been in crisis mode."
11012,"ATTENTION INVESTIGATOR : Please see my attached multi-page PDF document for the complete Statement of Facts, detailed federal statutory violations ( FCRA/FDCPA ) and explicit requested remedies regarding Synchrony Bank and their legal counsel ( File # XXXX ). The attached PDF details : 1. Material Account Inaccuracies / Mixed Credit File ( XXXX confirmed this account belongs to another person ). 2. Failure to Respond to XXXX ( The debt collectors filed a lawsuit but have ignored XXXX formal Request for Production documents. 3. Deceptive/ Inflated Balances ( The amount being sued for significantly exceeds any original credit offer or authorized limit. Please review the attached formal complaint PDF and audit my entire XXXX credit file immediately to address these severe systemic profiling errors. Thank you. Thank you"
11013,""" Ally BankXXXX is reporting account XXXX XXXXXXXX as charged off on my credit report with a balance of {$0.00} and a high balance of {$2200.00}. This account was closed on XX/XX/year> and appears to have been transferred to XXXX XXXX XXXX. 
I dispute the validity of this charge-off for the following reasons : Ally Bank failed to issue me a XXXX Cancellation of Debt form for this alleged charge-off, which is required by the IRS when a creditor discharges a debt of {$600.00} or more. This indicates the debt was either not actually charged off, or Ally Bank violated IRS regulations. 
Section XXXXP of the XXXX XXXX CXXXXe requires that financial institutions report discharged debts to both the debtor and the IRS. Ally Bank 's failure to provide this mandatory tax form demonstrates non-compliance with federal tax laws. 
Ally Bank has improperly sold or transferred this account without my permission, which violates the terms of the original cardholder agreement. 
Under the Doctrine of Accord and Satisfaction, if Ally Bank has claimed a tax benefit by writing off this debt, they can not simultaneously claim I still owe it or damage my credit by reporting it negatively. 
The account shows inconsistent reporting across credit bureaus and contains inaccurate information. 

I previously disputed this account, and the creditor failed to conduct a reasonable investigation as required by the FCRA. ''"
11014,My husband has been in and out of the hospital for XXXX XXXX and we applied for loss mitigation and on our 2nd payment we were late by one day and our lender said because we didnt make the 2nd payments on time I would have to reapply for loss mitigation. I applied that day and later I recieved confirmation that within 30 days I would get a response which I didnt so I contacted my lender XX/XX/2019 and which was told I was denied. I never got a letter of denial in the mail on why I was denied and loancare will not help me with any other options.
11015,"I am writing to file a formal complaint regarding the unauthorized sale of my personal information by Sallie Mae, a matter that directly contravenes the provisions outlined in 15 U.S. Code 1666b. I recently discovered that my personal information, including sensitive financial details, was sold by Sallie Mae without my explicit consent or knowledge. This unauthorized sharing of my information has raised significant concerns about privacy and compliance with federal regulations.

According to 15 U.S. Code 1666b, creditors are required to obtain affirmative consent before disclosing certain types of information to non-affiliated third parties. In this case, Sallie Mae 's actions appear to have violated these regulations, as I did not authorize the sharing or sale of my personal data to any external parties. This breach of trust has not only compromised my privacy but also undermined my confidence in Sallie Mae 's commitment to handling customer information responsibly and in accordance with federal laws. I urge the Consumer Financial Protection Bureau to investigate this matter thoroughly and take appropriate action to ensure compliance and protect consumer rights."
11016,"Last year I deposited a check into Citi Bank, because it is the account I used the least due to the fact that they have in the past made so many mistakes on my account that I lost faith in them, I had XXXX family members ask me to deposit checks for them, so I XXXX  them from my main bank and deposited into Citi. This was fine and some money was released, then I forgot about it entirely. Only to find out that Citi deleted the account with the deposit, never once contacted me. But kept calling someone who was no longer on the joint account with me anymore. And when I spoke to the foreign employees they hired they would not let me past the verification because my phone number did not match. It has been over a year and I have no received a check in the mail or any answers as to where the checks went. They were never redelviered to the address on file at the time. I no longer live there but Citi is just incompetent and does not follow any sort of guidelines."
11017,"Under 15 USC 1681i ( a ) ( 1 ) ( A ) subject to subsection ( f ) and except as provided in subsection ( g ), If the completeness or accuracy of any item of information contained in a consumer 's file at a consumer reporting agency is disputed by the consumer and the consumer notifies the agency directly or indirectly through a reseller, of such dispute, the agency shall, free of charge, conduct a reasonable reinvestigation to determine whether the disputed information is inaccurate and record the current status of the disputed information, or delete the item from the file in accordance with paragraph ( 5 ), before the end of the 30-day period beginning on the date on which the agency receives the notice of the dispute from the consumer or reseller. 

Account Name : XXXX XXXX XXXXXXXX Account Number : XXXX Account Name : XXXX Account Number : XXXX INQUIRIES : XXXX XX/XX/year> : XXXXXXXX XXXX XXXX"
11018,"Wells Fargo has been bullying me for a long time with the VA loan I have. I have had this load for 7 years, in the first few years everything was ok. I was playing {$970.00} for the loan, but out of nowhere in XX/XX/XXXX, with no warning or documentation they raised the load payment to {$1500.00}. It took me 3 months to get someone to tell me what happened. Within those 3 months I was put on hold for hours, hung up on constantly. When I finally got someone on the line they said my taxes went up and they didnt take enough out for the insurance. I had to get a loan mod and had it taken down to {$1200.00} in XX/XX/XXXX. I worked some stuff out with them but here in XX/XX/XXXX when hurricane Harvey came thought and flooded my home Wells Fargo gave me 3 months to not pay anything but at the end of the 3 months what ever I didnt pay in those 3 months I had to pay in full. This hurt me and my credit. Wells Fargo had destroyed my credit. I am far behind in my loan due to the fact that Im trying to catch up with paying the bubble and it just kept adding on. I was never given any documentation at all. I asked many times but all I was given was a person telling me about whats going on. I would like it if they could take off the late payments on my credit so I can refinance my house with someone else."
11019,"Dear Transunion, I am writing to request the removal of a late payment from my credit report. The account in question is XXXX XXXX BANK XXXX I have recently become aware that this account has been reported to your agency in violation of the XXXX XXXX credit reporting guidelines. Specifically, the account was reported with a late payment status, despite the fact that the payment was made within the grace period as per the XXXX code."
11020,"I discovered several transactions on my Apple Card that I did not authorize. After noticing these charges, I immediately contacted Apple Card customer support and filed disputes. However, the disputes were denied without a clear explanation or proper investigation. I submitted multiple disputes and requested further review, but the company still rejected my claims. I believe these transactions were unauthorized and should not be my responsibility. I am requesting that Apple Card conduct a proper investigation into these transactions and remove the unauthorized charges from my account. I also request that the company provide a clear explanation of how the investigation was conducted."
11021,Square disabled my account out of nowhere with no explanation or reason. XX/XX/XXXX ) Won't allow me to speak to the department at all. I've done almost a XXXX in business In less than a year with 0 disputes or charge backs. They are holding {$10000.00} for 90 days even though my industry has virtually no refund policy. I am unable to pay my employees. They won't even allow me to refund people and be paid a different way.
11022,"I am extremely disappointed and frustrated to find negative items in my credit profile. It is simply unacceptable and outrageous that such baseless claims have been reported against me. I demand that you immediately remove any derogatory information about me from your records! These allegations against me are completely false, and I have yet to receive any substantial evidence to support them. Your report contains numerous deviations from mandatory reporting standards, which means that the information in it can not be accurate and complete. I am challenging you to provide me with documented proof that the information you have reported is accurate and in compliance with all the relevant regulations. According to 15 U.S.C 1681e and 12 CFR Part 1022 ( Regulation V ), it is your responsibility to furnish accurate and truthful information about me. You have also failed to conduct a reasonable investigation of my disputes. Any mistakes in reporting can seriously impact my reputation and financial standing, and I demand that you take this matter seriously. Your carelessness and unethical practices are unacceptable, and I expect you to investigate the validity of the inaccurate items in your report and replace them with accurate ones or remove them altogether. It is your duty to protect my rights and ensure that your reporting meets the highest standards of accuracy and integrity. I will not hesitate to take further action if you fail to address this matter properly. 

LVNV FUNDING - XXXX LVNV FUNDING - XXXX"
11023,"I applied for a refinance through Caliber Home Loans, my existing Mortgage provider, in XXXX XXXX. This originated from a cold call from them to me and I only started this process because I had considered doing a refinance to complete some home improvement projects sooner than I had planned. 

Caliber has since added additional requirements and at each stage, when I have provided everything asked for, or available, a new criteria has been added. 

Now they are DEMANDING that I produce a relative who does not live in my home, and provide contact information for them. When I informed them that the only one I could think of was estranged, and repeated attempts to contact him failed, I provided the information for my child 's mother. 

I was told that this was unacceptable and it was required to be a relative, and since I mentioned that I have a child, I am now required to provide "" all pages of documents ''. I have asked what "" all pages of documents '' means and advised that if they were implying some sort of court order, that one did not exist and I could not prove the "" non existence '' of something. 

The response was that if I did not comply with their policies, they will not process the loan. No response to my questions has been provided. 

This is after a considerable monetary investment of time away from work and out of pocket expenses for appraisals and inspections. 

This is discrimination based on family status and considering that this company had no problem accepting payments for the past XXXX years, they are actively denying a loan based on criteria that has nothing to do with the ability to repay a loan. 

I have the entire email thread to support this."
11024,I have a previous loan with US Auto Purchasing Center LLC XXXX XXXX XXXX XXXX XXXX  ) dating back to XXXX. I filed a 1099c with the company and it was accepted by the IRS and US Auto sent me back my copy b but are now avoiding me once I have contacted them in regards to my payment being applied. My 1099c is the instrument used as a form of payment which is backed by UCC 3-602. I am invoking my rights under UCC 3-603 to enforce my form of tender using a 1099c as my payment instrument. I have tried emailing and calling to ensure this has been accepted and applied but the complaince manager has yet to answer me.
11025,"I am filing a complaint against Equifax for failing to comply with the Fair Credit Reporting Act ( FCRA ) during multiple disputes of a collection account reported by XXXX XXXX, XXXX. 

I disputed this account with Equifax several times ( XXXX, XXXX, XXXX, and XX/XX/XXXX ). I also submitted a written Method of Verification ( MOV ) request on two occasions. Equifax has never provided the legally required MOV under 15 U.S.C. 1681i ( a ) ( 6 ) ( B ) ( iii ). Instead, Equifax continues to provide generic form letters stating the item was verified, without disclosing the method, source, or procedure used. 

The original creditor account ( XXXX ) is no longer on my Equifax report, and both XXXX and XXXX deleted the related collection for lack of verification. Despite this, Equifax continues reporting the XXXX collection without producing any documentation from the furnisher. This indicates that the item can not be substantiated. Equifax is violating : FCRA 611 ( a ) ( 1 ) No reasonable reinvestigation performed. FCRA 611 ( a ) ( 6 ) ( B ) ( iii ) No
method of verification provided after written request.

FCRA 607 ( b ) Failure to ensure maximum possible accuracy ; the collection remains even though the underlying debt is unverified and the original account is gone.

FCRA 611 ( a ) ( 5 ) ( A ) Failure to delete information that can not be verified.

Equifaxs most recent response ( XX/XX/XXXX ) again stated the account was verified but provided no supporting evidence, and several reported data fields remain inconsistent with the creditor history. 

I am requesting CFPB assistance to require Equifax to : Provide the legally required method of verification ; or Delete the XXXX XXXX XXXX collection account for failure to verify its accuracy."
11026,"Ocwen Loan servicing has now sent me another set of duplicate responses to my previous claim in which I requested that Ocwen send me copies of the document they say they filed with the County. 
It really amazes me how a financial situation can openly mock the system. 
Ocwen has sent me a release that was issued against a different apartment I owned up until XX/XX/2015. Which by the way, the crook investors Ocwen represents, grossly took away from me. 
Now investor and/or Ocwen wants to claim that that is the document they filed for apartment XXXX??????"
11027,Under the ( FDCPA ) initimadting actions and pretending to be somebody else I received an email from a XXXX XXXX ( Settlement Department ) stating this was my final notice otherwise I could be prosecuted on this matter. Went as far as stating in the letter that they would fax the issue to my current employer to make sure they take strict actions again me. and my salary and wages be confiscated.I recieved this email on XX/XX/2017 2017
11028,"I XXXX XXXX XXXX put {$7800.00} into the a atm at the chase bank located at : XXXX XXXX XXXX XXXX XXXXXXXX XXXX XXXXXXXX and the atm malfunctioned and took all of it And only XXXX dollars popped up in my checking I have a real business to run ( XXXXXXXX XXXX XXXX ), I have been a loyal member and customer and this is very unfair of chase bank, I need funds back in my account Account number : XXXX Routing : XXXX"
11029,This is XXXX XXXX writing in regards to my One key Wells Fargo credit card ending XXXX. I have reported my card lost with few unauthorized transactions on XX/XX/XXXX or XXXX. I told them that I am a victim of identity theft and I have reported identity theft at IdentityTheft.gov already. I have tried to reach out few of the merchants by myself to identify the unauthorized transactions. One of the merchants already credited back when I notify them of an Unauthorized charge. Wells fargo still haven't resolve my issue and i am keep getting charge for interest and making me pay minimum amount which are not authorized by me. Please assist
11030,"This company is a collection agency called American Profit Recovery stating that I owe them {$53.00}, this company added this collection to my all 3 credit bureaus and I would like for them to have them removed immediately. Tried contacting them and they where unable to tell me where this debt is from"
11031,"On Friday, XX/XX/year>, I received an email from Frost Bank stating I opened a checking account and the account was set up to receive money with XXXX. I then received XXXX emails stating that the requests to send money via XXXX were completed. On Saturday, XX/XX/year>, I called Frost Bank and informed the representative that I may have been a victim of fraud. I gave the representative my first name, maiden name, and my email address. The representative confirmed that a checking account was opened online. I informed the representative that the account was fraudulent and asked that it be closed immediately. The representative stated they would put in a request and get their fraud team involved.

Im satisfied with the steps to get the account closed but the bank should not allow an account to be opened online without some type of picture identification. This makes it easier for fraudsters to open accounts with another persons credentials. Now I have to go through the process of reporting fraud to the credit bureaus, put a freeze on my credit, and file a police report. Whos to say that the person that stole my identity wont open another account."
11032,"Phoenix Financial Services has placed a collection on my report in the amount of {$350.00} for a medical debt which is not valid, does not belong to me, but also violates my HIPPA laws as I have never signed a contract with them or given them access to my medical records. I do not have any knowledge of this alleged debt nor have I ever received services from Phoenix Financial Services. I have disputed the validity of this debt as well as questioned if they are authorized to collect this alleged debt. This alleged debt that has never been validated has caused irreparable harm to my credit and credit score. I will be following up with more letters to the credit bureaus and to the company after seeking legal representation for violating HIPPA laws."
11033,"upon reviewing my credit consumer reports, i discovered some instances of late payments on an account for which i have always maintained timely payments. Consumer reporting agencies play a crucial role in accurately reporting consumer information.it is imperative that this information be reported with utmost accuracy. i have never missed a payment on the following account XXXX XXXX XXXX XXXXXXXX account number started XXXX i request a thorough investigation into these discrepancies and urge you to provide evidence, such as statement, demonstrating the lateness of these payments. if unable to furnish such proof, i demand that these payments be promptly updated to reflect their true status as on-time, no late payments120days,90days,60, days and 30days no late payments at all. as i have consistently upheld my payment obligations without delay"
11034,"Today ( XX/XX/2020 ) I tried to pay my mortgage online as every month. Our servicer was switched without our knowledge from XXXX XXXX XXXXXXXX to Specialized Loan Servicing. They failed to even notify us in time, there were several hick ups which I complained about before but those have been resolved. It is way too hard and COSTLY to make a payment over the phone and with any question about our foreberance plan we never wanted to be in ( we never missed a payment but can't reach anybody over the phone ), I tried to make a payment online. 
Paying online should not be hard. This awful company required me to change my password. After I changed the password, I was asked to verify my account with a code sent to my cellphone. After I changed my password, and verified the code, I was once more asked to verify yet another code. After that I was asked to write down a 16 digit code for future verification. By that time my blood pressure must have been through the roof. It should not have been this difficult and lengthy to make a payment. So I called them and hit # 4 for technical problems online to make a payment to find out why I had to change my password in the first place. Of course the person on the other line had a heavy foreign accent ( that was to be expected ). It is hard to believe what she told me : if I only log one once a month ( which is hard enough so I don't plan on logging into my account more than once a month ), I have to change my my password and go through the lengthy verification process every time. This is unacceptable. It seems like they want to make it as difficult to make a payment, as possible."
11035,Shellpoint Mortgage Servicing is a debt collection agency. I was behind on 3 payments of {$900.00} due to a job loss and was able to come up with a payment and sent them one month on XX/XX/XXXX post dated for the XXXX. This payment was sent back to me and no correspondence from the lender occurred to help me resolve this matter. I have had this happen to me in the previous months and resorted to calling in my payments which they reluctantly accepted but refuse to defer any payments. I am in a federal disaster area and have no job for the moment. I wish to make my regular monthly payments and not go into foreclosure but am unable to make up for the payments I am behind on. I have tried to make these monthly payments but the lender keeps refusing them. As a debt collector I would assume they should cash my checks in order to repay my loan. I would like to know if there is a way to get at least 1 payment deferred so I can continue to make my regular monthly payments without having them send them back in an attempt to foreclose. I have never heard of a debt collector not willing to accept a payment. I would like to continue making my monthly payments and not have them be refused. I will continue to try and resolve this matter myself but if you can offer any assistance or insight that would be most appreciated. Thank you sincerely.
11036,"I bank with JP Morgan Chase bank, I have a business checking account and i do online banking, on XX/XX/2020, I use the XXXX quick pay to send the amount of {$2000.00} to a recipient, I got a receipt that the transaction went through successfully, I sent a copy of the receipt to the recipient, usually this funds would be available immediately and sometimes a few days delay in my experience, In this case the money did not post to the account in over a week, the recipient then told me there was a mix up in the cell number used and that usually the transaction should not go through and i should contact my bank to find out what happened. 
I called my bank customer service to explain the situation and I was told it will take 10 working days to investigate, after more than fifteen working days that I have not heard from them I decided to call back, The representative who attended to me stated that the money went to another recipient and that they have tried to get the money but could not and therefore they can not help me any further, I told them the money was not supposed to go through since the name and number did not match and that I believe the money is still hanging somewhere in the bank, I was told that I should go to my bank for help, I went to my bank but walk ins are not accepted because of coronavirus, I was asked to call XXXX but i insisted i wanted the bank representative to help me do it because there is too much waiting time and they usually hang up on customer and then one has to start all over and that I am already frustrated, I was given an appointment for XX/XX/XXXX but unfortunately I had a family emergency, I asked if i could come the next day but i was told not until XX/XX/XXXX, so up till now i have not got my money back and the recipient is bothering me<please I need help urgently to resolve this situation.."
11037,I applied on line in XX/XX/XXXX Looking for a lower interest rate or 0 % for a few months it asking would want to do a balance transfer if I was approved. So I gave the information. It said I had been approved but never said the interest rate. Or anything else. I got kicked out of my home. So I never got the credit card to activate or decline the card. A month later the did the balance transfer without my permission. I called spoke to a supervisor names XXXX.Told him I did not want the card because the interest rate was w a y to high. He apoligisted said he would take care of the problem He said he would close the account and I would owe nothing. Now it 's showing on my credit report months later.
11038,"We have been trying to get this corrected on our credit report since XX/XX/XXXX. 
Can you please assist us with providing us a letter stating that we have paid the account in full as of XX/XX/XXXX and that we had no 60 days late or greater in the previous 12 months. 
We requested a pay off in XXXX of XXXX, and when we did not receive it, we paid the balance, plus two extra payments. We tried for 6 months before we were successful in closing this account at the end of XX/XX/XXXX. 
This is now compromising our ability to get a better interest rate on our mortgage, and costing us time and effort to get this resolved. 
We have until XX/XX/XXXX to resolve this without incurring further fees. 
We would very much appreciate you providing this documentation to our XXXX account portal and notify us via email that this has been accomplished so that we can proceed with our refinance. 
cc : Consumer Financial Protection Bureau XXXX, Equifax and XXXX credit reporting agencies"
11039,"According to the company, they said I changed my address which I never changed it still the same for the past nine years also, they said that I updated my email a XX/XX/XXXX and I only have one XXXX address and they have that incorrect. Ive been calling them every day since XXXX XXXX even before that to find out when my check should be arriving so this day they have not updated anything. Send me any email regarding the account close account and have not even let me know when Im gon na get my check which is a big problem with my landlord, and I need to pay my rent and still have not been able to because of them so please help me with this. Thank you."
11040,"XXXX and XXXX are reporting an account that went to collections as paid off in XX/XX/XXXX but was actually paid off in XXXX. 

This Collection recording has dropped my credit score again as of XXXX for an account that has been paid off since XXXX."
11041,"It is again complaint against Discover Bank. Two previous complaints were about payment of {$500.00} to XXXX XXXX when the debt had already been paid and these payments should not have been made. But now it is the opposite problem. I have outstanding debt to XXXX and {$300.00} should have been paid every month on XXXX but this month ( i.e., XXXX ) payment was not made!"
11042,I was out of town camping and when I returned I noticed over XXXX dollars had been debited from my account. When speaking to a representative I also found they had tried to get even more but were unable too. I filed my claim and was told the money would be returned. After the money had not been I called back ( 4 separate times ) and was unable to get ahold of the person responsible for making the determination and couldnt even get a reason why the claim had been denied. I was finally told to leave XXXX a voicemail and wait 1-2 days and she would call me back. After being five to  the runaround I have no faith in Navy Federal Credit union and I will definitely be switching banks.
11043,"On XX/XX/2022 at XXXX p.m I made a phone call to Transunion in regards to a dispute that states that accounts are accurate and remain will remain on my credit report. The associate that i spoke to by name of XXXX XXXX stated that within their investigation they reached out to the creditor ( debt collector ) and they informed Transunion that my social security number, my phone number, name and address belongs to me and that the account and debt is mine. So in end result Transunion used that as a method to determine that account is verified and accurate. I explained that the debt does not belong me and that these debt collectors are required by the Federal Law to consent with me in regards to information being reported on my credit report. All she said was i am sorry. I gave her the federal law 15 usc 1681 ( a ) ( e ) that states that a investigation should be conducted by contacting neighbors, associates, and family and I asked XXXX XXXX if that was done and she said no. She explained that they only reach out to the dent collector. After that conversation I spoke with the Supervisor XXXX XXXX at XXXX with the same concern and nothing was being done to resolve my issue. I also explained that I have dispute on my credit report because a bank forged my signature without my consent. I told XXXX XXXX that i have proof of it with supporting documents. I asked him what if XXXX XXXX lies and say that the information i state is not true what would be the end result? The supervisor XXXX XXXX said then they would end the dispute and mark the information as verified on behalf of the bank. Transunion does not care about the consumers and they break the federal law all the time."
11044,"Comenity - Gander Credit Card Never received statement in XX/XX/XXXX.
The XX/XX/XXXXstatement has a late fee of {$27.00}, which I understand, since I never received a statement so the bill was unpaid. 3 times I have not received a statement from this company and I tried to set up auto pay, but was informed that they do n't set up accounts on auto pay.
The main problem was a interest charge of {$77.00}, in addition to the late fee, on a {$220.00} balance, making my new balance {$330.00}.
The statement clearly shows the interest rate on the {$220.00} balance as 25.99 % ( which is already very high ), however if you do the math the actual interest rate incurred is 33.79 %.
This company is posting one interest rate, but charge a larger interest rate. ( I guess they are hoping people ca n't do math and will just pay the higher rate. ) I have paid off the new balance of {$330.00}, so they ca n't continue to add bogus interest fees, however I should not have been charged this amount, so I am filing this complaint.
Comenity should not be allowed to continue charging interest rates different than the amount posted on their statements, which is clearly an legal practice.
Also, there should be some type of law on the books making illegal for them to intentionally withhold customer statement in the hopes that their customer will forget to make payment, so they can charge additional fees. They do n't send electronic statements and do n't allow their customer to be set up on auto payment. This makes customers more likely to forget to make payment, allowing them to charge late fees."
11045,"Hi. Someone hacked my coinbase account on XX/XX/21. My bank information was linked to my coinbase account. Hacker deposit {$5000.00} of my money to my account and was trading. I lost around $ 400-600. I did not get about the Transactions. Also, hacker deposit {$5000.00} not showing on my coinbase account.I feel coinbase unsafe. Just wan na close my account when everythings fixed. 
I am not sure about the loss. 
The hacker is from XXXX. I am a US Customer amd they did not see this is wrong. 
Coinbase was not protecting my account at all.

I want my money back. Coinbase made a mistake and a I hope they take responsibility for it.

Also, I have another problem. {$5000.00} transaction was pending. I called my bank to stop this transaction. Coinbase want to pay {$5000.00} back. I paid {$3900.00} back. ( it was on my account ). I tried to add my bank to pay the rest {$1000.00}. I removed from my bank informaton before because hacker had access to my bank information. So, I tried to add my bank once again to pay the rest of the money and it did not let me. So, I wired money to coinbase. ( {$1000.00} ). It doesnt show on my coinbase account and I did not get email about they received my money. In this case I want this money back to. 
I attached pictures. I circled which transactions was unauthorized and I circled I paid {$3900.00} back. Also, I attached a picture about the wire transfer. 
I did not buy bitcoin I add that picture too. 

Thank you for your help : )"
11046,"This complaint constitutes the 2nd complaint filed against this Debt Collector ( Stillman Law Office, LLC ). The debt that ( Stillman Law Office, LLC ) was allegedly "" collecting '' on behalf of the "" Original '' creditor [ XXXX XXXX XXXX ] was being "" Collected '' by another debt collector ( XXXX XXXX XXXX XXXX XXXX ) during the same time period. On or about XX/XX/year> ( XXXX XXXX XXXX XXXX XXXX ) received a "" Cease and Desist for Non-Response to Conditional Acceptance Notice '' and ( XXXX XXXX XXXX XXXX XXXX ) ceased all collection activities. The initial ( CFPB ) complaint against ( Stillman Law Office, LLC ) was filed on XX/XX/year> [ XXXX ]. ( Stillman Law Office, XXXX ) responded to said ( CFPB ) complaint on XX/XX/year> and the complaint was closed with explanation by the CFPB. On XX/XX/scrub>XXXX XXXX XXXX XXXX XXXX XXXX XXXX XXXX XXXX XXXX XXXX XXXX XXXX XXXX XXXX XXXX XXXX XXXX XXXX XXXX XXXX XXXX XXXX XXXX XXXX XXXX XXXX XXXX XXXX XXXX XXXX XXXXXXXX ] allegedly "" collecting '' same debt for the "" Original '' creditor [ XXXX XXXX XXXX XXXX XXXX XXXX XXXX XXXX  XXXX XXXX XXXX ) and ( Stillman Law Office, LLC ). No prior notices were ever received from attorney XXXX XXXX XXXX, that he was debt collector or attempting to collect a debt, just the receipt from the court of the lawsuit which constitutes a blatant and willful violation of the Fair Debt Collection Practice Act ( FDCPA ). After further research attorney XXXX XXXX XXXX is an attorney affiliated and or employed by ( Stillman Law Office, LLC ). This is evidence of the deceptive, predatory practices employed by ( Stillman Law Office, LLC ) to collect a debt. SEE ATTACHMENTS for the true and complete timeline of events as filed into Court."
11047,"I had two people to PayPal me money for items I had already sent to them, they went and disputed the transactions, and PayPal took my money and they took my credits they brought. I sent in proof to then showing that they did approve the transaction and the did receive their credits but PayPal still let them scam me out of my money. After that happen they kept monitoring my account every time any transaction came through my account would get restricted. I normally hav people send me money for my mortgage or bills and I sent in the explanation behind my transaction and they permanently restricted my account. I have has PayPal for a long time without any problems until they let them scam me out of my money. I lost {$400.00} dollars they never had a problem with any of my transactions until then. I feel like I was discriminated against because the person disputed the transaction to scam and. my proof that they did do the transactions was overlooked."
11048,"I first opened my account with first Commonwealth Bank at XXXX XXXX XXXX XXXX XXXX XXXX months ago. I have had the most frustrating banking experience with this bank. Then I have ever encountered in my years of banking and the XXXX months Ive held this account. I have received XXXX new ATM cards because they have unjustly claimed my card was flagged for fraud without any notification or opportunity for me to respond. They simply disabled my card, forcing me to wait XXXX weeks to access my funds. I have been on vacation and they have frozen my card out of nowhere which recently just happened on XX/XX/XXXX of this year luckily I have an additional bank. Additionally, they have a legally restricted my online access to my account and blocked my deposits all of this done from a misunderstanding. When I first open my account they assumed my deposit was erroneously fraudulent Since they were proven wrong. I have been unfairly, targeted and harassed at this branch. They particularly blocked access to XXXX of my deposits blamed it on a separate bank. I contacted XXXX to ask them why theyre blocking my funds. XXXX said that they had sent the funds a week prior once I called the branch And told them XXXX is not blocking it. I asked if I needed to get a lawyer and then all of a sudden my funds were released. 

Now every single month, I encounter issues with this bank. I find myself having to stand at the counter before checking out, verifying my bank account to ensure that they havent cut off access for no reason this can not be legal and its simply unacceptable."
11049,"RUSHMORE LOAN MANAGEMENT SERVICES, is attempting to foreclose on my home XXXX XXXX 2017 with an assignment that been robo signed. I asked for proof of claim and debt validation none of my request have been responding to. I also mailed a QWR, and it has been responded to either."
11050,"MBA LAW violated my rights 15 usc 1692c ( a ) Without the prior consent of the consumer given directly to the debt collector or the express permission of a court of competent jurisdiction, a debt collector may not communicate with a consumer in connection with the collection of any debt 15 usc 1692b ( 2 ) not state that such consumer owes anydebt ; I have attached my ID, Social and proof of residency during the date of service. This account is being inaccurately reported on my credit."
11051,"I have directed overpayments through the Navient website. I have clearly made the correct election to over pay a specific loan. The options on the website allow this but after I make the payment the following statement shows the directed overpayment to the specific loan has been spread among other loans despite my direction and the website directions I have chosen. I have spoken with Navient on several occasions over my repayment and they have said that they are not sure why "" the computer has made that mistake '' and that they are looking into it. I have on more than one occasion asked for Navient 's assistance. I have had them walk me through making the payment to assure it was done correctly only to find the payment was spread among other loans despite having their assistance. The loan I am overpaying is the highest interest rate loan I have. It is a GradPLUS loan at 7.8 % interest. I want to direct all of my overpayments to this loan and their website says that this is allowed. I have confirmed this with Navient on the phone. Despite my direction Navient continues to take my overpayment and allot it to lower interest loans. The loan acrues $ XXXX/day. I want to reduce this and pay the loan off quickly. The blame a computer error. The account history application shows an inaccurate record of my payments in an allocation different than I have directed."
11052,"I am filing a complaint regarding improper charges applied to my mortgage account due to a servicing error by XXXX XXXX. XXXX XXXX previously acknowledged in writing that they failed to process a hazard insurance premium payment despite the policy being properly updated in their system. This failure resulted in the cancellation of my insurance policy and a lapse in coverage, followed by lender-placed insurance. In a prior resolution, XXXX XXXX admitted fault and applied corporate funds to partially offset the cost difference caused by their error. However, I am still being charged {$400.00} for a lapse in coverage. In their most recent response, they claim that no error occurred and that I am responsible for this charge, which directly contradicts their earlier written admission of servicing error. The lapse in coverage was caused entirely by XXXX XXXX failure to process the insurance payment, not by any action on my part. I had an active policy and fulfilled my obligations. I am requesting : - Removal of the {$400.00} charge related to the alleged lapse - Correction of my escrow account - A consistent and accurate accounting of the servicing error previously acknowledged XXXX XXXX should not be allowed to shift financial responsibility to me for an issue they have already admitted was caused by their own error."
11053,"Hi, This complaint is a continuation of the previous complaint XXXX, against Coinbase. 

The account was made available to me for just a few days and was locked again. Since I opened the account with coinbase, earlier this year, it has been under review most of the time with no reason provided at all. 

I have opened about 20 support tickets and most of them were closed within a week ( may be automated ) without resolving the issue. 

I will continue to complain here until problem is fixed permanently and provide a valid reason why Account remains under review."
11054,"In XXXX I placed a loan that was past due into hardship forebearance with sallie Mae. At that time I was told they needed a {$50.00} good faith payment and were only able to do one month but to call back after 48 hours and they would be able to extend it out to the 3 months total. I did that and everything was good. In XXXX, the same situation arose, I did the 50 good faith payment and was this time told to call back before XXXX to do an extension. On XXXX, o called back. Suddenly, that can not be done and they want another {$50.00} to do a forebearance this time for 3 months. I had to pay it to get the forebearance but have now paid them XXXX dollars for forbearances on this loan. Which according to their website is the maximum I should have to pay on this loan, yet I have 5 months of forevearance left should I need it and I was told it would be an additional 50 each time I request forebearance in the future. That would equal XXXX dollars not XXXX. Furthermore, there is information out there that states back in XXXX the company stopped asking for the 50 payments at the time forebearance was requested."
11055,"Concora Credit was advised to close my account when the account was paid off. Now I am showing that I supposedly have a balance with this company. When I go in to pay it, there is nothing there for me to be able to pay these people. Now, I can't pay the account off so that they can close it."
11056,"The most recent correspondence filed with the customer Relations. Used name, date of birth/State file number and Social SecurityXXXX XXXX XXXX account XXXX XXXX to obtain an account with Ford Credit, and the information reporting on your credit report is incorrect."
11057,We have sent XXXX wire transfers XXXX XXXX XXXX to Bank of America as below as an investment to a XXXX XXXX and discovered that they are all fraud and scammers accounts. We worked with XXXX XXXX to communicate with Bank of America to reimburse our funds as they are responsible for not identifying the fraud accounts but they were not responding. So I want to complain on Bank of America for not responding and for not reimbursing my funds. Date and amount of transfers XXXX {$25000.00} XXXX {$25000.00}
11058,Was contacted by company stating I was past due on payment. Notified them that I have not used card since previous one expired in 2020. I had never received another card nor activated one. The person I spoke with would not listen as I explained I have made no charges and kept interrupting me to ask for a payment. I again explained that these are not my charges but again was told to make a payment as if they were reading off a script and not listening to me. I will not make payments on charges that are not mine on a card I have NEVER received and NEVER activated. And I didn't even hear from this bank until months after they claim there were charges. Plus this is a different bank then the one from when I originally opened the account. I refuse to pay charges that are not mine and this is a TERRIBLE company that will not listen when I explain these are not my charges. I've had impeccable credit & would have no reason to randomly jeopardize it now but I will not be bullied by horrible companies with no customer service demanding payment from me on unauthorized charges.
11059,"My 360 Savings Account was supposed to earn a high interest rate. Capital One lowered it without warning me and also offered "" Performance Savings Accounts '' at a higher rate but did not pay the rate on my existing account. 

I am outraged that for a long time, Capital One has paid me a pittance for interest. This is a bait and switch tactic. 

I must have missed out on at least {$500.00} or more of interest due to this unfair treatment by Capital One. 

I heard about a class action suit on this issue in a newspaper and would like to join this lawsuit against Capital One. Thanks"
11060,"On XX/XX/year> I attended a XXXX XXXX XXXX  event at a venue called XXXX XXXX XXXX in XXXX XXXX XXXXXXXX. Upon arrival I was verbally told there would be a {$900.00} minimum spend, which I agreed to, and signed a card saying I would pay this amount, although the amount was blank on the card. 
I purchased drinks at the bar, and the card was returned to me. A few days later I was charged {$2900.00} dollars at XXXX XXXX, {$270.00} at a venue called XXXX XXXX  that I did not go to, and {$160.00} for a Black Car that I was not in. The XXXX XXXX provided me with a receiped for {$2900.00} that I did not sign. It is pretty clear that the envelope trick is a scam used to swipe the card on readers and since it is XXXX XXXX XXXX this company believes it has the right to take advantage of people going out with money. The alarming fact is the XXXX XXXX is a real company and they are pulling this scam, despite standards that are supposed to be enforced by credit card companies. After reporting these three unauthorized charges to Wells Fargo and waiting several days, the claim was reversed in their favor. Wells Fargo does not protect its consumers and is falsely advertising their credit card product."
11061,"I used BOA debit card to make a purchase {$400.00} for XXXX intial deposition, but the BOA account was recorded as withdraw, so I was charged a fee of {$10.00}. BOA originally promised me that they would refund me after the bill was released, but then they said that the system could not be executed after the bill was released. I had the opportunity to cancel the transaction, but I did not execute it because I believed they would refund."
11062,"https : XXXX ( as reference ) Unfair and abusive Acts - why is there a fee to cash a check on an account from the financial institution that holds the account? 
I was given a check drawn on M & T bank account for {$800.00} I went to M & T to cash it and since i was not a M & T customer they wanted to charge me 2 % of the value {$16.00}!!! 
This is a check drawn on a M & T Account. 
This appears to be common but is abusive and should be prevented. The account holder has contracted M & T to provide that service, why is the beneficiary being charged?"
11063,I went online land locked my card on XX/XX/2021 as I always do when Im not using it later that day I went to unlock it I couldnt log in saying my password was incorrect then the website kept saying its experiencing technical difficulties I spoke to a representative who told me she didnt know why my account was locked and I told her it wasnt locked because I didnt get an email she said I did again I didnt she then said shed send it over for review and it will be two business days so I get an email at XXXX telling me my account is permanently suspended due to me receiving a direct deposit not in my name? Mind you the only deposit I get is my stimulus check which Ive been a customer for the last 5 years and this is the second time they closed my account the first time is because my last name is XXXX XXXX XXXX under my employer and my account states XXXX XXXX however name address social security all is the same?? For 5 years these people are the worst I speak to 5 different people then ask them are my funds secure? They tell me they dont know? However the first XXXX this happened I spoke to someone who could tell me and not only tell me but got it resolved and my account back open before the letter I sent them probably even arrived then they tell me to call XXXX XXXX at XXXX @ XXXX as if she is bluebird company? I need my money my last two stimulus checks came to this same account with no problem just like my last direct deposits for 5 years was being deposited so they just give you the run around close your account then their website is down its all over the internet and its happening to everybody I stopped my employer deposits from this account once I get my money back this time Im completely done with bluebird forever
11064,"Consumer Financial Protection Bureau XXXX XXXX XXXX XXXX XXXX XXXX XXXX To Whom It May Concern, I am writing to file a formal complaint against Midland Credit regarding their handling of accounts that were opened fraudulently and their failure to validate these accounts despite my repeated attempts to resolve the matter. 


I have previously disputed these accounts with Midland Credit and the original creditor and provided them with documentation proving the fraudulent nature of these accounts. However, they have not taken the necessary steps to validate these debts as required by law, and they continue their collection efforts. 

I request the Consumer Financial Protection Bureau to investigate this matter thoroughly and take appropriate action against Midland Credit. I also request assistance in ensuring the removal of any negative reporting associated with these fraudulent accounts from my credit reports. 

I appreciate your prompt attention to this matter and look forward to a resolution. 

Sincerely, XXXX XXXX"
11065,"Loan is an interest only loan that now has a principle payment added. My father passed away several years ago and my mom has a trust where she is the trustee for the trust in the name of my father. My name is also listed, however this bank constantly loses things that are faxed to them and they repeatedly ask for things over and over. Not talking to my mom, telling her they CAN NOT talk to her. 

I need someone from the bank to look into this ... .please. The mortgage payment went from {$1000.00} to {$1900.00} per month, my XXXX yr old mother will not be able to pay this on SS and pension alone ... .we need help from someone"
11066,"I reviewed my Consumer Reports and noticed that I had two late payments on an account that I was never late for. Consumer Reporting Agencies have assumed a vital role and have a responsibility to report Consumer information to the best of their ability with Maximum Accuracy. I have never been late on payments for the account : XXXX : # XXXX Please investigate and provide Proof with statements showing that these payments were late. If proof can't be provided I demand these payments be updated to on time as they should be as I was NEVER Late. Thanks,"
11067,"XXXX XXXX XXXX has certified figures as correct & true to the NJ courts, while helping secure a Final Judgment. However it is clear they used CREATIVE Accounting and used made up figures and wrong dates. This Foreclosure complaint is wrong from the start to the present & new recent evidence leads us to strongly believe that fraud has also been committed to secure a Final Judgment. 
XXXX XXXX XXXX XXXX for XXXX XXXX is the substitute Plaintiff on this Foreclosure with wrong figures from the beginning. It was started wrongly by XXXX XXXX XXXX and attorney Pluese, Becker & Saltzman with a negative escrow balance In breach of the modification contract. They were told by us many times that there was an error but they refused to listen. We now have the proof and its in front of the court on n a Motion to Vacate FJ."
11068,"On XX/XX/XXXX I transferred monies ( {$4000.00} ) from XXXX XXXXXXXX XXXX XXXX XXXX XXXX XXXX XXXX XXXX with Commenity Bank. Unfortunately I misread the credit card number of the Commenity Credit Card account. When I did not see the transferred funds applied to my account, I contacted Customer Service and was told it could take 90 days to be applied. 

On XXXX XXXX I sent a message to Commenity Bank regarding this transaction along with the transaction details provided by XXXX XXXX. At this point I was informed that it would take up to 90 days for resolution and no interest would be charged on the disputed amount. 

On XXXX XXXX there was not response. On Friday, XXXX XXXX I placed a call to Customer Service and was told that I would receive a response within two weeks. Again, the 2 weeks went by with no response. And i believe that monthly interest has been charged on the disputed amount. 

I called again and was connected to XXXX ( operator # XXXX ) who escalated my complaint. 
It is now elevated to Senior Account XXXXXXXX XXXX XXXX. They said I would receive a letter in the mail regarding the resolution. 

On Monday, XX/XX/XXXX Commenity Bank will no longer handle the credit card transactions for XXXX XXXX XXXX XXXX. The credit card accounts will be transferred to XXXX XXXX. When I asked about the balance on Commenity card, I was informed it would transfer to XXXX XXXX would then have the balance. 

The next email correspondence, XXXX XXXX informed me that it could be another 90 days before this is resolved. 

I cannnot wait for 6 months to pass before this incident is resolved."
11069,THIS NEGATIVE ACCOUNT APPEARS AS AN UNPAID CHARGE -OFF WITH AN OUTSTANDING BALANCE XXXX. THIS ACCOUNT 'S REPORTING OPEN DATE IS ON THE XX/XX/2014. PLEASE REMOVE THIS ACCOUNT IMMEDIATELY. IT IS REALLY AFFECTING ME A LOT.
11070,That has been recirculated now XXXX times and is the result of retribution for a bad XXXX review when they charged my account {$40.00} for a missed appointment for my XXXX daughter. I had never signed any paperwork saying that I would pay such a feat and I tore them up on yelp now they will not let it go in this company continues to persecute me for any legal debt debt I do not know that they have no proof of and yet they continue to extort people for fake debts. When are we going to stop it?
11071,"My vehicle loan was set up with A-L Financial on XXXX, XXXX and was scheduled for 42 month term. I have paid all my payments with a few hiccups. In XXXX of XXXX my car was impounded and the vehicle was repossessed by A-L Financial even though I was current on payments. I understand this is to protect their investment but charging a full repossession fee of {$690.00} when someone is current is outrageous. In XX/XX/XXXX I spoke to a manager in the XXXX office and asked if my payments would be ok being paid on the XXXX if each month since my payment was due on the XXXX prior. She advised me that would be perfectly ok and to add {$1.00} in payments to cover interest which I did. After this, things went on as normal and payments being made. On XX/XX/XXXX I called and talked to XXXX about what was left owed on my vehicle since I was coming to the end of my term. She gave me a balance of $ XXXX which I questioned because I knew I should or only had 1 more payment of {$330.00} since XX/XX/XXXX would be 42 months. On XX/XX/XXXX I talked to XXXX again and requested a summary of payments. On this summary of payments it shows 40 payments of {$330.00}, 1 payment of {$360.00}, 1 payment of {$350.00}, 1 payment of {$340.00} and 1 payment of {$330.00}. Which is 40 payments of regular payments and 4 payments covering any fees told by the office that was owed. On XX/XX/XXXX I called and talked to XXXX again. She advised me that I had a balance of {$330.00} which was paid as well. When I questioned the amount and payments XXXX response was check with your accountant I asked for her to help me and she replied thats just what the system says and there was late fees. I understand that there was late fees and the total was {$300.00} which would only equal to 1 additional payment not 3. This company has charged me an additional $ XXXX in fees and supposed Interest."
11072,"Experian is knowingly reporting aliases that are not my legal name and has refused to provide documentation establishing the validity of these aliases despite my request and despite receiving proof of my legal identity. My legal name is XXXX XXXX and they were asked to remove all inaccurate information that does not reflect my legal name. They have my drivers license and social security card stating the accurate name. According to the Fair Credit Reporting Act ( FCRA ) requires Experian to report information with the maximum possible accuracy, not simply repeat whatever a furnisher reported."
11073,"I am filing this formal complaint against Wells Fargo Bank for systemic banking misconduct, policy misrepresentation, and negligence that has resulted in catastrophic financial loss and personal harm.

Wells Fargo failed to honor its publicly communicated 1-day grace period for ACH transactions. Despite receiving text and email alerts stating I had until the following day to cover incoming debits, the bank repeatedly returned payments on the same daycontrary to its own messaging and practice of over 10 years. 

As a direct result of these returned payments, I suffered : The * * permanent loss of a {$50000.00} life insurance policy * * covering my elderly grandmother, who is now uninsurable. 
The * * loss of a {$500000.00} life insurance policy * * on my husband, which can not be reinstated. 
Emotional and physical trauma, requiring medical treatment due to stress, XXXX XXXX, and sleep disruption.


The collapse of multiple utility and financial relationships, damaging my credit and credibility. The disruption of my small business operations due to instability caused by account failures. I attempted to resolve this with Wells Fargo through customer service and internal complaints, but I was repeatedly met with silence or deflection. I have maintained records of : Grace period policy messages Returned ACH transactions Insurance policy cancellations Medical documentation Communications with Wells Fargo The harm is ongoing, and I am pursuing legal action to seek restitution and punitive damages. However, I am also filing with your agency to request investigation, regulatory review, and consumer protection oversight. Wells Fargos disregard for its own policies has devastated my life and caused irreparable damage to my family 's financial future and emotional wellbeing. Thank you for your attention and for helping ensure that no other consumer is treated this way."
11074,"I have a Fortiva credit card with a {$2500.00} limit. I made a {$2000.00} payment on XX/XX/year>. My account currently shows an unexplained balance of more than {$1200.00}. 

For over one week, the Fortiva online portal and mobile app have shown no posted transactions, no pending transactions, and no itemized activity. The transaction history is completely blank, even though the account shows a balance. 

I contacted customer service multiple times. I explained that I can not verify the accuracy of the balance because no transactions are visible. I requested a manual itemized list of all posted and pending transactions for the current billing cycle. 

Fortivas representative stated in writing : We are unable to provide the transaction details in a manual letter.

This means Fortiva is refusing to provide transaction details at all, despite the system failing to display them for more than seven days. 

This is a direct violation of : The Fair Credit Billing Act Regulation Z disclosure requirements My right to verify charges My right to dispute unverified balances I am requesting CFPB assistance to obtain : XXXX. A complete list of all posted and pending transactions for the current billing cycle. 
XXXX. A formal investigation into Fortivas failure to provide legally required billing disclosures. 
XXXX. Confirmation that interest and fees will not accrue on the unverified balance. 

I have attached screenshots of the conversation showing Fortiva refusing to provide transaction details."
11075,"Our mortgage is currently with Specialized Loan Servicing ( SLS ). When COVID forbearance options became available, we requested a forbearance on our mortgage, but quickly realized we didn't need those benefits and requested to have the forbearance removed. They removed the forbearance promptly and all seemed well. This occurred XXXX 2020. 

Some time around XXXX, our account began a review for mortgage assistance, although that was never requested by me or my husband. I spoke with a representative on the phone who confirmed this review started with no specific request from the account holders. This mortgage assistance review caused a slew of issues. Our normal monthly payments and escrow only payments were disrupted and were not applied appropriately without having to contact the company by phone ( which is very difficult to do ) to get the account situated. 

The main reason for my complaint today is the valuation report that occurred as a result of the mortgage assistance review/request. We were charged an {$85.00} fee for this valuation report that, again, we never requested. I spoke on the phone with SLS requesting for the fee to be waived two different times and sent a written letter requesting the same. We received a letter from the company saying they received the request and were reviewing it around the beginning of XXXX and have not received a response. 

We never requested mortgage assistance. We were paying our mortgage each month and was never late or behind. We never requested a valuation report that we were charged for. I really wish we could switch mortgage companies, but all I am requesting today is reimbursement of the {$85.00} fee for the valuation report we never requested."
11076,"Paid full balance of expiring balance transfer, but Citi Bank applied the balance to balance transfer expiring next year. then they change full interest on expired balance. Also, No way to pay balance to the near expiring balance offer. Even if we pay full balance on due date, still they change interest on mid billing cycle balance transfers offer."
11077,"Response to complaint id XXXX. 
My employer did not receive any funds back from Citibank after my account was closed. The missed funds are in the amount of {$5300.00}. 
if citi bank really reverted the money back to employer till now they should receive right. its been more than 5months. please give me proof or confirmation of date time and transaction number details to track. If citi bank didn't reverted money back to my employer, please do now without any more delay and provide transaction details. 
please find attachment the response i got from my employer regarding money. 

my employer Email : XXXX XXXX"
11078,Due to XXXX my income decreased tremendously Ive reached out to flagstar several times and have yet to receive any information or helpful assistance to keep my home. I have told them several times my home is occupied and I would love to keep my home. I was recently approved for the Gov assistance grant for XXXX dollars since Ive been calling flagstar everyday. Finally they told me they received it I asked the customer service rep for flagstar how much more did I owe he told me the would reach out in a few days. I never received a call or email. Every time I call and speak with a supervisor or customer service rep I get the same exact run around every time. They tell me they will give me a call back and it never happens. It seems as though there allowing time and interest to accumulate theyve already received the Gov. grant its going on two months. I need my home I have XXXX children and this is our only home.
11079,"Payment is not properly applied. Payment should apply first to principal and interest only. 
Previously complained. They corrected it. It happened again. In addition, the bank statement doesn't show how they came to the final regular payment. If there is a late fee, it doesn't show in the statement. I complained again today and the complaint # XXXX. The bank associate agreed there is a problem and is very helpful. There is either a problem with bank on line payment system and printed statements or Bank of America deliberately adopting financial malpractice."
11080,"I filled out an online application through Bank of America for a Home Equity Line of Credit. At no point in the process does it stipulate that they have changed their policy. Their new policy requires Bank of America to be the first lien holder in order to apply for a Home Equity Line of Credit. 

I went through the entire application and BoA made a hard pull against my credit for no reason. If they had listed that information anywhere on their site, I obviously wouldn't have completed the application and had them do a hard pull against my credit. 

No feedback was given aside from information stating the application was denied. I had to call into their support line to talk to someone who explained the reason the application was denied."
11081,"I am writing regarding the account being reported by, Summit A R, which reflects inconsistent and inaccurate information across the three major credit bureaus. Specifically, the reported date opened, account number, payment history, balance, term length, and charge-off status are not consistent, which constitutes inaccurate reporting under 15 U.S.C. 1681e ( b ). Furthermore, pursuant to 15 U.S.C. 1681i ( a ) and 15 U.S.C. 1692g, Summit A R has failed to provide proper validation of this alleged debt. To date, they have not produced Furthermore, pursuant to 15 U.S.C. 1681i ( a ) and 15 U.S.C. 1692g, Summit A R has failed to provide proper validation of this alleged debt. To date, they have not produced"
11082,"United Wholsale Mortage ( UWM ) sold my mortage in XX/XX/year> to XXXX XXXX. I was not notified they did transfer my XXXX payment to the new mortage company XXXX XXXX, however did not transer the XXXX payment. 

My Bank XXXX XXXX XXXX XXXX as confirmed they received and processed the payment on XX/XX/XXXX, they claim to have no record. XXXX XXXX only received the XXXX payment and now is threatening debt collection, credit score damage late fees etc. 

I have sent numberous emails, countless hours on the phone with both companies especially XXXX they continue to refund the payment of {$44000.00} My account number with XXXX is XXXX I am have explained I am a XXXX Veteran on a fixed income of VA and SSN and this is causing not only financial hardship but issues with my XXXX."
11083,"I am disputing the fraudulent accounts reflected on my credit report. These accounts were never opened, used, or authorized by me, yet they are being wrongfully reported as if they are valid. This is a serious error that compromises the accuracy of my credit file and undermines my financial credibility."
11084,"XXXX XXXX, 2025, $ XXXX sent from my chase checking bank account via XXXX XXXX ( XXXX ) XXXX, XXXX XXXX XXXXXXXX XXXX XXXXXXXX, XXXX, MA XXXX XXXX XXXX XXXX XXXX ( XXXX XXXX XXXX, XXXX, MA XXXX ). The XXXX payment note includedmyrental address and stated it was for Bills for XX/XX/XXXX. ( rent ) I never engaged this company for services, nor have I received any goods or benefits from them. This payment was intended for my landlord, but due to a mistake, the funds were sent to XXXX XXXX XXXX XXXX the last party I had transacted with on behalf of a friend for their car moving service because they did not have a XXXX account. Their name was on all the info for that, nothing to do with me. This error was not discovered until the landlord inquired about the missing XXXX rent payment. I tried everything I could to reverse it. 

On multiple occasions, the owner of the XXXX account acknowledged by phone that the payment was sent in error and stated the funds would be returned. To date, no repayment has been made. A XXXX request for the {$2000.00} was sent multiple times, emails sent, calls made etc. I made multiple claims with XXXX, noting to see what the business was and my "" notes '' for what the payment was for to see it was not intended for them and nothing. 

I am need of major help to recoup the {$2000.00}."
11085,"Hello, I guess where I am confused, is that I requested debt validation/verification, sent that on the first of XXXX. I gave Gatestone, the 30 days which if I recall correctly by is acceptable. I wasnt until I requested it a second time and reached out to the consumer financial protection bureau that you responded. 



Are these valid methods of contact? 

Toll Free : XXXX Email ID : XXXX Because Ive tried these several times Why do I once again need to go through the CFPB to get a valid respones? 

Why does it take going through them, for Gatestone to provide another number XXXX that you say I can now call directly. More importantly, why isnt this number on your website? 

Ive called, Ive emailed, Ive left messages with your provided contact information on your website with XXXX  response. Once again, only when the CFPB is involved does Gatestone respond. 

So...... Here is my lawyers contact information XXXX Bankruptcy ( XXXX ) XXXX feel free to reach out to him. 

Also, Im available at XXXX CST after XXXX XXXX."
11086,"I have held a checking account for approx. XXXX  years. XXXX years ago, I added my son 's name. XXXX  years ago my grandson opened an account as well. I noticed that although I was the primary, both son and grandson became the primary. Unfortunately, my sons'/mine account was compromised. I had issued XXXX checks before I received a call from my son telling me of the freeze. I was away at the time and when I returned home, I met with Eastern Bank in an effort to open a new account. I asked why wasn't I also notify of the problem and was told it went to the primary. I insisted that I should have been officially notified but I was asked "" What if there were XXXX names on the account - we couldn't notify all of them - I said they all should be notified. Did my son and grandson became a primary because of being male? I have made XXXX trips to the bank to straighten this mess out. I was told to contact XXXX alerting them of the change. While on the website - someone named XXXX said he would help- the next day I was charged {$55.00} when XXXX told me it would be a {$5.00} charge. Thanks XXXX. In my opinion, my rights as a primary holder of a XXXX year checking account should be notified and why has this present practice been justified? XXXX XXXX"
11087,"As of today, XXXX XXXX, 2016 I pulled my credit with XXXX and noticed that a new collection has been placed on my account. I also noticed that this was under a name and address not associated with me. I have recently, as of XXXX XXXX filed multiple complaints with the CFPB, FTC and all three ( XXXX, XXXX and XXXX ) concerning identity theft. I also understand that the original creditor is XXXX XXXX XXXX, to which I have never had an account. My wife and I have always split our utilities and she has always had XXXX XXXX XXXX in her name. Even so, her name as is mine, is not similar to the name being reported on my credit report. This needs to be removed immediately because this is indicative of identity theft."
11088,"On XX/XX/22 a XXXX money transfer was made from my checking account to a XXXX XXXX for the amount of {$480.00}. On the same day I reported it to my bank that I never authorized this transfer and I dont know who the recipient is. 

Wells Fargo immediately closed all of my online access and closed the checking account. 3 days later I called to see the status and was issued a new checking account number. They told me they would be investigating the transfer. 

On XX/XX/22 I received a letter stating they finished their investigation and the claim has been closed. No reimbursement to my account was made. Follow receiving this letter, I called the claims center and spoke with XXXX from Wells Fargo, he would not give his ID number. After 30 minutes of getting no where, I asked to speak with his manager. I was put on hold for 15minutes. And was told he couldnt transfer me, but would transfer me to resolution dept. After 15minutes of holding, the line discounted. I call a gain, and then spoke with XXXX # XXXX from Wells Fargo. After she reviewed my claim, I was told to submit an incident report or police report. I explained that I have no documentation, except what I have already explained to them. I have no such documentation to prove it was not me who did this online transaction. I have no information to file a police report."
11089,"I am writing to express my frustration with unresolved issues on my account, including : XXXX. Unauthorized transactions that have not been addressed. 
XXXX. My account being locked without clear communication or resolution. 
XXXX. Delayed and missing transfers. 
Additionally, I am particularly upset that Cash App has gone against its own promises to protect my account. First, I was assured that my account would be secure and that any suspicious activity would be immediately flagged and investigated. However, unauthorized transactions were processed without any alerts or intervention from your team. Second, despite being told that my account would remain protected, it was locked without sufficient explanation, leaving me without access to my funds for an extended period. 
Despite multiple attempts to resolve these issues with support, I have not received a satisfactory response."
11090,"On XX/XX/2020, filed a fraud claim with Synchrony/CareCredit against XXXX  XXXX doing business under the name, XXXX  XXXX XXXX XXXX ( attached ). Asked for accumulated charges, billed by XXXX XXXX XXXX XXXX and XXXX XXXX XXXX XXXX, in the amount of {$960.00} be refunded due to fraudulently billing and advertising for a weight loss program that offered weight loss monitoring, supervised medical health assessments and phentermine, a powerful weight loss medication approved by FDA. In letter provided by CareCredit, sent on XX/XX/2020, outlining the conclusion of its investigation, investigators acting on behalf of Synchrony/CareCredit determined that I am responsible for fraudulent service charges ( attached ). However, I disagree with the findings and the scoop of the investigation. The Fair Credit Billing Act ( FCBA ) states it was my responsibility to dispute billing error charges within 60 days of appearing on my CareCredit charge account statement. Synchrony/CareCredit investigators concluded that a doctor providing and billing nearly {$1000.00} for incomplete/fake assessment and issuing counterfeit prescriptions as a billing errors. I disagree with the findings and the scoop of the investigation. Therefore, in addition to charges billed by XXXX  XXXX XXXX XXXX, I amend my complaint to include a formal complaint against Synchrony/CareCredit for disregarding FCBA ( attached ). I have resubmitted my complaint to Synchrony/CareCredit. As continue to dispute charges in the amount of {$960.00}, I ask that CareCredit provide proof used to reject my claim and CFPB to investigate Synchrony/validity refusal to refund all charges billed XXXX XXXX XXXX XXXX."
11091,"On XX/XX/2018 I applied for a conventional mortgage loan with Quicken Loans. After discussing a few mortgage options with one of their Mortgage Bankers, I plainly stated I wanted a loan estimate on a 30 year conventional loan. I've now requested the loan estimate 3 times in writing and each time the Mortgage Banker has replied with a request to talk over the phone. His written reply to my third request is : "" Yes I know what the loan estimate is. I have a big discount in your loan and to send the loan estimate we have to fully approve the discount. In order for my director to approve that, we need to know that you guys are willing to move forward. '' This process seems backwards to me and somewhat predatory. Why would I commit to a mortgage without first reviewing all the details of that mortgage."
11092,"I received a letter in the mail on XX/XX/2022 from Yamaha Financial Services stating their have been changes made with the credit card consumer agreement between myself and XXXX. 
I do not have a Yamaha credit card nor have I made a purchase with Yamaha. 
I called the number on the letter ( XXXX ) and they were asking me my social security number and phone numbers. 
I did not provide the additional information requested, but they do have my name and full address.

They said they would 'handle it '.

My concern is someone may be using a credit card using my name which I never requested."
11093,"I have sent 2 certified letters asking all credit reporting agencies to VALIDATED ( not a verification ) this account with proof of the Certified copy of the TRUE BILL ( not a statement ) and copies of Original documents with my ( Wet Seal Signature ) on them nothing has been sent to me showing the account was VALIDATED or Original Documents showing my Wet Seal Signature with certified copies of the TRUE BILL ( not a statement or a verification ) I Now Demand these request to be placed on file that I have requested these items that have been ignored the credit agencies told me that they closed the case and stating my reasons had nothing to do with them the account was VALIDATED well i asked to be sent proof and that was not done I NEED THE ACCOUNT TO BE VALIDATED, Proof of My WET SEAL SIGNATURE SHOWN ON ORIGINAL DOCUMENTS AND A CERTIFIED COPY OF THE TRUE BILL to be sent to me i was told it was left up to the company to send you that I never received that information that was requested and the creditor closed the case as completed and VALIDATED this creditor also needs to update the address on accounts to XXXX XXXX XXXX XXXX XXXX XXXX  California XXXX acct. XXXX XXXX XXXX  # XXXX $ XXXX ..."
11094,"I attempted on the XXXX of XXXX to do a balance transfer from my Bank of America credit card to my XXXX credit card to take advantage of a XXXX XXXX APR offer from XXXX. 
However, when i got the email of bank of america on the next following day I saw increase in my bank of america balance.I misunderstood the process and initiated the transfer through the Bank of America app, which was labeled as a "" balance transfer. '' There was no clear explanation that it would send funds to XXXX instead of transferring debt from Bank of America. 

As a result, Bank of America increased my credit balance by {$3900.00} and transferred funds to XXXX, which was not my intention. I immediately contacted both banks. XXXX informed me they can only return the funds by mailing a check to me or depositing to my checking account. I chose the check, and I'm now waiting to receive it before I can attempt the balance transfer again this time correctly. 

In the meantime, Bank of America charged me a fee of {$150.00} for this transaction, even though it was based on a misunderstanding and resulted in a reversal process. I contacted Bank of America to ask for the fee to be waived due to the mistake and confusion, but they refused. 


Im requesting a refund of the {$150.00} balance transfer fee. The transaction was a mistake based on unclear labeling and process in the app, and I acted in good faith to correct it right away. It is unreasonable to be charged twice for a single transfer that didnt even serve its intended purpose."
11095,"I applied JetBlue Barclays card via online then I received the credit card on XX/XX/2023. It locked itself when I tried to activate. They required to call specific phone number XXXX but they open only XXXX so it was very difficulty to make a phone call because of my working schedule. 

I have been send copy of social security card, green card and utility bill 2 times already but they never respond me if they received. 
They asked me to pay membership fee {$99.00} even though I couldn't use the credit card because they still locked my credit card. 

Now XX/XX/2023, I paid membership fee and I have been calling they to check the status. However, they said "" just wait. '' Also, they said, they don't know how long it takes and they can't send me response via email or phone call. They said "" you need to call here to find out when we can unlock the credit card. '' Also, I can't cancel the credit card as long as they locked. Ah, they said they will cancel it anytime if I don't qualified. 

I don't know how long I need to wait to unlock. then I will lost the opening benefit. 

Please help me ...."
11096,Refinanced my loans through XXXX. XXXX sent checks out to all parties including discover. Discover received the check and cashed it but no credit was made to my account. An image of the check was sent to discover and still no answer as to where the XXXX went.
11097,"on XX/XX/year> at XXXX, my Cash App account was hacked while i was sleeping and they were able to make to make XXXX purchases totaling XXXX off of my debit card I had stored in the app. I immediately reached out to Cash App and they started an investigation that said it would take XXXX business days but when I called on XX/XX/XXXX, I was told the investigation was still ongoing even though I hadnt received any updates to know that and was told to wait at least another XXXX weeks for an update. The persons name is XXXX XXXX in the app and made purchases of XXXX, XXXX, XXXX, XXXX, XXXX, XXXX, XXXX, XXXX."
11098,"This complaint is also my official request for debt validation to Credit Collection Services. My attached letter clearly specifies the documents that must be provided under the FDCPA : the original signed contract, proof of ownership or assignment, the purchase agreement, and a detailed accounting of the balance. 
By using the CFPB complaint system, I am making sure my request is documented, forwarded, and acted upon properly. Consumers have the right to full transparency, and I expect Credit Collection Services to provide complete validation. 
To further protect my rights under the FCRA, I am also requesting information to verify the accuracy and completeness of the account they reported to the Credit Bureaus : the Date of First Delinquency, the date the account was charged off ; and the date the account was acquired by or assigned to Credit Collection Services."
11099,"I am writing to formally express my concerns regarding Zelles handling of disputes, particularly in light of the recent CFPB lawsuit highlighting significant issues with the platform. Despite using Zelle numerous times and reporting discrepancies my financial institution and Zelle failed to investigate my claims adequately. They informed me that recovering lost funds was impossible and that tracking these was infeasible. The CFPBs findings indicate that Zelle has not only neglected to protect consumers but has also allowed repeat offenders to exploit the system, leaving users vulnerable to scams. This lack of accountability and transparency is unacceptable and raises serious concerns about consumer safety."
11100,"I have received a call today and yesterday by the number XXXX ( XXXX XXXX, IA ). The voicemail script is following : "" Hi this message if for XXXX XXXX  this is XXXX with Wells Fargo home mortgage executive office calling in reference to correspondence XXXX  received from you through the consumer financial protection bureau my phone number is XXXX operation are Monday through Friday XXXX until XXXX XXXX  central time thank you .... '' I have written the letter to WF CRD SVC addressed XXXX XXXX XXXX, XXXX XXXX IA XXXX ( XXXX ). As far as I understand the internet search, this office is meant for credit card offer ; therefore, her statement of home mortgage has the discrepancy. Also, I only know the phone number XXXX, therefore, I believe this call of XXXX is the action of some kind of illegal activity."
11101,"i have submitted a complaint once already about shell point mortgage and they responded by sending me a letter saying they received the complaint and were sorry, they said they were looking into the matter and would send me an update on my file asap. I still have not received anything they still wo n't return my phone calls and my home is going to sheriffs sale on XXXX/XXXX/2016 I finally got an e-mail from them last night at XXXX saying that my case was under review and to call with any questions I tried calling anyone I talked to could n't help me they had to transfer me to a specialist who is never there and never returns phone calls now I am down to the last min to get something done and I ca n't do a dam thing because they refuse to do there jobs. ( so much for keeping my home )"
11102,"I am writing regarding a concerning matter I have noticed on my credit file. There appears to be a collection entry from your agency, which I was not previously aware of. Additionally, I have serious doubts about the accuracy of the debt being claimed. According to the Fair Debt Collection Practices Act, I have the right to request validation of this debt. I kindly request that you provide me with the required validation and take appropriate actions to address this issue."
11103,"ACCORDING TO 15 USC 1681I - EXPERIAN, XXXX, AND XXXX HAVE 30 DAYS TO INVESTIGATE AND SEND ME THE RESULTS. 

In accordance with the Fair Credit Reporting act. These accounts violated my federally protected consumer rights to privacy and confidentiality under 15 USC 1681.

XXXX XXXX Account number : XXXX - IDENTITY THEFT 15 U.S.C 1681 section 602 A. States I have the right to privacy.

15 U.S.C 1681 section 604 A Section 2 : It also states a consumer reporting agency can not furnish a account without my written instructions 15 U.S.C 1681c. ( a ) ( 5 ) Section States : no consumer reporting agency may make any consumer report containing any of the following items of information Any other adverse item of information, other than records of convictions of crimes which antedates the report by more than seven years.

15 U.S.C 1681s-2 ( A ) ( 1 ) A person shall not furnish any information relating to a consumer to any consumer reporting agency of the person knows or has reasonable cause to believe that the information is inaccurate."
11104,I was applying for a loan of XXXX with XXXX. there were several things they required before the loan was approved. one being that I verify my checking account. I never verified my checking account with them. which I thought means the loan application was not complete. but somehow the loan was approved and deposited to my account. I would have refused the loan except the deposit was made to my account with a negative balance making it imposable to rescind the loan. now the company wants me to make twelve XXXX payments to pay back this loan. they have already tried to receive two payments which has cost me XXXX in overdraft fees. I never finished their loan process so I don't know why they deposited the money into my account. not being able to stop the loan because of the negative balance. I am now stuck but I didn't want the loan that is why I didn't finish the process. I am living off social security I cant afford to make these outrageous payments. I do realize that the XXXX needs to be paid back. I suggest that two payments of XXXX a month with a final payment of XXXX on the third month to repay the loan. I realize that the total repayment equals only XXXX but that reflects the XXXX it has already cost me.
11105,"In XX/XX/2021 I purchased a new phone from XXXX using my Bank of America credit card and sent in my old phone for credit {$40.00} to be applied to my BOA card. At that time fraud charges were put on my credit card and I was notified by BOA. That was resolved. As a result, my credit card number was changed. When XXXX tried to appy the {$40.00} credit it could not because the number was changed. After contacting XXXX they re-applied the {$40.00} credit to my card. I then received a letter from BOA saying that the {$40.00} credit from XXXX applied to my card on XXXX XXXX was for a Fraud dispute and they were charging me {$40.00} because XXXX had already credited me. This is my complaint. I never claimed the {$40.00} credit was a fraud and BOA incorrectly recorded it as such. I have spent three days and over two hours on hold with BOA trying to get this fixed. Today was my third try and after being put on hold AGAIN to be connected to the "" Existing Fraud Claim '' department was disconnected. I understand this is not a large amount, however, BOA customer service department is terrible and if this has happened to me, other consumres may have had similar experiences."
11106,"Okay im resident of XXXX Ohio and I was scammed out of XXXX $ on Thursday XX/XX/XXXX. 
Okay this what happen i walked to the ace cash XXXX right and i had check in hand and id and was just trying to do business right. Im second in line up next, i get to the window and i gave her the check then she ask for id i gave it to her. Then she started talk to me like a Friend right we was talking bout nothing for real then she got the cash out the register right then counted the money .Then somebody walk in and i looked to see just a random boy then i looked back at the lady/employee she put some money back in the cash register. She acted as she put all the money up on the conuter all XXXX $ up but really put XXXX $ back in the cash register as i look away Sincerely unknown"
11107,"IN ACCORDANCE WITH THE FAIR CREDIT REPORTING ACT XXXX XXXX XXXX XXXX HAS VIOLATED MY RIGHTS. 

15 USC 1681 SECTION 602 STATES I HAVE THE RIGHT TO PRIVACY.

15 USC 1681 SECTION 604 A SECTION 2 : IT ALSO STATES A CONSUMER REPORTING AGENCY CAN NOT FURNISH A ACCOUNT WITHOUT WRITTEN INSTRUCTIONS.

15 USC 1666B : A CREDITOR MAY NOT TREAT A PAYMENT ON A CREDIT CARD ACCOUNT UNDER AN OPEN END CONSUMER CREDIT PLAN AS LATE OR PURPOSE"
11108,On XX/XX/24 I called Capital One Auto to find out why they were reporting my account as charged off when I had paid it off in full and had a letter from them stating the account was paid off in full. The agent told me I had to fill out a form and send it in and they would investigate it and XXXX would inform me of the results. On XX/XX/24 I checked my credit report and it changed from charged off with fixed interest to paid charged off. Which neither is true. They had a system malfunction and I started receiving some settlement agreements to speed up the pay off process. To which I turned down because the account was almost paid off and would reflect in a negative manner on my credit report. On XX/XX/24 I paid the balance off to capital one auto finance and the account was paid in full. This account was never charged off and for them to report it to the credit bureau is having a negative affect on my credit and making it very hard to get a new car loan. I was never notified that this account was charged off as I was in constant contact with them and I was making regular payments. How can it be a charge off if you pay the balance in full?
11109,"So I was scammed through someone posing to be my landlord. I had contacted them through a posting online in the beginning of XXXX. Then they later claimed they wanted the money through the post office money order. I met up with someone they claimed was a realtor who took my money and id. I was told I could pick up the keys then and I told to get new locks on the XXXX. I was there on the move in day. I found out that the building was owned by someone else. Also that someone else had moved in a week ago. I went to the police to file a report. They told me to check with the three major credit beaureus if there was any credit cards under my name or to inform them. They could only direct me to the FTC, and had me file a case for their detective. Then I went to the Post office but they made me pay a fee to investigate who the check went to. Also they said it would take two weeks to even get my money back. I have to move out soon so this makes it harder as I have to wait and see if theyll even be able to help or give me a not even full but they said a percentage of a refund. On top of this theres a whole secondary process for them to investigate it this further. Then I had to file a case at my bank Wells Fargo but they said because the money order wasnt with them I couldnt get my money back even though theyre the only one I bank with. Its honestly really sad and frustrating the way that the individual must make these leaps and we still have to pay to get our money back even though identity theft and scammers are so commonplace these days. Alongside this I was hoping to get a new numbers for my id, ssid, etc. Attached is the email of the scammer, proof the money was taken, also the contact name they pretended to be."
11110,I got my car back on XX/XX/year> and tried to get my car registered but could in XXXXXXXX XXXX. I then moved to Michigan where I was told it was because the title did not have the milage written in. I then proceeded to write in the milage and was told that the document was invalid and only credit acceptance could do it. I have called credit acceptance multiple times to have them send me the correct form. They proceeded to tell me I would get a call in XXXX days and no calls ever came in. I have reached a point where I just dont want to bother with them anymore.
11111,"I am filing a complaint against Cash App XXXX Block , Inc . ) due to inadequate customer service and unfair practices, which violate the Consumer Financial Protection Act ( CFPA ). Specifically, Cash App failed to take timely and effective measures to prevent and address fraud on their platform, leaving my account vulnerable and unprotected.Furthermore, their dispute resolution process was unfair and deceptive, as they did not comply with error resolution requirements under the Electronic Fraud Transfer Act ( EFTA ) and Regulation E. These actions have been caused significant inconvenience and financial loss, and I seek appropriate redress for these violations."
11112,"My Wells Fargo bank account was closed on XX/XX/2025 and I was supposed to receive a check of the exact amount of {$12000.00} within XXXX business days. It is currently XX/XX/2025 and I have still not received the check in the mail and the address is fully correct. I called customer support multiple times just to be told to pay fees, wait XXXX days, etc and was pushed away with dates being delayed over and over. This account was opened as a minor account, and these funds represent all of my available money. The delay has caused financial hardship."
11113,"On XX/XX/XXXX an scammer hacked my acct and made an online deposit for XXXX and contacted my son to return the money. He saw the deposit and informed the person he had the wrong person. The person began to send him threats via text and informed him to return the money via XXXX. As he did because he was scared and did not want any parts of the money. Once he informed me, I attempted to cancel the payments and was unsuccessful. He was not aware that this was an online deposit as this is his 1st bank account. I contacted customer service immediately and they informed me there was nothing they can do about the XXXX payments and go to the branch. I went to the branch and met with XXXX XXXX who is a Lead Associate of Operations. She assisted us with changing his user id and password and also verified that his account was accessed from a different time zone in the morning. We opened claims numbers : XXXX and XXXX for the fraudulent check and XXXX payments. I was informed to call the bank on XX/XX/XXXX to verify what type of deposit was made. I reviewed my statement and saw that this was a fake check that was deposited and was advised to allow XXXX business days for resolution. I made follow up calls XX/XX/XXXX and was informed that the check claim was cleared, and it was fraud but, the XXXX payment is still pending and to call back. I called on XX/XX/XXXX and spoke to an agent who informed me that the XXXX payment was approved on XX/XX/XXXX and to allow 10 days for the deposit to be refunded back into to account. That never happened! XX/XX/XXXX I spoke to a supervisor who informed me that I was provided incorrect information and there would be no refund for my original balance and the account is overdrawn {$580.00} due to the XXXX payments. I requested for the call to be pulled and to be honored. I have never received a follow up call."
11114,"SLS LN XXXX XXXX XXXX XXXX XXXX XXXX, XXXX XXXX CA XXXX XXXX XXXX ***THIS IS NOT A DUPLICATE COMPLAINT XXXX XXXX DIRECTLY REQUESTED THAT WE FILE THIS WITH CFPB, OCC , XXXX AND XXXX XXXX  OFFICE. 

The short sale was started XX/XX/XXXX with SLS. ( ( Please see previous CFPB complaints that have been cross-filed with XXXX XXXX, XXXX and XXXX XXXX office, attached. ) ) Today, XX/XX/XXXX SLSs Underwriting Department required a cash contribution from the borrower. This request is a violation of California State Law. Additionally, the borrower is a minority. SLS has no regard for Federal or State Law, nor servicing guidelines. 

**All of this is well after the buyer accepted their most recent counter offer on XX/XX/XXXX. This should never have gone back to underwriting review it should have gone out for an approval, since the counter offer was met. This is just another example of SLS dragging out decisioning to line their pockets with increased default servicing fees. 

SLS has already been fined for these same issues, yet they keep violating Federal and State Law. When is something going to be done about this? 


CC : 1. XXXX XXXX 2. OAG 3. XXXX XXXXs 4. OCC"
11115,IC System reporting debt to credit agency that doesn't belong to me I have asked for documents with my signature never received anything. Both account for XXXX and XXXX has the same account number different amounts. Have disputed this company with credit bureau the updated credit profile in 24hrs with not any proof or providing me with any new information. XXXX is one account XXXX is one account and XXXX is one account
11116,"On XX/XX/2020 I sent a debt validation to this collector with clear instructions to either provide proper validation of this debt or cease all collection activities including the reporting of this alleged account to my consumer reports. The collector did not provide any sort of response, much less proof of ownership of this alleged debt."
11117,"On XX/XX/2021, I submitted a FTC report along with a copy of my identification card and social security card. I called on XX/XX/2021 to see why i haven't received updated documents. I was informed that they never received my documents although they were certified and I explained that the receipt states it was delivered on XX/XX/2021. They still stated they do not have the documents and that I should resend them by mail again. They also stated that they didn't receive any documents from me since XXXX. Ok on XX/XX/2021 I resent the documents again by certified mail. The delivery date shows it was delivered certified on XX/XX/2021. I called today XX/XX/2021 to only be told ( by a SUPERVISOR ) that my documents still weren't receive and to the only thing I can do is resend them via mail. This company is playing with my credit profile but are also contributing to the identity theft that is already happening to me. How can a company be so careless with people important information. They constantly keep telling me that the documents weren't received, but I have the proof that they are being delivered to the correct address. So how exactly aren't you guys receiving these documents. If you aren't receiving them then who are? I feel that this company is being malicious and are not adhering to the FTC rules."
11118,"On XX/XX/24 I opened an account on line with Regions bank and was assigned an account number, and I also signed up for on line banking. I also funded the account with a {$50.00} opening deposit. Later that afternoon, I stopped in to a local branch and picked up two debit cards and assigned PIN numbers - one for me and one for my wife. I also activated these cards. The next day, I attempted to deposit {$200.00} in cash. That deposit was declined. I then tried to use the debit card at my dry cleaner and it was declined. I called the customer service line and after being transferred to various people who could not help me I was told that a block had been placed on my account by a local branch and only that branch would help me. Today, I was able to speak with someone at the branch and they told me that the account was closed due to a report of fraud. No other explanation was provided to me. I was told I would receive a letter and was told to call something called "" XXXX XXXX XXXX ''. When I asked for that number, I was told I could look it up myself. 

This process seems backwards. Why would a bank allow me to open an account, fund it, change my direct deposit and then two days later close it without a detailed explanation?"
11119,"I APPLIED FOR THISE CREDIT CARD AND RECIEVED A MILESTONE GOLD MASTER CARD WITH A {$300.00}. DOLLAR CREDIT LIMIT. AS SOON AS I RECIEVED IT I PAID THEIR {$75.00}. DOLLAR FEE WHICH WAS QUICKLY COLLECTED AND APPLIED TO MY ACCOUNT. I THEN WENT ON TO USE THE CARD, THEN ON THE THIRD OF XXXX I MADE A {$200.00}. PAYMENT IN ADVANCE OF THE REPORTING DATE FOR THE CARD. I RECIEVED A COFORMATION E-MAIL # XXXX THAT IS DATED ON THE XXXX OF XXXX AT XXXX XXXX PACIFIC TIME, AND STATES THAT IF THE PAYMENT IS MADE BEFORE XXXX XXXX  PACIFIC IT WOULD BE CREDITED TO MY ACCOUNT ON THE SAME DAY. THEY PURPOSELY HELD ON TO MY PAYMENT WITHOUT REPORTING THE PAYMENT UNTIL AFTER THE XXXX OF XXXX, I WAS CALLING THEM TO SEE WHY, AND I COUDNT GET AND ANSWER FROM THE XXXX TILL THE XXXX I WOULD CALL TO SEE WHY THEY WERE NOT CREDITING MY ACCOUNT, NOW I SEE WHY.THEY ALSO GO MY THE NAME OF THE XXXX XXXX XXXX, AND XXXX XXXX XXXX XXXX."
11120,"Actually XXXX of the above. Our bills through them are medical. A failed XXXX XXXX at XXXX XXXX that totally XXXX my wife. Patient relations understands this and has told me, "" just send what you can, when you can. I have documentation, cancelled checks and bank records showing I am making payments, more than I should but, even after advising them NO MORE CALLS, every day they call, some time several times a day. WE had to finally have a block put on our phone. They had called my work office and even advised my supervisor who they were and why they were calling. Disclosing my debt info to her! They even asked for my we whom they know to be XXXX and is not working. Especially at my place of employment. My supervisor can attest to this as they called several times after being told not too. "" I make regular payments to these people and they constantly harass us for more, more, more."
11121,On XX/XX/year> a man came up to me and took my phone and logged into my bank with out permission and wired himself through XXXX with my Wells Fargo account and without my consent gave himself {$1000.00}. I started a claim with Wells Fargo and with the police department. The one with Wells Fargo ( Claim : XXXX ) said that it was denied based on the information available to them and that the unauthorized activity was made through a secure online banking session by me or someone who had my authority yet I did not agree for him to be in my bank wiring any kind of money. My investigation with the police has not started because I have to show them the proof that I started a claim with my bank and have the full copy of the documents that made Wells Fargo come to the decision of denying my claim and have not received it yet. I have also tried to appeal to Wells Fargo with fax and have not received anything either.
11122,Comenity bank through XXXX XXXX  keeps charging me false late fees although I have paid off the balance They refuse to shut my account down when I pay my balance off. I even over paid my balance and requested my account be for ever closed. They mailed a credit check back but did not close the account. I keep getting XXXX dollar late fees for a zero balance. When I call they commonly put me on hold for 30+minutes and say they fixed the problem or couldnt fix it. They often hang up I spend about two hours every month trying to get resolution with these small late fee bills. I have paid off unjustified late fees three times
11123,"I am trying to pay my lawyer his {$150.00}. I opened a checking account with Discover and they do not let me use XXXX for 90 day lawyer uses XXXX XXXX too. The app said Discover declined and to call them. I did and they said nothing was wrong on their end. Tried again, declined. Called back and the rep told me not to yell at her and I was not. XXXX up and called someone else who finally told me Discover doesn't allow XXXX XXXX anymore because of their security update and to find another way to pay."
11124,"My car was repossessed by Bank of America on XX/XX/2021. I called the bank prior to this and asked them if there was anything they could to do to help me. I told the customer service agent that I had family sending money to me through the mail to pay my balance due ( around {$400.00} ). A few days after that phone call they took my car. They didnt offer any sort of payment plan or deferment. Im a single mom of two teens and I have medical issues. Im on XXXX. I relied on my car to get me to weekly doctor appointments and XXXX. I have no way to get to those appointments now as I dont have any friends or family close to where I live who can help with rides. I cant pick up my boys from their dads house so Im unable to see them much. 
When I made that phone call prior to the repossession, the customer service rep told me that I had to pay the loan off in full in order to get my car back. Obviously, that isnt possible when youre on a fixed income. I had been paying my car payment consistently for 3 years before this happened. I missed 3 payments because there was a suicide in my family ( so I was out of town for the funeral and grieving ). Also, My son went into septic shock after XXXX and was life flighted to another town. So I was out of town focusing on him for a while. He nearly died. It has been a very tough year. I wish they would have been willing to work with me. I bought that car with money that my dad left behind after his sudden death. 
I called Bank of America today and they said that my car hasnt gone to auction yet. They are still charging me for late payments and fees. I had my loan down to almost {$3500.00} and since it has been repossessed the loan about is now around {$4700.00}."
11125,"On XX/XX/2021, Coinbase sent me the following email : "" We noticed suspicious activity on your account and have suspended it for your safety. If you believe this was in error and are ready to reactivate your card, please contact us. '' When contacting Coinbase on XX/XX/2021, phone representatives indicated that the card was still in an active status but transactions were being declined. The representatives indicated this request would be internally forwarded. 



I received a message on XX/XX/2021 stating : "" Our team has completed our investigation of XXXX or more recent transactions which violated our Cardholder Agreement. We've determined that you do not meet the criteria to unblock your card. '' However, I was not informed of any transactions that violate the Cardholder Agreement. Furthermore, in the Cardholder Agreement there are the lines : "" If we refuse to approve a Card Transaction and/or restrict, suspend, or terminate your use of the Card and/or any or all Coinbase Services in this way, we will ( unless it would be unlawful for us to do so ), provide you with notice of our actions and the reasons for refusal, restriction, suspension, or termination where appropriate, with the procedure for correcting any factual errors that led to the refusal, suspension or termination. '' When asked for this information, Coinbase refused to provide any more detail on this suspension. I have not been provided any notice of suspension ( other than the initial notification indicating a temporary operational suspension ) and no reasons for Coinbase 's actions."
11126,"I am writing to formally dispute and request the correction of inaccurate personal information appearing on my credit report. Upon reviewing my report, I identified several discrepancies regarding my address. These inaccuracies are not associated with me and must be removed to ensure the accuracy and integrity of my credit profile. To ensure my credit report reflects accurate and up-to-date information, I request that my personal information be updated as follows : Full Name : XXXX XXXX Address : XXXX XXXX XXXX XXXX XXXX XXXX NY XXXX Social Security XXXX : XXXX Date of XXXX To support my request, I have included the following documentation : A copy of my government-issued ID confirming my legal name and date of birth. 
A recent utility bill to verify my current address. 
A copy of my Social Security card to confirm my SSN. 

This correspondence serves as a formal dispute under the Fair Credit Reporting Act ( FCRA ). I respectfully request that your agency : XXXX a thorough investigation to identify and remove any inaccurate personal information from my credit report. 
XXXX my credit profile to reflect the correct information as listed above. 
XXXX me with a written confirmation once the corrections have been made, along with an updated copy of my credit report. 

XXXX XXXX XXXX XXXXXXXX XXXX, NY XXXX XXXX XXXX XXXX XXXX, NY XXXX XXXX XXXX XXXX XXXX, NY XXXX"
11127,"Real Time Resolutions ( RTR ) currently claims they hold the collection rights to my HELOC. They claim that the total amount due is {$88000.00}, but I disagree with that figure. They have refused to provide accounting records to prove up debt owed. The balance on the debt was {$44000.00} a few years ago, so there is no legitimate way the debt could have grown to to the alleged {$88000.00}. I have demanded the accounting ledgers via Qualified Written Request ( QWR ) and RTR has failed to respond. Per RESPA law, RTR is required to respond with clarity to any QWR per 12 US Code 2605. RTR has also claimed that corresponding interest rate is 12 %, but has failed to provide valid proof of the rate. Based on the original mortgage note we signed, the interest rate was 4.5 %. I feel cheated and deceived by RTR and I am seeking your assistance on this matter."
11128,"XXXX XXXX XXXX XXXX. The account in question was opened fraudulently in my name. I checked my credit file in XXXX, found XXXX collection accounts ( XXXX from XXXX ), immediately reported fraud with all three credit bureaus, and contacted both collection agencies. I don't have a driver 's license and could not have got auto insurance. 

I don't have any facts or ideas regarsing who is responsible for opening this account in my name. 

Further, please remove these fraudulent collection accounts from my credit file with the XXXX credit bureaus. This has been a very frustrating experience. 

Finally, will someone update me when you have removed this account from my credit file? 

I await your reply. 

Thank you. 


XXXX XXXX XXXX, XXXX."
11129,"CFPB, This complaint is about Private Mortgage Insurance removal. In XX/XX/2020, I request Caliber Homes Loans to start the process to remove my PMI based on home value, Caliber indicated that I need an appraisal to know my home value. The appraisal was complete and deliver to Caliber on XX/XX/2020. In XXXX I was advised that I was given the wrong information by the teller and that I need to submit a BPO. The BPO has been completed and deliver. Both the BPO and appraisal show that my home value has going up and that I am eligible for PMI removal, however, Caliber has not made a decision on the matter. I feel that because of the months with the PMI and payments of appraisal and BPO I have lost thousands of dollars due to Caliber irresponsibility. Please contact me for more details. Thanks"
11130,"I dispute the XXXX XXXX account ( Acct # XXXXXXXX XXXX XXXX XXXX XXXX XXXX XXXX XXXX XXXX XXXX XXXX  ) because the closed date, creditor type, and date of last activity are inconsistent and conflicting across the three nationwide credit reporting agencies ( XXXX, Equifax, XXXX  ). I have disputed this item multiple times. Equifax has responded that the dispute is frivolous and refused further reinvestigation ; XXXX and XXXX have not corrected or deleted the inaccurate information. I have requested reinvestigation and documentation from all three bureaus and notified the furnisher to investigate under 1681s-2 ( b ). I request the CFPB investigate whether the bureaus and furnisher complied with the FCRA and order deletion of any information that can not be verified, and provide remedies for FCRA violations."
11131,"I received two unsolicited emails on XX/XX/XXXX from pay pal. The first asked me to "" confirm my email '', the second "" welcoming me to pay pal ''. I do not have, nor do I want to have a "" pay pal '' account ''. I do not do business with pay pal. Pay Pal is either opening an account in my name without my permission, or allowing some one else to open an account in my name fraudulently. I did not authorize a pay pay account and I am concerned that pay pal is stealing from me or allowing some one else to do transactions in my name. I do not and will not do business with pay pal and I want any pay pal activity in my name to be stopped immediately as it HAS NOT been authorized by me."
11132,"My Capital One Venture X card was closed overnight without explanation. I noticed when logging into Capital One that it said This account is Restricted. I called Capital One and they told me my account is in the process of being permanently closed. They refused to provide any information. I have not done anything to violate Capital One policy. They said a letter will be sent to the address on file, but Im not in the United States and therefore can not receive this letter. I was informed my {$390.00} annual fee will be refunded since it has not been 39 days since the fee was charged to my account ( XX/XX/XXXX ), but I did not receive my anniversary XXXX points, I have unused travel credit on capital one travel, and they informed me that they have redeemed my points for XXXX % of the value as statement credit, which I did not agree to. They couldve redeemed as cash back for travel purchases at a minimum since I have plenty of eligible travel purchases. I did some research and can see that this is not an isolated incident. Hundreds if not thousands of people have been the victim of capital one closing their cards without explanation, often just after the card anniversary and payment of annual fee. Before I get emotional and file a claim/arbitration or contact an attorney or investigative news outlet, I want a chance to speak with a member of the executive office of Capital One to confirm if this is a mistake and if my account can be reinstated and if all of the financial damage can be prevented. I find it beyond unreasonable that a credit card company would close a customers account overnight without any notice. I have never made a late payment and have never violated capital one policy."
11133,on XX/XX/XXXX my car company us auto sales went bankrupt and was told my loan was being transfer over to west lake portfolio mangement. my vehicle broke down due to transmission failing and called west lake to correct the problem since us auto sales say my loan was transferred. west lake agreed to put a request in because i was spending over XXXX XXXX to get my car fixed and west lake was not honoring the service agreement even t. on XX/XX/XXXX my vehicle was repo and i was told my payments were behind on the vehicle. i told west lake that i had to get my vehicle service since they did not honnor the service agreement with us auto sales. then west lake also said that i haven't paid on the car since i had for 2 years which is a lie and have payments to prove it. then they are charging me full price for my vehicle when i first got the vehicle 2 years ago in XX/XX/XXXX. they were telling me my whole loan started over but i never agreed to any loan starting over and did not get any phone call from us auto or west lake. and it still show that us auto is still the lein owner of my vehicle not west lake and they are not explaining any details from us auto sales contract.
11134,"In accordance with the Fair Credit Reporting act. The List of accounts below has violated my federally protected consumer rights to privacy and confidentiality under 15 USC 1681. 

Account Name : XXXX  Account Number : XXXX Account Name : XXXX Account Number : XXXX Account Name : XXXX XXXX Account Number : XXXX Account Name : XXXX XXXX Account Number : XXXX Account Name : XXXX Account Number : XXXX Account Name : XXXX Account Number : XXXX Account Name : XXXX XXXX Account Number : XXXX and list of Inquiries. 

15 U.S.C 1681 section 602 A. States I have the right to privacy.

15 U.S.C 1681 Section 604 A Section 2 : It also states a consumer reporting agency can not furnish a account without my written instructions 15 U.S.C 1681c. ( a ) ( 5 ) Section States : no consumer reporting agency may make any consumer report containing any of the following items of information Any other adverse item of information, other than records of convictions of crimes which antedates the report by more than XXXX years. 

15 U.S.C. 1681s-2 ( A ) ( 1 ) A person shall not furnish any information relating to a consumer to any consumer reporting agency if the person knows or has reasonable cause to believe that the information is inaccurate."
11135,"I am submitting my third request to have fraudulent items to be removed again from my credit report. I have already sent in a previous CFPB report to showcase my claims being an identity theft victim. During that event, I noticed that included 4 incorrect and erroneously added remarks for XXXX XXXX  ( 2 cards ) XXXX ( XXXX card ) and XXXX XXXX  account ; all to be removed from my TransUnion, XXXX, and XXXX accounts. 
This would also include any and all removal of inquires on these bureaus as well. 

This is a matter that was previously handled after sending in a full FTC report, Police Report, FTC Identity Theft Affidavit packet ( which was notarized ), my full-color copy of my license, social security card, and an official FTC statement along with a copy of 609B to properly explain my protection under the law for an obvious act of stolen identity for accounts I have no familiarity around. 

This was all completed in XXXX of 2024, and added back again in XXXX of 2024, I called back into each bureau by phone to re-verify that they received these items along with my CFPB report. Each bureau confirmed and took their time well over the XXXX mandatory business days by law required to remove these remarks ( which ultimately worked again. However upon checking today [ XXXX XXXX, 2024 ] I have noticed that all these accounts were reinserted and should not have been after confirming that they were permanently removed by your group and the three bureaus after checking my credit report. 


I am extremely shocked and appalled that this will continue to happen. I request that these be removed immediately and compensated for the consistent and egregious reinsertion of these items from each credit bureau. This is negatively affecting my ability to refinance my home as rates continue to drop and making me spend unnecessary money on force-pulling my credit reports every month."
11136,"I had a credit card with XXXX XXXX in XXXX or XXXX. I was unable to keep paying every month. XXXX XXXX put the owed payment to a debit collector named Midland Credit Management LLC. I noticed that it was reported on my credit report, which I understood. Yesterday, XX/XX/XXXX I was served with court papers stating that they were suing me for the amount I owed which is {$790.00}. This morning XX/XX/XXXX I reached out to Midland Credit Management 's attorney who is handling the case and left a voicemail stating that The amount appeared on my credit already and I'm confused why am I being sued. I also said in the voicemail that I'm currently unemployed so I can set up a payment plan or something but I don't have the full amount."
11137,"I am paying off my last and final payment on my XXXX mortgage, the loan officer told me my last payment would not be automatically taken from my account but that I would have to come in and write a check to PNC for a different amount than was on my last agreement, I did exactly as I was told, and wrote a check to PNC, XX/XX/22,, yesterday on XX/XX/22, I got a late none payment notice from PNC, I went to the branch and was XXXX XXXX to speak to the manager and they refused to give me the number of someone higher up, finally a assistant manager spoke with me to resolve this, I had to write another check with a higher amount to satisfy the loan then I personally took it to XXXX  to send it to the mortgage department, I seems this not a truth in lending process per my mortgage agreement and a negative affect on my credit score"
11138,"XXXX XXXX XXXX XXXX XXXX, They continued aggressive collections even though they were alerted of a active Bankruptcy # XXXX. This debt was paid for {$35.00} on XX/XX/2018 under duress. The G.M. at the store refused to waive a {$30.00} surcharge. The total paid by Bank Cashiers check was {$65.00}. Due to XXXX XXXX corporate office notified of BK # XXXX we are asking for a full refund of surcharge of {$30.00}."
11139,"XXXX weeks ago I got a notice that my credit card account with Capital One had been restricted. I spoke with customer service and they said I needed to upload several documents to clear the restriction. I uploaded all of the documents as requested. The called me this week to notify me that ( a ) all documents were received ( b ) all documents were accepted and validated and ( c ) the case is now closed. 

However, the restriction was not removed. I spoke with customer support yesterday and they said "" The system isn't refreshing your case status. Please wait XXXX hours and call back if the restriction isn't removed. '' I called back today and was told, your case has been closed, but you need to submit the following documents. They gave me the same exact list of documents I already provided. 

What is really going on here is Capital One is currently offering a XXXX bonus mile promotion for new accounts. However, by restricting the account, you CAN'T USE IT, meaning you will NOT get the bonus miles. 

This is an unethical ploy to get people to signup for the card, use, then they restrict the account so ( a ) it accrues interest but ( b ) you don't get to use any benefits! 

I also asked them to escalate the issue to management, AND THEY REFUSED."
11140,"My vehicle has been impounded since [ XX/XX/year> ], and I notified CarMax Auto Finance immediately to initiate voluntary repossession. I made multiple calls to inform them that I no longer had possession of the vehicle and requested they retrieve it from the impound lot. Despite this, the company has failed to act. 

I spoke with a representative and was told that the manager has not approved the impound fees, and therefore, they have not moved forward. As a result, storage fees are accumulating daily in my name, which is causing me financial harm. I am not in possession of the vehicle and have made it clear that I am surrendering it. This delay is entirely on the company. 

The vehicle is sitting untouched while CarMax delays processing, and Ive received no written confirmation or clear communication regarding resolution. 

I am requesting : Immediate repossession of the vehicle from the impound Removal of storage fees from my account Prevention of a repossession remark on my credit report Formal accountability for the companys delay and negligence I have documentation of the impound, dates, and phone logs verifying my attempts to resolve this early. Im asking the CFPB to step in before further financial damage occurs."
11141,"I have had a XXXX ( XXXX ) starting XX/XX/XXXX. XX/XX/XXXX one of my Doctors ( XXXX XXXX XXXX ) stated that I was likely XX/XX/XXXX. XX/XX/XXXX I was ruled by an administrative judge to be XXXX and eligible for Social Security XXXX. Veterans Legal Aid in XXXX County XXXX ( XXXX XXXX, XXXX. ) contacted these all of the federal student loan agencies but they have refused to discharge the loans as required under the law. The continued marking of my credit report as delinquent and and the large balance owed vs my poverty level income from Social Security XXXX leaves me very vulnerable to being unable to renew my lease XX/XX/XXXX as these directly impact credit scoring. 
DEPT OF ED / NELNET XXXX XXXX XXXX XXXX XXXX, XXXX XXXX ( XXXX ) XXXX XXXX XXXX XXXX XXXX, XXXX XXXX"
11142,"My first bill for local taxes came before XX/XX/year>, and I called RoundPoint mortgage to verify that they had recieved the new bill, and was assured over the phone that it would be taken care of. On XX/XX/XXXX, I recieved a non payment reminder, which I forwarded to RoundPoint Mortgage over email, and recieved an automated reply that they recieved the email. On XX/XX/XXXX, I recieved a late notice, and forwarded that to RoundPoint Mortgage and requested a call back from the company to myself and the tax department. I recieved a call back and was ensured over the phone that it would be paid. On XXXX  XXXX I recieved a third notice from the tax claim bureau that the bill still has not been paid, and forwarded that to RoundPoint over email and recieved both a computer response that it was accepted, and a phone call saying again that they would pay the bill. 

It is currently XX/XX/XXXX and this time I recieved certified letter from the tax bureau saying that the bill is not paid, I forwarding this to them and reporting them to you as well to see if any oversight organization can help me on this matter."
11143,I purchased a product from XXXX. It does not work properly. They refused to issue refused and I have jump through all the hoops and the are just playing games to avoid a refund. They even stated that if they deem it defective I wouldn't have to return it. That's how bad of a product it is. I notified klarna about an issue but I can't update nor communicate with them. I disputed the transaction with my bank since they do not have a means of communication.
11144,"In accordance with the Fair Credit Reporting act. The List of accounts below has violated my federally protected consumer rights to privacy and confidentiality under 15 USC 1681. 

Account Name : XXXX  Account Number : XXXX Account Name : XXXX XXXX Account Number : XXXX Account Name : XXXX  XXXX  Account Number : XXXX Account Name : XXXX XXXX Account Number : XXXX Account Name : XXXX  Account Number : XXXX Account Name : XXXX XXXX XXXX Account Number : XXXX Account Name : XXXX XXXX XXXX Account Number : XXXX Account Name : XXXX XXXX  Account Number : XXXX and list of Inquiries XXXX XXXX XXXX XXXX 15 U.S.C 1681 section 602 A. States I have the right to privacy.

15 U.S.C 1681 Section 604 A Section 2 : It also states a consumer reporting agency can not furnish a account without my written instructions 15 U.S.C 1681c. ( a ) ( 5 ) Section States : no consumer reporting agency may make any consumer report containing any of the following items of information Any other adverse item of information, other than records of convictions of crimes which antedates the report by more than seven years.

15 U.S.C. 1681s-2 ( A ) ( 1 ) A person shall not furnish any information relating to a consumer to any consumer reporting agency if the person knows or has reasonable cause to believe that the information is inaccurate."
11145,"I am writing because my Mortgage Servicer Ocwen reported a discharged amount to he IRS in the amount of {$22000.00}. They did not suffer a loss for this amount nor was my principal balance reduced by this amount after I completed a HAMP Loan modification in XX/XX/XXXX. I called Ocwen on XXXX/XXXX/XXXX and after spending 30 minutes on the phone the representative was unable to tell me why this amount was submitted and also confirmed that this amount does not reflect in my mortgage history. This is a huge error on their end and I can not file my federal income tax until it is resolved, otherwise the IRS will be looking to tax me on this amount as earned income which it obviously is not. I understand that during the course of the next 5 yrs there will be deferred interest and a principal reduction, however a loss can not be written off in advance prior to it happening. So Ocwen needs to either reduce my principal balance by {$22000.00} OR amend the XXXX and provide detailed information that reflects any loss they are reporting."
11146,"On XX/XX/2021, I made an ATM withdrawl. I requested {$200.00}, a mix of {$50.00} 's and {$20.00} 's. The machine dispensed two {$50.00} bills. Because the branch was not open yet, I called Wells Fargo and started a claim. The claim was denied. I then went into the branch and filed an "" escalated claim '', which was also denied."
11147,On XXXX XXXX XXXX I was informed that a vacation had been canceled that was to take place on XXXX XXXX XXXX. I had paid the full amount earlier on my chime account. It was deducted by XXXX XXXXXXXX XXXX. After finding this out I file for a refund which Chime claimed they investigated. Which was impossible because they came back 2 days later with a denial. The service I paid for was never rendered. I just recently found out I should try to have CFPB check into it. Chime later close my account because I tried again on XXXX XXXX with no results. Company also filed BankruptcyXXXX XXXX XXXX
11148,"I am filling a complaint against XXXX XXXX ( XXXX XXXX ) due to inadequate customer service and unfair practices, which violates the consumer Financial protection act ( CFPA ). Specifically cash app failed to take timely and effective measures to prevent and address fraud on their platform, leaving my account vulnerable and unprotected. Furthermore, their dispute resolution process was unfair and deceptive, as they did not comply with errors resolution requirements under the Electronic Fund Transfer Act ( EFTA ) and Regulation E. These actions have caused significant inconvenience and financial loss and I seek appropriate redress for these violations."
11149,"I missed a mortgage payment back in XXXX of XXXX. I was checking my credit and saw I had one 30 day late payment, but when I checked my account on their site it didnt show that it was late. I called to see if it was showing up on their end, but the guy ( His name was XXXX or XXXX XXXX said he didnt see anything and would look into it and call me back. He never did. I called a few times and left a couple of voicemails, but he never called back. The system they use is also really outdated and you cant just make a one time payment online since it was set up for recurring payments. About 7 months later I checked my credit again and it showed that I had 7, 30 day late payments. I called again and he told us which payment was late and I paid it. He said we could dispute the late payments since we tried contacting them months earlier to get it resolved which I tried to do, but didnt hear anything back. 

I hadnt disputed the late payments yet with the credit bureaus, but I checked my credit again because my wife and I wanted to buy a car and needed to dispute the late payments and get my credit back up. At this time it was XX/XX/XXXX and even though I made the payment beck in XXXX of XXXX, it was still showing up as late. I then contacted XXXX XXXX via email about it all and he didnt have record of me making the extra payment. I had to send him a statement showing I paid an extra payment on the mortgage in XXXX. He said he sent it to XXXX XXXX to get the 6 to 7 months of late payments taken off but that hasnt even happened yet and its XX/XX/XXXX. You can see how their system is very outdated. They couldnt even see on their end that I missed a payment all the way back in XX/XX/XXXX and that when I made the payment in XXXX of XXXX it didnt even show that I made the payment."
11150,"This is in regards to the Wells Fargo auto loan XXXX. I spoke with Wells Fargo on numerous occasions to inquire about the late payments on this account. I spoke with XXXX from Wells Fargo deferment department during these periods and advise him and the department that not only did I have XXXX in XXXX but I was laid off during these periods from 2 separate jobs due to unforeseen company closings. The late payments I am referencing are XXXX, XXXX, XXXX and XXXX of XXXX & XXXX. I was unemployed and struggling financially to keep up with my payments. I was still able to manage to make my payments within that time but they were late. Upon speaking with the deferment department I advised them of my current situation and they were more than willing to work with me on this matter and also advised me that I could in the near future once my loan has been paid back to reach out to Wells Fargo Corporate to have the late payments removed. I have since sent numerous letters to Wells Fargo corporate office and have not heard any response. I have been asking for Wells Fargo to please remove these negative marks from my Credit as I am in the process of purchasing a home for me and my family and these marks are hurting me a negative way. If you could please consider my request I would appreciate it very much. During those time periods I was experiencing temporary hardship and still trying to re-establish my family after recovering from the XXXX pandemic. I am now back on track 100 % with stable income and I am looking to build a stable future with my family. Thank you for your consideration into this matter."
11151,JEFFERSON CAPITAL SYST is falsely reporting on my credit. I have never had any accounts with them. Per my research JEFFERSON CAPITAL SYST is a debt collector. They are falsely reporting on my credit!! Account number is XXXX is falsely reporting to my credit file and is against my rights and fair credit act. Under XXXX XXXX XXXX - XXXX of investigation consumer report ; you are in violation.
11152,"I leased a XXXX XXXX XXXX through VW Financial / VW Credit XXXX I have paid off the lease a month ago ( XX/XX/XXXX ) and I still haven't received my title. I have contacted the company multiple times since paying off the loan to check the status of title and every time they tell me a different time frame. Latest call was on XX/XX/XXXX and they told me there is no ETA for the title release. 
They keep making an excuse that they have a new title vendor because of which it's taking long and they are unable to provide any ETA since its a third party vendor. 
They do not provide any escalation reference number nor any email to confirm whether the request has been escalated or not. 
Rep that I spoke to on the phone on XX/XX/XXXX said that they haven't even sent out the titles for the payoffs that they received in XXXX. 
Please look at this request on priority as I am suffering a financial loss because of this issue. I am paying for the insurance for the car that I don't need and the car value is depreciating on a daily basis."
11153,"In Spring '19, I last attended Florida XXXX XXXX and I called Navient to inform them that I needed my account on forbearance until I went back to school. I was told on a recorded line that it had been escalated to be resolved. However, in XXXX of this year I saw a very hard drop in my credit scores due to the account never being put in forbearance. I then called and explained I never received any calls, statements or any notice of me being late on any payments, where I got tacked on with 17 late/missed payments. I am beyond upset where now this is causing me financial hardship and I'm unable to attend school at getting a further education where I'm being denied access to funds."
11154,"I worked full-time ( >40 hours/week ) as a XXXX for a XXXX XXXX XXXX from XXXX XXXX XXXX XXXX XXXX Because I was enrolled in graduate school in the evenings, I was placed in "" in school XXXX '' and these two years are therefore not eligible for PSLF even though I was working full-time for a XXXX XXXX XXXX. I have requested that my loan be changed to "" administrative forebearance '' so that I may qualify for PSLF for the months that I was working full-time as a XXXX. I do not believe that being enrolled in school at night should exclude individuals from qualifying for PSLF when they were working full-time."
11155,"I am filing this complaint against Westlake Financial Services regarding the handling of my auto loan account, specifically involving a repossession, attempted redemption payment, and subsequent sale of my vehicle. On or about XXXX XXXX a payment was made on my account using a third-party card in an effort to redeem my repossessed vehicle. This payment was made prior to the sale of the vehicle and was intended to exercise my legal right of redemption. Despite this, Westlake Financial Services proceeded to sell the vehicle. Afterward, I was informed that the payment was reversed with the explanation of insufficient funds. However, I have not been provided with any documentation supporting this claim. I have made prior attempts to obtain clarification and documentation from the company, including requesting : * Payment processing records * Reason for the payment reversal * Date of vehicle sale * Full balance and deficiency calculation To date, Westlake Financial Services has failed to provide this information. I am disputing the accuracy of this account and the actions taken by the company. Specifically : * The lender has not verified whether the payment was properly processed or wrongfully reversed * The lender has not provided proof supporting the claim of insufficient funds * The vehicle may have been sold after a valid redemption attempt * The balance being reported may be inaccurate I have requesting that Westlake Financial Services : 1. Provide full documentation of the payment transaction, including authorization and reversal details 2. Provide the exact date of sale of the vehicle and all related notices 3. Provide a complete and accurate accounting of the remaining balance 4. Correct any inaccurate reporting to credit bureaus If the company can not provide sufficient documentation to support its claims, I am requesting that this account be corrected or removed from my credit report."
11156,"As a result of the XXXX data breach I wanted to block credit inquiries to all three major credit reporting agencies - XXXX XXXX, and Experian. I could block credit inquiries with XXXX XXXX XXXX for free, but Experion required that I establish an account with them at a minimum of {$10.00} a month in order to block credit inquiries. I believe this places an undue burden on me. I am only trying to protect myself from fraud which might result from the XXXX data breach. It seems unreasonable that I have to pay to protect myself from potential identify theft. XXXX and XXXX offer this simple protection for free."
11157,"I began a VA loan assumption with Mr. Cooper in XX/XX/. I was immediately aware of their advertised 4-6mo assumption process, but not aware this violated my rights under Regulation Z. They received all the required documents on XX/XX/XXXX. I received complete silence of any information or contact on their end. Over the course of the next month I called on average once a week and had to pry any information or timelines out of their customer service department. After taking it to their escalations department for a second time I was told I will be contacted by a loan officer on XX/XX/XXXX. This puts this above the 30 day ( 45, with notice of extension ) without any written ( email or otherwise ) notice from them. I will likely not have a loan estimate nor closing disclosures sent to me in the timeline required by the CFPB and have been forced to push the closing date to end of XXXX Furthermore, it is clear that Mr. Cooper has done everything in their power to dissuade their customers and borrowers from exercising their right of loan assumption. The examples I've ran into so far are : - Countless warnings of a 4-6 month process because they are "" backed up '' and have been since rates increased. 
- A false written statement in their assumptions package : "" Please be advised, the loan is not assumable according to the terms of the Note, if an unrelated third party is requesting to assume the debt. '' ( see 1st page, end of paragraph 2, on attached ) - Their escalations department stating my rights are not protected under the CFPB when attempting a credit qualifying assumption. 
- A complete lack of communication on documents needed and timelines for contact or next steps."
11158,"XX/XX/XXXX was when I made the first payment, that is, the financing. I did it with my cousin 's wife 's card because mine had been lost and had not yet arrived ( it was with my cousin 's knowledge ). Then, the weekly payments were made correctly, being these : XX/XX/XXXX, XXXX and XXXX, until reaching the month of XX/XX/XXXX. The payments from XX/XX/XXXX to XX/XX/XXXX, were invalid. 

On the XXXX, XXXX and XXXX of XXXX, the payments were made from my cousin 's wife 's account without me having any knowledge of it. I realized, when I didn't see the payments registered in my account. I immediately called and found out that they were using the wrong account. They were supposed to give it back but never did. On XX/XX/XXXX, my account was fully paid off. 

It happens that my cousin 's wife called her bank 5 days later to get her money back, without letting me know because we had agreed that I would make those payments, but Acima didn't let me know either.. 

I called realizing that my account was still open with an exaggerated sum approximately around {$1300.00} plus dollars. The only thing they told me was that I had to pay it because the XXXX-month term had already expired. 

My last call with them was this Wednesday the XXXX of XXXX, around XXXX. in the morning, which was the same answer. They have not wanted to make a fair payment agreement with me."
11159,"On XX/XX/XXXX my Citibank checking and savings accounts were frozen without any reasoning behind it I called the bank to find out the issue and they told me that my account has been closed due to potential fraud, but they couldn't elaborate on the matter and I still had {$1000.00} in my savings account that i am unable to access due to this matter."
11160,"I am a U.S. Department of Defense employee pursuing Public Service Loan Forgiveness ( PSLF ) with XXXX qualifying payments out of XXXX required. I have been continuously employed full-time in a qualifying PSLF position since XX/XX/XXXX. In XX/XX/XXXX, my account was placed into Administrative Forbearance by MOHELA after I applied for the SAVE repayment plan. I was not clearly informed that this forbearance would freeze my PSLF qualifying payment clock. As a result, I lost approximately 13 months of PSLF progress ( XX/XX/XXXX through XX/XX/XXXX ). Specific problems : 1. MOHELA placed my account in forbearance without adequate notice that this would stop my PSLF qualifying payments. I continued making payments of $ XXXX during this period but none counted toward PSLF. 2. My FSA payment history shows XXXX Eligible Payments but only XXXX Qualifying Payments - an XXXX gap. Despite submitting DoD employment certifications, MOHELA has not resolved this gap. 3. I can not reach MOHELA by phone. Wait times are excessive and calls go unanswered. This is my only recourse as secure messages take days to receive generic responses. 4. I submitted an IBR application on XX/XX/XXXX to end the forbearance as directed by MOHELA, but have received no confirmation of processing or a timeline. 5. MOHELA directed me to FSA for PSLF questions but FSA directed me back to MOHELA, leaving me without resolution on critical issues including PSLF Buyback eligibility ( FSA Case # XXXX ) and PSLF Reconsideration ( FSA Case # XXXX ). I have been a dedicated public servant for nearly 10 years and am very close to PSLF forgiveness. MOHELA 's servicing failures have cost me over a year of qualifying payments through no fault of my own."
11161,"I am filing this complaint because PHH filed a Notice of Default on XX/XX/2019, the same day that I faxed in my hardship/mortgage assistance package application and before 120days being delinquent. From what I understand a lender is not supposed to continue foreclosure proceedings when a borrower submits a hardship/mortgage assistance application. I am asking for PHH to rescind this NOD filing, as they review my assistance request. By PHH filing this NOD at the same time that my hardship/mortgage assistance package application is being reviewed is dual tracking and it not allowed.

I find this in your website and I believe that PHH has violated this rule. 
Restricted Dual-Tracking : Under the CFPBs new rules, dual-tracking when the servicer moves forward with foreclosure while simultaneously working with the borrower to avoid foreclosure is restricted. Servicers can not start a foreclosure proceeding if a borrower has already submitted a complete application for a loan modification or other alternative to foreclosure, and that application is still pending review. To give borrowers reasonable time to submit such applications, servicers can not make the first notice or filing required for the foreclosure process until a mortgage loan account is more than 120 days delinquent."
11162,XXXX has unfair practices in the additional payment and attempted removal of PMI. The current value of my home has increased. I simply want to stop paying for PMI. The value of my home and the amount I owe on my mortgage is well under the 80 % value deemed by XXXX to have a PMI payment. I have attempted multiple times to get PMI removed from my monthly payment. Each attempt was met with a different reason for why XXXX would not remove the PMI payment. I have never missed a mortgage payment and my credit score is excellent. XXXX refuses to accept the current value of my home as a reason to analyze and remove PMI. XXXX refuses to accept a 3rd party appraisal for the current value of my home. XXXX will not look at the value of similar sold homes in my area as comparable. XXXX will not accept the taxable value of my home as established by XXXX XXXX that I live in as a source for establishing value.
11163,"Dear Consumer Financial Protection Bureau, I am writing to file a complaint against Diversified Adjustment Service regarding their legitimacy in collecting a debt on behalf of XXXX XXXX XXXX. I have received a notification from Diversified Adjustment Service stating that I owe a debt of {$29.00} for an outstanding balance on my XXXX XXXX XXXX XXXX  bill. 

However, I have concerns about the legitimacy of this claim. I have already paid the full amount of {$100.00} on my XXXX XXXX XXXX XXXX bill, and I have proof of payment. Additionally, I have not received any notification from XXXX XXXX XXXX that I owe a debt to them. 

Furthermore, I have concerns about how Diversified Adjustment Service obtained my personal information, including my account number, name, address, and bill details. I am deeply concerned about my privacy and the potential for my personal information to be misused. 

I am requesting that the Consumer Financial Protection Bureau investigate the legitimacy of Diversified Adjustment Service 's claim and how they obtained my personal information. I am also requesting that you take steps to protect my privacy and prevent any further misuse of my personal information. 

Thank you for your attention to this matter. 

Sincerely, XXXX XXXX"
11164,Affirm is a very predatory company that is destroying my credit. Affirm setup my account on a monthly basis for automatic payment withdraws for multiple payment methods on fail. Affirm failed to withdraw my payments and marked 3 accounts as late dropping my score XXXX points. Two of the accounts were a result of my information being used which affirm refused to remove so I continued paying them to save my credit. My credit file has all types of inaccuracies from affirm that they failed to fix and continue to refuse to fix. According to 15 USC 1681 ( e ) ( b ) they are legally obligated and required to make sure that they are fairly reporting credit without inaccuracies.
11165,"I am writing to formally file a complaint against Global Lending Services LLC XXXX XXXX XXXX XXXX ), with whom I have an active auto loan. I am a resident of Georgia, and I believe Global Lending Services LLC may be conducting lending activities in Georgia without the required licensing, as they do not appear to be licensed through the XXXX XXXX XXXX XXXX XXXX XXXX XXXX to operate in this state. 

It is my understanding that, under Georgia law, any lending institution engaging in business with Georgia residents must obtain the appropriate licensing to ensure compliance with state regulations and to protect the interests of borrowers within the state. Specifically, lending institutions are required to hold an active license in the XXXX registry as mandated by the Georgia Residential Mortgage Act and other state regulations governing financial institutions. 

As a consumer who resides in Georgia and does business with Global Lending Services LLC, I am concerned about the potential violation of Georgia law in this case. I kindly request that the Georgia Department of Banking and Finance investigate Global Lending Services LLCs compliance with state licensing requirements to determine if any corrective actions are needed to safeguard Georgia consumers. 

Thank you for your attention to this matter. Please feel free to contact me should you require any further details or documentation regarding my complaint. 

Sincerely,"
11166,"KickOFF Credit Builder KickOFF XXXX XXXXr Address ] Re : Notice Regarding Alleged Debt of XXXX XXXX XXXX located on XXXX XXXX and any other Credit Reporting Agencies Pursuant to USC Title 8, XXXX XXXX XXXX, also known as Debtor and Affiant, is an entity owned by the United States/ THE UNITED STATES. Please provide evidence that I the living man and agent on behalf of this entity am liable to these allegations being made by your agency. 

Therefore, I respectfully request that this alleged creditor ( KickOFF XXXX XXXX  ) respect the law and remove all claims against this entity. 

If you dispute this notice or have a valid rebuttal, please provide a written response within 10 days of receipt of this notice. Failure to respond within this timeframe will be understood as acceptance of this notice. 

Upon doing research I have become aware that this is a false claim and this may be considered as my official Notice of Intent to file lawsuits and sew for compensating damages regarding this false claim if not removed within ( 10 ) days of receiving this Notice, Thank you for your prompt attention to this matter. 

Sincerely, XXXX XXXX XXXX XXXX XXXXXXXX XXXX"
11167,"Global Client Solutions is claiming they are going to contact my work, garnish my wages and file check fraud for a loan that I have no knowledge of. When I asked for proof they said unfortunately it 's too late and they are not the originator of the loan and if I did not pay them they would move forward with charges."
11168,"LVNV Funding at C/O Resurgent Capital Services , XXXX, SC XXXX has been sending me collection notices in the amount of {$620.00}. The collection has been reported as a past-due balance. I do not know this company. I have never done business with this company. This company does not have a contract with my signature."
11169,"Mohela is currently stating that XX/XX/2023 is not a month that counts as a payment month for Public Student Loan Forgiveness because that was a month without a bill. How can they not count it IF NO BILL WAS PROVIDED? Per the repayment restart information, payments were to resume in XXXX. After counting months that were in forbearance due to the pandemic, how can they not count a month when there was no bill provided to pay??"
11170,"XXXX XXXX and XXXX. 
I had spoke with him in XXXX Nordstroms credit card services. I called them to bring my account current and see what I can do and they said they were recording the call. I agreed to pay the next few months {$80.00} a month with them taking out on the first of every month directly from my bank account so I paid XXXX and XX/XX/XXXX payments of {$40.00} which is {$80.00} then XXXX they were supposed to deduct from my bank account {$80.00} dollars and they did not. I have called multiple times on these days especially over XXXX times and there is no help inside after hours on the phone waiting or holding and help. I need to know why they did not drop the money and why are they charging me fees when Im trying to get my account back current with a payment plan they said would help me get back on track."
11171,"The company closed my account without proper authorization. I cancelled XXXX payments which were made in error, as bank made the stop payment this company automatically closed my account leaving it open with high interest rates that should have been removed once the account was placed in a payment plan. THE COMPANY IS CHARGING LATE FEES AFTER RECEIVING PAYMENTS .The company is also falsifying information to the credit report ( CFPB COMPLAINT ID XXXX )"
11172,"Mountain America credit union has counted 6 lates on my HELOC. 5 are not lates and I had the amounts paid. I have been current the whole time and they refuse to acknowledge on notes or with a letter that it is not late even though on the phone they explicitly tell me I am caught up and do not owe anymore. 
I have sent in disputes and screen shots. they have been horrible to work with I asked for information and call back and they ignored me and would not return any calls.

I got ahold of a manager who clearly stated I was not late for XXXX however to credit bear is showing I am late bu they say I am not and I was not late t ll. this was for XX/XX/XXXX. XX/XX/XXXX XX/XX/XXXX XX/XX/XXXX XX/XX/XXXX"
11173,"On XX/XX/18 Provident Funding sent a letter stating 'how to request cancellation of your private mortgage insurance ... current loan to value ratio is 79.88 % ''. We followed the instuctions and paid {$100.00} fee for Provident Funding to then to perform a broker price opinion. Provident Funding then  sent a letter dated XX/XX/18 stating "" based on the property value of the property ... the loan to value ratio is 90.2 % '' and stated totally different values than what was originally written. I feel like it was fradulent scam to get me to pay {$100.00}."
11174,"We were applying with Wells Fargo for a mortgage n XXXX ok. The agent said we were approved. The she, XXXX XXXX, took the action under a Wells Fargo to take a personal line of credit or debit card out against our request or knowledge. We were then declined on the mortgage but our credit dropped and we endured personal stress. We were dealt with in bad faith by what appears as fraud. We received a check as a result for {$64.00} from XXXX vs Wells Fargo. As our share of the settlement agreement. We need a fair settlement for being financially abused, defrauded, bad faith, and decline of credit rating. 
It is unsatisfactory that attorneys we did not hire get huge settlements and Wells Fargo pays hundreds of millions while victims get nothing fair"
11175,"I sent an international wire on XX/XX/year> for {$15000.00}. I went into the branch and handed the written instructions to the teller who had not sent a wire before and requested help from the store manager. I aked them to send to the beneficiary bank NOT the intermediary bank. After 5 days the bank had not received the funds and I went back into the branch. They told me the receiving bank would have to trace the funds. They can not and I went back into the bank and spoke to XXXX XXXX the other store manager who told me there wasnt any more they can do. I asked for the XXXX code and she said they dont use them and to go through the beneficiary bank. I went home and googled what to do. I went back to the bank and saw the other store manager and requested an XXXX to trace the funds and she had never heard of that. Finally a wire investigator was put on the case. They sent me the XXXX saying the funds are with XXXX ( intermediary bank ). The correct beneficiary account was then sent ( as I figured out from the XXXX they had sent to the intermediary bank ). 

When I got no more information I requested they return the funds. It has been over 2 months, XXXX trips to the branch and many, many emails with XXXX XXXX and XXXX XXXX who communicates with the wire dept. I have been given incorrect and sometimes misleading information... I was told by XXXX that XXXX has the funds and XXXX now keeps telling me the wire dept says they are with XXXX XXXX XXXXXXXX XXXX rejected the funds and they have not left the country. No one knows where my money is or is actually find a solution to return my funds. It is either fraud or incredible mismanagement."
11176,"My Capital One bill was due XXXX XXXX, 2015. I noticed it was due XXXX XXXX in the morning and when I logged on to pay I was already charged a {$19.00} late fee.. It had n't even been XXXX hours. They do this to me all the time and I do n't think it is fair."
11177,"Hello- I have a private student loan with Navient ( was SallieMae ). It was 2006. The school is The XXXX XXXX XXXX XXXX. The school is closed and has been for a couple of years. There was a lawsuit against the school and we the students won. My federal student loans were removed completely. 

The private loan was suppose to be removed as well and it did not. 

I do Not have a transcript, a degree, anything from the school due to the fraudulent activities they did. 

Navient is not looking into this matter and is ignoring my concerns and responses. 

The loan isnt paying off anything or towards any education received or earned. Navient removed personal loans from other students but not me. 

Please help!"
11178,"My Loan was taken from a Credit Union and XXXX XXXX  XXXX XXXX in the XXXX 's and sold to XXXX XXXX. Eventually consolidated with XXXX XXXX XXXX. I received a call to fill out paperwork because I qualified for Loan Forgiveness.  When I explained the paperwork asked me to consolidate the loan to XXXX XXXX XXXX XXXX not forgive the loan. The explanation was the loan has to be consolidated back to the original Lender/Holder to be forgiven so I went ahead. I never heard anything further then my loan was in default. I brought it out of default and have been told I do not qualify for forgiveness. Now the loan is continually sold to services without my consent and every time I am contacted by a new servicer the loan amount increases by thousands of dollars. There is some sort of predatory fraud and scam being committed. The loan amounts I borrowed in school were around 15,000 and My has added interest from around {$30000.00} to not over 55,000 in the last 2 years. Something is wrong."
11179,I fell behind on my federal student loan as a co-signer. The servicer of the loan is Navient. All they offered me was forbearance. That was it. No income-based repayment. All of this transaction was recorded by Navient. I agreed to forbearance thinking that was my only option. What should I do to rectify this situation? Thank you.
11180,I have been paying on my loans for over a year now. Although I refinanced more than once it some as if my loan amount hasn't decreased. My interest rate is XXXX plus percent and seem like I will never be able to pay off this loan. XXXX is being charged on my account bi weekly but still I am not seeing any results of the loan amount decreasing. Major the payment is going towards the interest not the principal. After 2 years of payment it says I only paid XXXX of my loan. The interest rate has also increased over time
11181,"I received an email Saturday XX/XX/XXXX from Cash App stating that my email address had been linked to my cash app account. 

I have never opened a Cash App account and have in fact never even heard of them. I have called the company on two different occasions to report the fraud and try to get them to close this account that I have not opened and do not want. Both times they refused to do so, and they promised me to send emails that they never did."
11182,"Cease and Desist Dear ALDOUS AND ASSOCIATES, ( ACCT. # XXXX ) This notice is Pursuant to XXXX XXXX XXXX XXXX ( c ) I am telling your company that I refuse to pay this alleged debt and that you cease communication regarding this debt through all mediums. Mediums would be phone, email, consumer report."
11183,"My account with XXXX was never late! I have had exceptional payment history witH XXXX XXXXXXXX and all payments were placed on Autopay. This late payment that is reporting is a result on a systematic error on their end processing my payment. This was clearly a billing error made my the company and is not a reflection of my payment experience which violates USC Code 1681eb. This error has caused severe hard to my reputation, my character, my mode of living and to my family! I demand the late payment reported in 60 days to be removed. They are not in compliance with the following law. 15 USC 1666b and its requirements set the standards and the guidance for a creditor to treat a payment as late, yet they are reporting a payment as late and they did not comply with the law! 15 USC 1666b ( a ) Time to make payments A creditor may not treat a payment on a credit card account under an open end consumer credit plan as late for any purpose, unless the creditor has adopted reasonable procedures designed to ensure that each periodic statement including the information required by section 1637 ( b ) of this title is mailed or delivered to the consumer not later than 21 days before the payment due date. CCB/LNDINGCL Never Sent the periodic statement along with the disclosures from section 1637 ( b ). I have requested proof that this information was mailed or delivered 21 days before the payment due date and this information was requested in good faith pursuant rule 1002 and It was never provided. This is unfair, illegal, fraudulent, and not equitable to me as a consumer! Delete the late payments from my consumer reports XXXX"
11184,Original Creditor Name XXXX XXXXXXXX XXXX Date Assigned XX/XX/XXXX Date of First Delinquency XX/XX/XXXX Comments AFFECTED BY NATURAL DISASTER i have been in contact with the people who have this debt thats somehow owed to me the company as stated isnt on this earth they got bought out by another company that has my name but no money is owed to them as stated in the comments of the debt i was a victim of natural disaters at the time i was quoted that i could leave with no repercussions of leaving just for them to be able to put this on my account i have been trying to get rid of this cause its not supposed to be there to begin with but the company refuses to work with me and decdies to dispute it but havent contacted me to give me any information as well i disputed this with XXXX and them too has came back and told me i would need to pay which shouldnt be the case
11185,"I sold my house in XX/XX/XXXX, on or about XX/XX/XXXX I request a payoff from rocket mortgage. They sent a payoff in the amount of XXXX, which was good until XXXX XXXX. The closing attorney sent the check on XX/XX/XXXX, with XXXX tracking. XXXX tracking said the check arrived and signed for on XX/XX/XXXX. Rocket mortgage continue to impacted my credited score in the following month to the point where I sent them XXXX on advice of my realtor. Also about this time I talked to the my closing attorney about the payoff, they stated both mortgage has not be paid off. On XX/XX/XXXX, I received a email from rocket mortgage stated that I missed the last XXXX months payment and that every miss payment is a step closer to foreclosure. I call Rocket mortgage that same day, I asked why they have not closed my account. The worker told me that the payoff was XXXX dollars short and that they shredded the check. I asked them how was it XXXX dollars short? The worker stated that they paid the taxes and the escrow did not have the money for that. They paid the taxes on XX/XX/XXXX and then that change the payoff amount. The Tax office does not have any record of them sending the check for the taxes. Then Rocket Mortgage stated they would need another payoff in the amount of XXXX. Which the closing attorney is going to send out today XXXX XXXX, XXXX."
11186,"I am writing to formally submit a complaint concerning a charge-off account reported by XXXX XXXX XXXX XXXX  which has negatively impacted my credit report and hindered my ability to obtain credit. The account in question relates to an overdraft situation for which I did not receive any notification, and I believe it has been inaccurately reported. The account was charged off in XXXX  for an amount of {$210.00}, while the high balance was reported as {$210.00}. This inconsistency raises concerns regarding the accuracy of the reporting in accordance with the Fair Credit Reporting Act ( FCRA ), which requires that all information submitted to credit bureaus be accurate and complete. 

Additionally, I did not receive any prior notification regarding the charge-off, which contravenes the obligation for creditors to inform consumers before reporting negative information. It is important to note that the only reason this account was settled was due to a direct deposit that was made into the account without my knowledge of its overdraft status. 

LAST CERTFIED LETTER : XXXX XXXX XXXX XXXX XXXX XXXX XXXX I have requested verification of the debt and a 1099-C form from [ Credit Union Name ], but I have not yet received a response. Under the Fair Debt Collection Practices Act ( FDCPA ), I am entitled to request validation of the debt, and the lack of communication from the creditor is troubling. This charge-off has been reported for six months and is causing significant damage to my credit profile, resulting in denials for credit applications. 

I respectfully request that the Consumer Financial Protection Bureau ( CFPB ) investigate this issue and assist in ensuring the removal of this inaccurate charge-off from my credit report, in accordance with 15 U.S.C. 1681, which emphasizes the importance of accurate credit reporting. 

Thank you for your attention to this matter."
11187,"My personal checking account with JPMorgan Chase Bank was closed without a clear or accurate explanation, and I am now being denied the ability to open a new account, contrary to what was stated in their initial letter. 

Details : On XX/XX/year>, Chase mailed me a letter stating that my account had been closed due to multiple instances of the account going negative. The letter also stated that I was still eligible to open another account in the future. 

On XX/XX/year>, I called Chase customer service to request clarification. I was referred to a local branch. 

On XX/XX/year>, I visited a Chase branch. The associate banker informed me that Chase does not close accounts for being negative and speculated that it may have been due to suspected fraud, possibly check fraud. I explained that : I have never deposited a check into my account only cash.

The only fraudulent activity was unauthorized use of my debit card by third parties ( I was the victim, not the perpetrator ).

The banker told me the closure decision was irreversible, and I was given no additional information. I have now been told I can not open a new account with Chase even though their original letter said I could. 

I have not received any adverse action notice or clear reason for the closure or denial of a new account."
11188,"I need TransUnion, XXXX XXXX to resolve these false reports off my credit reports. I sent 10s of dispute letters, nothing has done. I contacted each and every collection company "" The said ; if it is in their file, it has to be truly a bill of mine. '' Those doctor bills went off before and come back again. I told them that when the paramedic came, I never went on them because I knew how they operated, they are all about the big money. They came and took my name and social even if when my neighbor called them, but I never went on their vehicle. And The Florida medical bill is wrong. I refused to get serve because their XXXX was in training, he XXXX me 4 times and still could not get it right. I signed the refusal agreement and left. No way for those charges. Please get to them, and get my credit back the way it should have been. 



XXXX XXXX XXXX Last reported : XXXX XXXX, XXXX + {$920.00} Needs Attention XXXX XXXX XXXX Last reported : XXXX XXXX, XXXX + {$550.00} Needs Attention XXXX XXXX  Last reported : XXXX XXXX, XXXX + {$530.00} Needs Attention XXXX XXXX Last reported : XXXX XXXX, XXXX + {$520.00} Needs Attention XXXX XXXX XXXX Last reported : XXXX XXXX, XXXX + {$460.00} Needs Attention XXXX XXXX XXXX Last reported : XXXX XXXX, XXXX + {$350.00} Needs Attention XXXX XXXX XXXX Last reported : XXXX XXXX, XXXX + {$100.00} Needs Attention"
11189,On XXXX the XXXX XXXX I switch services from XXXX XXXX to XXXX I called XXXX XXXX to let them know to cancel my services the lady on the phone stated that she ca n't cancel she can only suspend the account because they show that XXXX is trying to transfer my number to my XXXX phone. I told her that that should not show because I am keeping the phone number assigned from XXXX. I ask her since she could n't cancel only suspend the account will I continue to get charged. She answered no. So I said ok waiting for my final bill. Since then I receive three different bills from XXXX XXXX with different amounts. One dated XXXX XXXX XXXX for XXXX. Then I got a collection letter from convergent dated XXXX which I did n't receive until XXXX XXXX XXXX showing a balance of XXXX. Then I received another bill from XXXX claiming i now owe XXXX. My account should have been cancelled when i called and told them i switched to XXXX that was in the beginning of XXXX. So why ido i have all of these different amounts. This account is in dispute until XXXX  can explain why i was still getting charged for services that u should have canceled immediately when i called.
11190,"On XX/XX/year>, I applied for a Solo Funds short-term loan in the amount of {$330.00}. I received the full amount on that day and I immediately withdrew {$150.00} from my solo wallet account to my debit card. A couple of days later I tried to withdraw the rest of the {$150.00} amount and the app would not let me due to a "" debit card verification issue ''. I reached out to Solo Funds because I was going to have to repay my loan to avoid any collections however, I still could not access my full loan amount. I repaid the original loan on XX/XX/year> and noticed that the {$150.00} was completely missing from my solo wallet. I have reached out to the company multiple times requesting my money back and they reply that they are still working on the issue and that they had a merger with another bank that is causing them this issue. I just want a refund of the money that I am owed."
11191,"I am writing to formally dispute several unauthorized hard inquiries appearing on my credit report. Under the Fair Credit Reporting Act ( FCRA ), credit inquiries XXXX only be made with my explicit consent or when otherwise permitted by law. I have reviewed my credit report and found the following inquiries that I did not authorize. picture have been unloaded Under Section 604 of the FCRA ( 15 U.S.C. 1681b ), a consumer reporting agency XXXX only provide a credit report for permissible purposes, such as a legitimate credit transaction that the consumer initiated. These inquiries were not authorized by me, and I am requesting their immediate removal as they violate this provision. 

XXXX. Section 607 ( b ) : Maximum Possible Accuracy Credit bureaus must follow reasonable procedures to ensure the maximum possible accuracy of the information included in a consumer report. This applies to all types of data, including inquiries.

2. Section 611 : Dispute Process Consumers have the right to dispute any inaccurate or incomplete information in their credit report, including unauthorized or incorrect credit inquiries. Credit bureaus must investigate disputes within 30 days and delete or correct any unverifiable or inaccurate information.

3. Section 604 : Permissible Purpose Inquiries must have a legitimate purpose and be authorized by the consumer or permissible under the law ( e.g., for a credit application, insurance underwriting, or employment ). If inquiries appear on your credit report without authorization, they violate this section. 
XXXX. Section 609 : Disclosure to Consumers Credit bureaus must provide consumers with a list of all entities that accessed their credit file, including inquiries. Consumers can request details on why their credit report was accessed and by whom."
11192,"Was the previous text lost? 

I had a completed modification and then approx. 2 months later ( XX/XX/2019 ) numerous changes were made to my ledger without explanation, causing my account to show past due. 

XXXX XXXX+ added to my balance, but then sometimes not on my balance. 

I have done a independent mortgage audit which they ignore. 

I have sent all my payments documentation and it does not get reconciled. They just keep sending me very small print ledger which not even my auditor can make sense of. 

There is what seems to be illegal action even documented on some of the paperwork they sent me. 

I can not get any help."
11193,"I 've disputed these public records multiple times and provided the proof that they are reporting these XXXX accounts inaccurately and they fail to remove them or correct them, which is in violation ofthe FCRA. XXXX removed both of them because they could not verify them, as they did not have first hand knowledge, and no proof that these accounts were reporting correctly and Equifax repeatedly comes back saying they are verified. Both have been released or satisfied and yet they are still reporting a balance and dates that do not exist! These XXXX must be removed immediately. 

XXXX XXXX XXXX - XXXX - # 1 Pursuant to section FCRA 603 ( o ) ( 5 ) ( A ) ( i ; iii ), I did not give authorization for this to report on my credit file and you must remove it. 
# 2 You are reporting the date "" XX/XX/XXXX '' which is XX/XX/XXXX years ago, making this account inaccurate, incomplete and obsolete. 
# 3 You have not legally verified this account, as legal verification means that you have firsthand knowledge of this account, which you do not. 
# 4 this judgment was satisfied and yet you are reporting a balance # 5 you have not provided the documentation used to verify this account, therefore, because of reasons # XXXX, this must be removed immediately! 
XXXX - # 1 Pursuant to section FCRA 603 ( o ) ( 5 ) ( A ) ( i ; iii ), I did not give authorization for this to report on my credit file and you must remove it. 
# 2 You are reporting the date "" XX/XX/XXXX '' which is XX/XX/XXXX years ago, making this account inaccurate, incomplete and obsolete. 
# 3 You have not legally verified this account, as legal verification means that you have firsthand knowledge of this account, which you do not. 
# 4 this judgment was satisfied and yet you are reporting a balance # 5 you have not provided the documentation used to verify this account, therefore, because of reasons # XXXX, this must be removed immediately"
11194,"On XX/XX/XXXX, I sent TransUnion a formal Full File Reclamation and Status Correction Notice, accompanied by a sworn Affidavit of Standing and Subrogation. I asserted my position as the living principal and equitable subrogee over the credit file associated with my name. In that notice, I requested removal of any unverifiable, inaccurate, or derogatory accounts including a XXXX account that was already deleted by XXXX and demanded verification of any claim through sworn affidavit under full liability. 

My notice clearly stated that this was not a basic consumer dispute but a lawful, private communication grounded in commerce and equity. I requested a full accounting and correction of the file, as well as an update to reflect my standing as subrogee. 

TransUnion failed to respond in substance. Instead, they mischaracterized my notice as a standard consumer dispute, and failed to provide verification, proper investigation, or correction. This constitutes not only a breach of good faith in commerce but also a likely violation of federal fair credit reporting duties including failure to conduct a reasonable investigation, failure to correct known inaccuracies, and continued reporting of data they can not verify. 

I have issued a follow-up Notice of Dishonor and Demand for Remedy. I reaffirmed that their silence constituted tacit agreement and that the reporting of derogatory data without verification amounts to willful injury and bad faith. As of XXXX the XXXX account and other unverifiable entries remain on my file, and I have not received any point-by-point response or sworn rebuttal. 

I am requesting immediate deletion of all unverifiable and harmful accounts, a corrected consumer disclosure, and confirmation that TransUnion will comply with both fair reporting obligations and the equitable notice provided. If unresolved, I am prepared to escalate this matter further to protect my private standing and correct my file."
11195,"I am filing a complaint against Cash App ( Block , Inc. ) due to inadequate customer service and unfair practices, which violates the Consumer Financial Protection Act ( CFPA ). Specifically, Cash App failed to take timely and effective measures to prevent and address fraud on their platform, leaving my account vulnerable and unprotected. Furthermore their dispute resolution process was unfair and deceptive, as they did not comply with error resolution requirements under the Electronic Fund Transfer Act ( EFTA ) and Regulations E. These actions have cause significant inconvenience and financial loss, and I seek appropriate redress for these violations."
11196,I opened a new checking account with chase and was approved for the chase total checking account and a week later I received the debit card for that account. A few days after I decided to open a chase safe banking account for the 2 day early direct deposit benefit and was approved the next day a few days later I received the debit card for that new account. Later than same day after I activated the debit card for the chase safe banking account my Chase app wasnt working and was logged out for suspicious activity and called to see what had happened for my accounts to be closed all I got was that they were closed and that chase will no longer do business with me and that they were going to mail me a check of the funds I had on one of the accounts and still no good reason as to why they were closed.
11197,"I took out a loan with XXXX XXXX  with the company XXXX  on XX/XX/XXXX. The loan was for XXXX. The loan was paid off around XXXX of XXXX. I still had money leftover to use which from my understanding after paying it off was mine to use. I went to XXXX for another appointment which was under XXXX. They have been harassing me for months about a {$970.00} payment for which I've asked for statements and itemized bills, XXXX doesnt know about this money and XXXX  said I made a purchase with their credit card. I do not have their credit card, XXXX takes the money from them online and I made payments online. I have been trying to settle this for months with them and they keep playing games and not responding for long periods then when they do its the same unhelpful response. I even marked the card as stolen on their website and they still won't help me figure out what's going on"
11198,I have never had an account open with this company. I have told them and disputed this before. I will not just give my money away especially for a debt that I did not consume I have disputed this already and received no help. Please help me in resolving this debt as it is not mine to pay for.
11199,This debt was payed with XXXX as a deal to sign up for service and they would get rid of old debt. I have had service with XXXX since this debt. How could I have service if I owe them.This was years ago. Keeps getting sold to collectors.
11200,""" They are reporting a {$3600.00} debt I do not owe. I disputed it and asked for proof, but they didnt provide it. The debt was last reported on XX/XX/year>. I want this incorrect debt removed from my credit report."
11201,"XXXXXXXX XXXX XXXX I called Banco Popular XXXX ( XXXX ) XXXX to request transfer of funds from my savings account with popular in Puerto Rico to my son 's account in XXXX XXXX XXXX. I moved to Maryland XX/XX/XXXX and was still in the process of setting up a new account with XXXX XXXX. We began the process when I received an email from XXXX XXXX saying I was approved, so I told Banco Popular I would have XXXX XXXX transfer funds to my new account. XXXX XXXX set up new account at XXXX XXXX XXXXXXXX XXXX. I was informed they could not do a transfer of funds from Popular, should try Popular. XXXX XXXX called Popular XXXX again and was told they could not transfer funds to XXXX XXXX w/o explanation, I should try XXXX XXXX."
11202,"I have a cashiers check mailed out to me in XXXX and I never received it, I was told originally that the check would be mailed out in Mid XXXX of XXXX XXXX  and then the XXXX. After not being mailed out in XXXX I filed a declaration of loss form and the case was said to be resolved on the XXXX. The cashiers check is still not created, I requested expedited shipping and I need the money urgently due to facing eviction"
11203,"Capital one credit card reported that there was no payment on my credit card in XX/XX/XXXX quick Silver ending in XXXX My Capital One 360 representative told me that this was not correct that in fact I paid {$100.00} in XX/XX/XXXX and XXXX the previous month and the money was sent back to my account because an employee made an error in blocking my checking account without my authorization* Eventually the block was lifted and the payment was made without me knowing anything about it the circumstances surrounding this issue* The bank reported me late twice to the 4 credit bureaus on this card even though they knew it was wrong to do so* Capital recanted the fact that I didn't pay them on time but refuses to communicate with the 4 credit bureaus to fix my credit report* This is wrong because Capital one stated to me "" You need to fix your own credit '' "" You need to dispute this situation and then we will correct it "" I believe that since they reported and caused the situation of damage to my credit score they should correct what they did wrong '' Even though I have told them Im XXXX they don't seem to care much about the stress and damage that this has cost me with my XXXX XXXX"
11204,"The questionable accounts specified below continued to report on my credit report despite the previous sent requests, in violation of federal law. I dated the previous letter I sent to the 3 credit bureaus last XX/XX/2022, but I never received a response. Sections 609 ( a ) ( 1 ) ( A ) and 611 ( a ) ( 1 ) require these accounts to be validated ( A ). I will take legal action against you if you do not validate these accounts. Please follow the law so that this situation can be settled as soon as possible : XXXX XXXX XXXX : {$200.00} ; XXXX XXXX XXXX : {$9900.00}"
11205,My bank has been stringing me along for almost 5 months on a refinance. They have cost me quite a bit of money on appraisal fees and lein lift fees and have waited for all documents to expire to then ask me to purchase them again. They request information and documents after they have already become past due. They have caused stress and anxiety in my life along with lack of sleep for 5 months now.
11206,"I enrolled in their promotion for a {$100.00} credit after depositing {$10000.00} by XX/XX/2020 and keeping it there for 60 days. I deposited the money on XX/XX/XXXX after receiving my annual bonus from work. 

However, when I called to check on the status of the bonus I was told that I did not enroll in the bonus. Then after showing them the confirmation that I was enrolled, they then changed the story to say I wasn't eligible for the bonus since I had withdrawn money from the account on XX/XX/XXXX, which was before I enrolled in the bonus."
11207,"Citibank NA Fraud Department placed a hard hold on my account for no reason. They refuse to service my account over the phone. I have escalated my concerns to the Citibank Executive Response Team and they also refused to assist. 

Since I was abroad Citibank refused to allow me access to funds. I have received several XXXX transfers from family for expenses thus not being able to access funds ( last XXXX transfer ). Citibank deliberately blocked my acces to my account. 

They discriminated against me because of national origin, XXXX XXXX  and gender. My debit card was blocked by the fraud department over XXXX times since Ive been abroad. Ive been abroad for over 5 months. They claim they need to speak with the account holder thus being myself. I am the only authorized signer on the account."
11208,"AmeriHome, the mortgage servicer for our home loan, has proven multiple times that they are incapable of making tax ( School , County and Property ) payments on time out of the escrow account subjecting us to out-of-pocket late fees and notices of delinquency. 
It is impossible to get a hold of a customer representative over the phone which leads us to feel helpless towards the situation and afraid of the legal repercussions due to their lack of professionalism. This is a stressful situation that has taken a toll in our lives. 
AmeriHome has made it abundantly clear that they do not have the consumers interest in mind which begs the question : If the sole purpose of a mortgage servicer is not met, should they be licensed to operate?"
11209,"On XX/XX/XXXX I filed a complaint with you stating that this company is reporting several factors of inaccurate information on my credit report. On XX/XX/XXXX, Vervent, the company in question responded to my complaint. 

Vevernt stated that "" THEIR COMPANY DOESN'T HAVE ANY RECORDS OF AN ACCOUNT BEARING MY NAME. "" In addition, they stated that "" WE ARE UNABLE TO LOCATE THIS ACCOUNT BASED ON THE INFORMATION PROVIDED ''! 

I have made all the proper attempts and used all proper measures with resolving this wrongful information being placed on my credit and damaging my current state of livelihood!

I am in the process of buying a home and my lender made me aware that this account showed up. I am in no way aware of this company and furthermore who they are. I DO NOT HAVE A DEBT WITH THEM! I HAVE NEVER HAD A DEBT WITH THEM AND I DO NOT OWE THEM! Please REMOVE this account IMMEDIATELY so that I may successfully continue my buying process.

The case was closed with you and no resolution was reached."
11210,"I am writing to you as a concerned consumer regarding the accuracy and fairness of the information contained in my credit report. As you are aware, the Fair Credit Reporting Act ( FCRA ) ( 15 USC 1681 ), which was enacted to promote the accuracy, fairness, and privacy of information in the files of consumer reporting agencies, grants me certain rights to ensure that my credit report is correct and that I am treated fairly in the credit reporting process. 

Under the FCRA, I am entitled to the following rights : The Right to Accurate Reporting The Right to Dispute Inaccurate Information The Right to Be Notified of Adverse Actions The Right to Limit Access to My Credit Report The Right to Privacy and Confidentiality The Right to Seek Damages for Violations I am asserting these rights in my dealings with your agency to ensure that my credit report is accurate, complete, and reflective of my true credit history. Any discrepancies or inaccuracies should be promptly corrected to avoid any adverse impact on my creditworthiness. 

XXXX XXXX XXXX ...."
11211,"I hope this complaint finds you well. I have tried numerous times over the years especially the past year to have the credit bureaus accurately verify my account. They keep sending emails about the dispute being accurate. They have NEVER provided me PROOF of ANY documentation that proves these alleged accounts belong to me. Between all three bureaus there are countless violations. As a consumer under my federally protected rights, I have NOT given any company, or persons written instructions or verbal permission to list these alleged accounts. THAT IS A VIOLATION ACCORDING TO 15 U.S.C 1681b. 
I will not keep putting up with these violations and will be seeking litigation in a small claims court against your company, seeking {$1000.00} for EACH violation for EACH month for DEFAMATION, NEGLIGENT ENABLEMENT OF IDENTITY FRAUD, VIOLATIONS FOR THE FAIR CREDIT REPORTING ACT, FINANCIAL INJURY, PENALTY OF PERJURY ( 18 USC 1028 AGGRAVATED IDENTITY THEFT ), VIOLATIONS OF 15 USC 1692g, 15 USC 1692a ( ABUSIVE PRACTICES ), 15 USC 1681b ( PERMISSIBLE PURPOSES OF CONSUMER REPORTS ), 15 USC 1681 4A B2 ( MISLEADING FALSE REPORTING ), 15 USC 1666b ( TIMING OF PAYMENTS ).

I hope this issue can be resolved PROMPTLY!"
11212,"I have an account on my credit report from a company named "" Accounts Rec Solutions '' which is also know as "" AR Solutions ''. They have continued to report an account on my credit report that I have no knowledge of nor have they been able to provide specific information relating to me being the original account owner. They only respond "" the account has been verified ''. I have asked for them to provide documentation relating to the verification however they have refused to this point. I have NEVER been to the account they are collecting for. I have asked them to remove the account on a number of occasions and they have refused to do so to this point. 

They have been reporting a collection of {$330.00} since XX/XX/2016. 

The contact information for the creditor in questions is ; ( XXXX ) XXXX XXXX XXXX XXXX XXXX XXXX XXXX, XXXX XXXX"
11213,"The Fair Credit Reporting Act requires that credit reporting agencies reports information accurately. However, XXXX EQUIFAX, and XXXX XXXXs reporting much of my consumer information inaccurately. For example, my auto loan and mortgage note should be the only items appearing on any of my credit reports because of substantial discrepancies in which exists elsewhere in my report. Moreover, FCRA requires "" consistency '' between credit reporting, thus, to the extent XXXX, EQUIFAX, or XXXX disputes these claims, complainant would be forced to provide proof of the inaccuracy the credit bureaus are liable for."
11214,"I am invoking my right to a formal procedural request under FCRA Section 611 and demanding a Declaration of Data Integrity for my entire credit file. The recent illegal re-insertion of XXXX XXXX accounts XXXX XXXX XXXX XXXX XXXX XXXX XXXX demonstrates your systems are compromised and can not be trusted. 

This is not a simple dispute- this is a formal demand for complete transparency and validation of your entire data ecosystem as it pertains to me. 

VIOLATION OF 15 U.S.C. 1681i ( a ) ( 7 ) - MOV FAILURE You have consistently failed to provide any meaningful Method of Verification for disputed items. The "" re-verification '' that led to illegal re-insertion was clearly fraudulent. 

VIOLATION OF FCRA SECTION 611 & 607 ( b ) - DATA INTEGRITY FAILURE Your systems can not distinguish between verified and unverified data. The re-insertion proves your entire data management framework is fundamentally broken. 

VIOLATION OF UCC ARTICLE 3 - NEGOTIABLE INSTRUMENT DEMAND For any alleged debt to be legally enforceable, the furnisher must possess valid negotiable instruments. I demand proof they exist. 

PRECEDENTS SUPPORTING THIS NUCLEAR APPROACH : In XXXX XXXX XXXX, the court eviscerated the "" mere furnisher reliance '' defense and demanded actual documentation to verify debts. 

In XXXX XXXX XXXX XXXX XXXX, the court annihilated the debt buyer 's entire business model by requiring original account documentation that simply didn't exist."
11215,"I refinanced my loan with another company and closed on XX/XX/XXXX  My new loan has paid my property taxes.  My previous mortgage company, Amerihome mortgage has also claimed to have paid the taxes and my local tax office sent them the check back of XXXX.  Amerihome states I will get the money back once the returned check comes in.  It has been several weeks and nothing has happened.  I have called 10-15 times to Amerihome.  I am getting nowhere."
11216,"I am requesting assistance with disputing several transactions made through Zip Pay Later for XXXX XXXX tickets. The transactions were made ahead of time. The airline ceased all operations on XX/XX/XXXX, and my upcoming flight scheduled for XX/XX/XXXX can no longer be used. I contacted Zip Pay Later multiple times regarding a refund, but they have not provided a resolution. Zip initially advised me to contact XXXX XXXX directly, however XXXX no longer has active XXXX XXXX available. Zip then requested my flight confirmation as proof, which I provided, and afterward advised me to continue waiting for XXXX to process a refund even though the said if I provided proof I would get a refund. I have waited with no response or progress despite many follow ups. At this point, I paid for services that can not be provided, and the merchant financing company has not been helpful in resolving the issue. I"
11217,"On XXXX XXXX I notified Equifax of an invalid account on my credit file. The account is identified as XXXX XXXX. Under federal laws and FCRA guidelines section 609, I requested Equifax to investigate the account for validation and accuracy. Equifax exceeded the 30 investigation period therefore Equifax is in violation of FCRA section 609."
11218,"This complaint is against the XXXX process for Hurricane damage. After waiting nearly 2 years for a settlement on the insurance claim, a check was sent in and the process with XXXX  began. After reviewing other complaints it has become apparent that this companies tactics are deliberate and they deliberately delay the payment of partial if not all of the payouts to begin repairs. After many phone calls I continue to receive the same answer of "" oh but we need such a document '' then 2-4 days a check. Another call results in "" oh but we need this document '' then 2-4 days and a check. When is someone going to audit these people and clear this up. Do you not care about the consumers."
11219,"On XX/XX/year> I flew XXXX from XXXX, MA to XXXX, XXXX. I prepaid {$350.00} for 2 pieces of luggage round-trip using my XXXX XXXX credit card. My return trip on XX/XX/year> was cancelled by XXXX. They rebooked my flight home on XX/XX/year> but could not transfer my prepaid luggage to my new ticket. When I showed up at the airport to fly home I was told by XXXX that they required a credit card to process my luggage home. I used my Capital One card and was promised a refund upon my arrival. XXXX has yet to address the issue so I opened a dispute with Capital One and complied with their requested information and process. Capital One refused to properly consider my claim based on missing information from me. I contacted Capital One on XX/XX/year> and while I was on the phone I sent them everything they asked for with their representative confirming they had what they needed. Within a matter of hours my claim was again denied, based on missing information. I again called on XX/XX/year> and the process was repeated with the same exact result. I have been told that there is nothing further that they can do without telling me what is missing. They have refused to connect me with their executive office as requested continual hanging up on me. In brief, I provided everything Capital One requested, but they have declined to properly consider the information as requested and presented, and will not identify the missing information."
11220,"Issue is that my account got closed by Chase bank because the check I deposited in my bank account could not be verified. 
Now, Chase bank is holding {$7400.00} because they can not verify the check. I reached out to issuer of the check and they stated that Chase bank shouldnt hold funds whatsoever as the funds are cleared in their system. 
My account closed on XX/XX/XXXX and a XXXX XXXX check charge of {$7400.00} was made, meaning a check of the remaining funds was mailed out to me in a form of a cashiers check. However, on XX/XX/XXXX I received a checking summary of the balance of {$0.00} because I have not received my funds. 
On XX/XX/XXXX I also received a cashiers check of {$24.00}, which I dont recognize that amount. 
This is a very bad fraudulent action on behalf of Chase bank. I want to report my account as fraudulent and Chase needs to close my account and not have the check clear on their end because they are keeping the funds??"
11221,"I was told over the phone by a customer service representative that since I was still in school that my deferment/forbearance was delayed an additional 6 months. I then received 3 consecutive months of delinquent account records ( XX/XX/XXXX-XX/XX/XXXX ) on my credit score from 4 different accounts from the student loan lender Dept Of Ed/navient. I have attempted to contact them about the situation and they disregarded my concern in XXXX/XXXX. I then attempted to file a dispute through the credit bureaus in XX/XX/XXXX. 

The student loan company Navient is known to do this for countless of its customers. The customer service reps are not professional and will tell you they did something for you when they did not. I am asking that this get removed from my score since it is effecting my ability to find a place to live while I am still a student. 

I will make payments once I am out of college immediately. I ask that they remove these records as it is their mistake and completely unfair since I received the wrong information over the phone."
11222,On XX/XX/XXXX I mailed my complaint to Bank of oklahoma in reference to a checking account opened under my name without my knowledge or consent. I've been incarcerated since XX/XX/XXXX and that I am a victim of identity theft. Do date this Bank has failed to properly investigate my claim. And this account is still showing on my check system report.
11223,"This company on threecseoerste occasions declined charges they know not to fraudulent This happened 3 times in the last 3 months. 
I spent hours on the line but the operator could not get the card to work. I coukd pay for a car rental and cut my vacation short. 
Now tge verification department who dont answer half the time are closed for a days. 
This ought to be illegal for a credit card to knowingly not approve a charge they know to be valid then screw the card owner... yiu left me broke without a car ... congratulations big banks glad you make money off the average tax payer they screw them over for weeks."
11224,"I am filing a complaint against Cash App ( Block , Inc. ) due to inadequate customer service and unfair practices, which violate the Customer Financial Protection Act ( CFPA ). Specifically, Cash App failed to take timely and effective measures to prevent and address fraud on their platform, leaving my account vulnerable and unprotected. Furthermore, their dispute resolution process was unfair and deceptive, as they did not comply with error resolution requirements under the Electronic Fund Transfer Act ( EFTA ) and XXXX XXXX These actions have caused significant inconvenience and financial loss, and I seek appropriate redress for these violations."
11225,"I opened a Chase Merchant Payment Solution Account under invitation from Chase who offered me bonus of "" Earn {$1000.00} when signing up for Chase Merchant Services and processing {$2000.00} in payments in at least 5 transactions ''. I opened the account before required deadline and finished processing required transactions into my Chase personal checking account, but I did not receive the bonus. I contacted my account manager but he said I did not qualify because the offer required a Chase Business Checking account, a reason that never showed up in terms and conditions in the offer letter ( attached ). 
I thought Chase must issue me the bonus since I finished all requirements as per terms & conditions in the offer invitation letter. It should be Chase Bank 's error not listing any other hidden condition in its advertisement to customers."
11226,"In accordance with the Fair Credit Reporting act. The List of accounts below has violated my federally protected consumer rights to privacy and confidentiality under 15 USC 1681. 

I told the Experian, XXXX, and XXXX to reinvestigate these accounts : XXXX XXXX XXXX XXXX XXXX XXXX XXXX XXXX XXXX XXXX XXXX XXXX XXXX XXXX XXXX XXXX XXXX XXXX XXXX XXXX XXXX XXXX XXXX XXXX XXXX XXXX XXXX XXXX XXXX XXXX XXXX XXXX XXXX XXXX XXXX XXXX XXXX XXXX XXXX XXXX XXXX XXXX XXXX XXXX XXXX XXXX XXXX XXXX XXXX XXXX XXXX XXXX XXXX  However, they stated everything was complete and accurate. But how is that possible if the open date, date of last activity and much more is incorrect. 

15 U.S.C 1681 section 602 A. States I have the right to privacy.

15 U.S.C 1681 Section 604 A Section 2 : It also states a consumer reporting agency can not furnish a account without my written instructions 15 U.S.C 1681c. ( a ) ( 5 ) Section States : no consumer reporting agency may make any consumer report containing any of the following items of information Any other adverse item of information, other than records of convictions of crimes which antedates the report by more than seven years.

15 U.S.C. 1681s-2 ( A ) ( 1 ) A person shall not furnish any information relating to a consumer to any consumer reporting agency if the person knows or has reasonable cause to believe that the information is inaccurate.

( B ) Reporting information after notice and confirmation of errors A person shall not furnish information relating to a consumer to any consumer reporting agency if ( i ) the person has been notified by the consumer, at the address specified by the person for such notices, that specific information is inaccurate; and ( ii ) the information is, in fact, inaccurate.

According to 15 USC 1681i ( 5 ) the credit bureaus have to modify or delete accounts that are not reporting accurately Also they aren't even in compliance with metro 2 credit reporting. I have evidence to prove my case"
11227,"In XXXX, I took out private "" education '' loans that were sent directly to me, did not involve my school, and were for amounts that exceeded the cost of attendance. I was a single parent working my way through school and was ignorant to the predatory nature of these loans. Somewhere along the line, the loans were sold to XXXX. XXXX initiated a lawsuit after I was unable to work out a reasonable payment plan with them. I filed for XXXX XXXX bankruptcy in XXXX  in order to stop the lawsuit. I had a successful XXXX XXXXXXXX discharge 5 years later. My lawyer informed me that XXXX had 30 days post-discharge to initiate a new lawsuit, but they did not. 

Several months later, XXXX began calling me again. They somehow found my place of work and harassed the office manager at my job. My lawyer told me that XXXX could attempt to collect from me, but not harass my place of employment, and they could not sue me as they lost that ability. I spoke with someone at XXXX and they yelled at me and made derogatory remarks about my character. My lawyer sent them a cease and desist letter along with the bankruptcy court laws stating that they no longer had the right to sue. XXXX reported the unpaid loan amount to the credit bureaus which seriously damaged my credit that I was in the midst of repairing. 

Several months ago, I began getting phone calls from Weltman, Weinberg, and Reis Co. XXXX sold the debt to this collector. The statute of limitations has long run out and I am still being harassed. I am on the verge of filing XXXX XXXX bankruptcy now in order to make this finally go away. I don't know what else to do."
11228,"I dispute any debt your company claimed to have on me you must stop all collection activities do not call my telephone number ( XXXX ) if you were ever given permission to call this number ( XXXX ) I am revoking that now my demands are : for you to provide a XXXX XXXX. ( This is what I need included in that audit trail. ) Original signed Contract Account File Ledger All account Documents Transactional History please be sure to provide everything the mentioned in this letter. According to fair credit reporting act section 609 ( a ) ( 1 ) ( A ). you are required by federal law to verify through the physical verification of the original signed consumer contract any and all accounts that you post on a credit report otherwise anyone paying for your reporting services could fax, mail, or email, in fraudulent accounts If you are unable to provide the demanded information you must immediately delete this account. If you fail to communicate to the consumer report and agencies that this debt is in disputed that would be a violation pursuant 15USC 1692E8 - false or misleading representation. The law is very clear as to the civil lability and the remedy available to me according to 15 USC 1692K. Furthermore failure to honor this request will lead me to fully intend on pursuing litigation in this matter is suing your company for actual damage sustained. Please be aware that freezing this account is not an update to my credit report. Under federal law you have 30 days to complete your re-investigation please be advised that the description of the procedure used to determine the accuracy of completeness of the information is hereby requested as well, to be provided within 15 days of the completion of your re-investigation I also attched a copy of my identytheft report Thanks for giving this letter your prompt attention."
11229,On XX/XX/XXXX I received a zombie debt letter from XX/XX/XXXX that had been paid in XX/XX/XXXX from XXXX XXXX XXXX XXXX that i owed a debt to them in the amount of {$590.00} from XX/XX/XXXX for court costs. The original court had been paid and i do NOT owe this debt and will not pay these people that i do not owe! This letter is threatening me if i do not pay them that i will get a warrant and lose my license. I wish to proceed to legal advice after i write this letter as i will no tolerate threatening letters from a debt collector that i do not owe and old zombie debt from 8 years ago.
11230,On XX/XX/25 i send XXXXXXXX XXXX  from XXXX to XXXX. According to contract and term & conditions they have to keep money XXXX until XXXX XXXX. But on XX/XX/25 they cancelled transaction and made unauthtorized refund. They say apologize and gave only XXXXXXXX XXXX compensation
11231,"On XX/XX/year>, I had my bank transfer directly {$870.00} to the Credit Card company to apply against my balance, i.e. to "" pay it down ''. 

My bank immediately transferred the {$870.00} to the credit card company. The credit card company admits this transfer took place successfully on XX/XX/XXXX and that they ( cc company ) are indeed "" holding the money. '' Today, Monday XX/XX/year>, I spoke by phone with numerous individuals at the credit card company, and in each of these calls I was able to glean a bit more confirmation that they were holding my bank transfer - possibly for another 10 days (! ) until they "" Release it to my account ''. Essentially, holding on to my cash, transferred from my US commercial bank for an indeterminate period.

I would think this would be highly illegal. A "" XXXX '' and a "" XXXX '' were the names given to me over the phone and neither individuals would provide an ID number or some identifying number for my records of who I spoke with. Further, XXXX stated that "" no matter who I transfer your call to, you'll get the same answer '' and to "" not worry ''. (! )"
11232,"We were so happy, my boys and I until wells farg said they would not modify my loan. They gave me loans, using our house as collateral. My boys and I were separated after they watched me put everything on tables for a rummage sale and filed bankruptcy. I remember me crying with my youngest son and his words "" mom your our hero "" he went to live with his Dad which didn't work and my oldest with a friend which resulted in a XXXX which didn't go well. I've felt like a failed for 15 years, living with my XXXX XXXX XXXX mother I still cry. Then on XXXX 2022 being alone I decided to fight fight for my Grandchildren, myself, my kids. 15 XXXXXXXX XXXX not being with my family. Sitting in she'd I built in my mother 's back yard. I won't settle for less then what I could have now if wells fargo would not have said NO! I didn't have the chance to pay my dept, now at XXXX I suffer with NOTHING!"
11233,"I have been unable to access my account on the Penny Mac portal for over a year. I have called at least five different times from my cell phone XXXX. Each time I go through the basic troubleshooting and they can not help. I'm consistently told that they need to escalate to a specialist and the issue is dropped. There is no follow-up. If they are calling me, there is no Penny Mac identification on the caller id. There has never been a message left. I've asked to speak with a manager or to have my issue escalated to a manager with no luck. My most recent email stated there was an important information about my escrow, and I can not log in to view it. I had to call support to get the increase in my escrow and payment amount. I also asked for all of my communications to be switched to US Mail out of desperation. As a customer, I should be able to access my information through the portal like every other customer. US Mail is NOT dependable. I word and I don't have hours to spend on the phone with Penny Mac going through the same steps each call with no resolution."
11234,"I have received multiple calls from Credit Management collection agency before XXXX. When they call they immediately ask for my address which I refused to verify at first because they didnt even give a company name. I informed them at that time to mail me whatever they were calling about because I wasnt comfortable randomly verifying my information over the phone. I saw them on my credit report and contact them immediately to inform them that I did not owe anything to the original creditor XXXX. I also provided them with proof and disputed with the credit bureaus and it was removed. Im still getting calls, even this morning at XXXX. I asked to speak with a supervisor and was placed on a silent hold at XXXX until I finally hung up at XXXX. I called back and asked to speak with a supervisor and was told they were on calls. I tried explaining to the representative that answered what was going on and they became very rude saying We can call as early as XXXX. I informed the representative that it was a violation and calls could not be made until XXXX of the time zone the debtor is in and that I myself had been a collections supervisor and that Im pretty sure that law had not changed but I was hung up on. Im exhausted with the harassment from this company. I have yet to receive any correspondence from them as I requested of them to have for my records."
11235,"XX/XX/2018 I purchased a "" XXXX XXXX XXXX XXXX '' from Amazon. If I get their credit card it would save me 5 %. I did get the card. Months later ( about 3 ) my cell phone rang and I almost didn't answer it because I get many Robo calls. It was a lady that said I was behind on my payment. My history for years has be XXXX and I was shocked about this. I said I never received a bill. I called the credit card company and they told me that signing up on line was an automatic email billing. My bills at this time was always by mail. The card company never contacted me by mail. And the phone attempts shouldn't be counted with all the phone issues now a days. I also spoke to somebody that informed me that too much time passed and nothing could be reversed. Okay, my credit score fell 100 points to XXXX and I still haven't reached 800+. For decades I've paid all my bills on time. I think these companies should be required to contact the person by mail before issuing delinquencies such as this. Now I've learned it may take 7 years for my credit rating to be restored. This just isn't right."
11236,"Seneca Mortgage company called me and requested that I pay {$750.00} immediately or my mortgage would go into foreclosure. They said they forwarded letters to me but I did not receive them. I called them and they informed me that I was also over {$6200.00} short and that my mortgage would go up over {$3500.00} to {$4300.00}. I paid the requested amounts ( XXXX of 2015 ) but still wanted to know where the escrow shortage was. It appeared to me that I was paying off the flood and home insurance and hence requested that they remove the these amounts from the mortgage payments. They did not agree as I had signed for these payments to be calculated with the mortgage payments. I agreed but still did not understand the why there was such an escrow shortage. After multiple correspondence the last letter ( attached ) shows the only shortage was in the real estate taxes and that was only {$1700.00}. I have received no payments despite multiple requests to refund the overpayments. 
Also despite paying the said amount my mortgage still went up from {$3500.00} to {$3600.00} since XXXX 2015"
11237,I want to file a complaint against this collection agency. Account Corp of Southern Nevada. In the current amount of {$1700.00}. The original balance was {$1000.00}. My insurance has paid this original debt. I want them to stop all collection and garnishment. I do not owe this debt and no amount of harassment will make me pay it.
11238,"I hope this letter finds you well. I am writing to formally dispute the accuracy of information on my credit report maintained by your bureau. Upon reviewing my credit history, I discovered the presence of a late payment entry that I neither acknowledge nor recognize. 
Account Information : XXXX  XXXX - Those payments were made on time. I am requesting that the late payment markings be updated to reflect my accurate payment history. Either there may be a system error or this account may be with another holder with the same name.

I believe that this late payment entry may be the result of inaccurate information or a possible mix-up with another account holder who shares my name and similar information. 
I kindly request a thorough investigation into this matter to verify the accuracy of the reported late payment and, if necessary, remove it from my credit report. I understand the importance of accurate credit reporting and the impact it has on my financial well-being. 
If there is another account holder with the same or similar name and information, I urge your bureau to take the necessary steps to differentiate our accounts accurately to avoid any future discrepancies."
11239,OCWEN is violating the terms of their Consent Judgement in regards to my mortgage account. I am submitting this to you to have as record of my issues. I am seeking relief and requesting the Monitoring Committee established by the Judgement will take enforcement action against OCWEN and hold them accountable to the Judgement.
11240,"The original debt of {$16000.00} # XXXX with original creditor XXXX currently held by collection agency "" Portfolio Recovery Associates '' WITH XXXX ACCOUNT NUMBERS WITH THEM # XXXX & # XXXX for the THIS EXACT SAME DEBT is time barred meaning the California statue of limitations has more than exceeded ( over XXXX-years ) the time to collect and or sue for. The problem is also that this same debt When I called them up to tell them this that 's the first thing they tell me at the beginning of the phone call meaning that this debt has far exceeded the time to sue and is time barred however when I tell them "" Portfolio Recovery Associates '' this they tell me they ca n't remove this from credit report as money still owed to them. I then proceeded to call XXXX credit reporting agency at ( XXXX ) XXXX directly and they did indeed tell me that this debt has been long last the ( XXXX ) year California time statue and is time barred and they immediately removed this from the XXXX credit report. I want to make sure though that they "" Portfolio Recovery Associates '' also acknowledge that they HAVE XXXX ACCOUNT NUMBERS ( mentioned above ) that pertain to the same and ONLY DEBT OF {$16000.00} and that they will indeed remove these XXXX NEGATIVE AMOUNTS from NOT ONLY FROM THE XXXX CREDIT REPORTING AGENCY BUT TO ALL OTHER CREDIT REPORTING AGENCIES AS WELL. You can call and confirm with XXXX Credit Reporting Agency as well that this DEBT "" Portfolio Recovery Associates '' is indeed time barred and last the California time statue of ( XXXX ) years. XXXX says they have removed this debt as of XXXX/XXXX/15 but want to confirm that BOTH ACCOUNT NUMBERS ( listed above ) FOR THE SAME DEBT ( {$16000.00} ) WITH THIS COLLECTION AGENCY "" Portfolio Recovery Associates '' will be REMOVED and NOT JUST THE XXXX ACCOUNT NUMBER."
11241,"I have had several ACH debits taken from my personal checking account to pay a credit card that I have never been a part of. My ex husband XXXX XXXX is using my checking account that he has never been a part of nor had permission to use, to make his monthly payments. I have disputed the transactions with my financial institution however Capitol one continues to allow these payments. I have called capital one and advised them of the situation and they state that since I am not the primary holder of my ex husband card there is nothing they can do to remove my checking account information that is fraudulently being used."
11242,"New married name : XXXX XXXX XXXX ( formerly XXXX ) My loans are due the XXXX of each month. I generally send a paper check but on XX/XX/XXXX for that month, I had a phone transaction go through and hung up. TWO weeks later, MOHELA ( yes, them ) said that my phone payment didn't go through and that I was LATE. So I sent them a paper check # XXXX which they cashed on XX/XX/XXXX. XXXX payment : I sent in mail check on XX/XX/XXXX; they cashed that check on XX/XX/XXXX but are now STILL telling me they DIDNT GET IT. Even though they cashed it. I was asked to send bank documentation but THATS NOT MY JOB ( although I did request copy of canceled check from XXXX XXXX XXXX XXXX XXXX- which should not happen ). They keep saying I'm late to pay ( IM NEVER EVER LATE ON STUDent LOAN PAYMENTS! ) and as an XXXX person, Its really getting my down to the point that I want to hire a lawyer. GET THEM OFF ME! I can not imagine Mohela getting any worse with their egregious abuse of power and trust regarding student loans. Their incompetence and blame shifting has reached a new high."
11243,My Amex optima credit card has been closed by them its not fair when Im a loyal customer they refuse to reopen and closed it without letting me know this account was established to build my credit relationship with them again
11244,I purchased Groceries on a Target Red card in exchange for 5 % off in XXXX 2016 I received no bills from Target or reminders regarding payment-XX/XX/XXXX to XXXX as far as I can tell XXXX XXXX 2016 They started charging me late fees Original purchase was {$50.00} End of XXXX with late fees this was XXXX I got a letter by mail saying I was 56 days late with a Large late fee and Interest on a & lt ; {$50.00} purchase and they would not reverse it and reported it to credit bureau
11245,"This company continues to violate my rights. After I notice they have an invalid account on my credit I notified them and asked for valid verification AND Validation if the account bearing my wet signature, providing proof of their license and being anole to even report a debt. Which they have failed to provide. I explained to them that Ive never signed any contract with them or anyone to sell my information to and any alledged debt should be sent back to original creditor. I asked that any communication is done by mail however they continue to call me on my phone, email and through my business accounts which is accessible by employees."
11246,"I have a student loan that was consolidated in 2007, I shopped the loan to different lenders.The best quoted interest rate was 2.2 percent so I told that person I would do that loan. I was supposed to get loan documents to sign and send back, I never received any. Instead I received a payment book. So I paid on this loan with electronic payment for 11 years till last year when I received an offer to lower my student loan from the better than 7 percent interest I was being charged. I talked to AES and they told me that was the percentage rate. I have informed them that I did not sign the promissory note and that they really needed to honor the quoted rate as they did not have legal documents to secure the loan. They then sent me an incomplete promissory note with an interest rate of 7.1 percent. Of course there is no signature, my social security number, my employer at that time, the company offering the loan, my drivers license, my email. So the loan documents they provided to me are pretty much legally useless from there perspective. I would have never ever even considered consolidating at an interest rate much higher than I was paying at that time. This loan was consolidated at 7.1 percent interest without my approval or signature and the loan documents provided by AES are not legally binding. They do however illegally report it to the credit bureau which requires that the loan is legally held, and knowing this they still report it thereby committing fraud."
11247,I filed a dispute with Navy Federal for {$380.00} in regard to an unauthorized charge. The dispute was poorly worked and decision based on XXXX and XXXX. I made multiple attempts to resolve the issues and was also sent something regarding a class action lawsuit that had been activated regarding the same allegations. when I reached out I was met with XXXX who spoke in a unethical and unprofessional manner. I was basically told it was to late to fix the issue when I had been trying for months and months. promised call backs and nothing never ever happened.
11248,"I received an advance payment of {$5000.00} from my flood insurance carrier-Allstate. It was made out to me, XXXX Bank, and Compass bank. My primary mortgage is with XXXX bank and I have a equity line of credit with Compass ( that has a XXXX balance ). XXXX endorsed the check immediately-no problem. Compass Bank, however, refuses to endorse it unless they receive a copy of the insurance adjuster report and an estimate from a contractor. I explained the {$5000.00} advance is to help with immediate needs and to help me get started on the rebuilding process. This explanation fell on deaf ears. They cited their policy and have refused to endorse the check. As of this writing I 've had the check in hand for over a week. At this point it is a worthless piece of paper. I 'm grateful I do n't need the funds immediately but others in this same situation are desperate for money. We, flood victims, are being victimized all over again."
11249,"I have Barclays XXXX Visa card. I was late on one payment. They without warning cancelled and closed my account. They then informed my interest rate would be 21.24 %. They informed me the only way I would qualify for a lower payment is if I had a hardship and failed to make payments. I explained to them I had a significant hardship, but I am now current on my payments. They stated the account would have to be in collection in order to get a lower interest rate. I explained to them that made no sense that because I am current on my payments now they can not restore my credit or lower my rate. The representative even agreed the system made no sense, but she was bound by the banks rules and they can not make exceptions for one particular person."
11250,"Called the Synchrony Bank on XX/XX/year> and spoke with XXXX concerning the discrepancy between my loan amount and the "" new '' balance on my statement. Was told the fee is a standard fee and would not be waived. They provided no explanation of where or how I was previously notified of this "" junk '' fee."
11251,"I am filing to have a lien held by CitiMortgage on my property at XXXX, FL XXXX removed. This lien was included in a bankruptcy filing by my wife XXXX ( see attached Schedule F, list of creditors ). This lien should have already been removed. 
CitiMortgage stated in a letter copied to Consumer Financial Protection Bureau, dated XX/XX/XXXX, that "" XXXX ' bankruptcy filing had no impact on the property located at XXXX, FL, XXXX. '' This is incorrect. I have attached court documents from XX/XX/XXXX and XX/XX/XXXX that list XXXX as the representative of CitiMortgage/XXXX and clearly identify the property at XXXX, FL XXXX by both the postal address and the legal description of the property."
11252,"Issues is with XXXX XXXX XXXX who said they are working on behalf of US Bank. They report that I owe a debt of XXXX. I don't know of this debt. They threaten to send me a summons but I called the local law clerk and they where not able to find a case. They point to a website that has only been created a few months ago but said they been in business for 3 decades. Also the website - https : //www.baylorandpartners.com/ - shows copyright 2022, but again the WHOIS shows the website was created XX/XX/XXXX "" XXXX search results Domain Name : BAYLORANDPARTNERS.COM Registry Domain ID : XXXX Registrar XXXX Server : XXXX Registrar URL : XXXX XXXX XXXX Updated Date : XXXX Creation Date : XXXX XXXX Expiry Date : XXXX Registrar : XXXX XXXX 
XXXX XXXX ID : XXXX Registrar Abuse Contact Email : XXXX Registrar Abuse Contact Phone : XXXX Domain Status : XXXXXXXX XXXX XXXX XXXX XXXX XXXX XXXX XXXX XXXX XXXX XXXX XXXX XXXX XXXX clientUpdateProhibited Name Server : XXXX Name Server : XXXX XXXX  : unsigned '' I was contacted today at XX/XX/XXXX regarding this. XXXX post has detailed this could be a scam industry trying to scare people into paying a debt that doesn't exist or is past Statute of Limitations."
11253,"I am filing a complaint with the CFPB Regarding Capital Ones failure to deposit direct deposit from my employer and any other incoming deposits. Capital One has cited technical issues, which may violate the Electronic Funds Transfer Act ( EFTA ) as it requires timely access to funds. This situation raises concerns about consumer protection laws, and I request your assistance in investigating this matter to ensure my rights are upheld. Thank you."
11254,"The company has responded to the debt verification via letter/email that I received on XX/XX/2021 but the information they sent still does not validate the debt as being mine. The email address shown on the response, XXXX, the phone number listed XXXX XXXX XXXX XXXX and the address, XXXX XXXX XXXX XXXX, XXXX XXXX  have never been associated with me or anyone in my family. Ive looked up the address that was shown and it looks to belong to a XXXX XXXX. 

Please have the company do a deeper dive on the debt and remove from my credit immediately. If there are further steps to take on my side, please have it expedited as this is not my debt and is dragging my score down."
11255,"IC System at XXXX XXXX  XXXX XXXX XXXX XXXX XXXX, MN XXXX has been sending me collection notices in the amount of {$2200.00}. This collection has been reported as past due balance. I have never done business with this company. This company does not have a contact with my signature."
11256,"Dear Sir/Madam, I regularly travel between XXXX and XXXX  and primarily use XXXX XXXX for my travel. I am also an existing XXXX Citi Bank cardholder. 

I have attempted to apply for an XXXX XXXX AAdvantage credit card, but my application has been declined each time after a credit check on my SSN. I applied on XX/XX/XXXX, XX/XX/XXXX, and most recently on XX/XX/XXXX. 

During a recent flight, I was provided with a promotional code by the XXXX XXXX inflight team and attempted to apply again using that offer ; however, the application was declined again on XX/XX/XXXX. 

I am only having 1 credit card in my name and the other two cards i hold are add on cards from my husband 's account. So i am not understanding the reason for rejecting my credit card application repeatedly despite of having a good credit score and less no of credit checks.

I have requested the citi bank to review my application and advise if any additional information or documentation is required from my side to support approval but haven't heard from them so far. I would greatly appreciate your assistance in helping resolve this matter.

if it is not possible to approve, i am requesting CITI Bank to remove the 3 credit checks on my SSN as this is impacting my credit score unnecessarily. For every check it costed me almost XXXX points dip in my credit score. 

Thank you for your time and consideration. I look forward to your guidance."
11257,On XXXX I schedule two payments one for XXXX XX/XX/XXXX and a second payment for XXXXXX/XX/XXXX Those payments were then cancelled by the system. I log in to Aidvantage on XXXX and showing a delinquency for not providing payment. I am now scheduling payment on XXXX for XXXXXX/XX/XXXXand its considered late.
11258,"My account was wrongfully flagged for bad activity, when no one else has ever used my account. After providing documentation, they still chose to close my account, locking my money inside. There is no way to contact support."
11259,Received a XXXX misc from Chase Bank for overpaid interest due to the Service Members Relief Act. We are frustrated because this should not be considered income for us to pay taxes at years end. This was already tax from paycheck and then we issued a payment against the credit card debt. This is owed money. Not taxable money. I 'm not sure how these banks can get away with this.
11260,"The Company, Central Portfolio Control, called me on my personal number about a debt that was bogus. Within XXXX minutes they called me on an unlisted work phone number that is not associated with me in any way outside of work. It is not on any applications or forms they could have access to."
11261,I visit www.annualcreditreport.com I put my info in and it time me out when I went back to get my free credit report it said i already recived my 1 free credit report and I tried to get it when it timed out with out giving it to me!!!
11262,"On XX/XX/2022, I submitted CFPB complaint number XXXX, in which I explain that CashApp will not let me access the funds in my CashApp account $ XXXX. CashApp replied, indicating that if I opened a second CashApp account and contacted CashApp support, that CashApp would then let me access my funds. Because CashApp replied, CFPB closed my complaint. I opened a second CashApp account $ XXXX and contacted support asking CashApp to allow me to access my funds. CashApp again refused to allow me to access my funds. Thus, I am opening another complaint.

Please do not close the complaint simply because Block responds to the complaint. Please close the complaint only after the matter has been resolved."
11263,"We applied for a line of credit with XXXX XXXX through Synchrony Bank and was given a credit limit of {$1000.00} for use at the Emergency XXXX clinic. We were experiencing a life-threatening emergency and half of the amount was used that same evening of approval. When our XXXX was being admitted for XXXX the very next day, the remaining amount mysteriously became unavailable for use, and we were counting on using that amount coupled with some of our own funds for the admittance. The clinic wasn't asking for any more than what was already pre-approved and available ( {$500.00} ). The amount of time spent with the finance coordinator at the animal hospital going through extra, unnecessary verifications was astounding and embarrassing with her commenting she had experienced this before. I wasn't given a reason for the stop on the card as it had been established there was no fraud alert. Though Synchrony tried to say the merchant didn't accept XXXX XXXX the merchant is in partnership for there were signs all over the clinic floor accepting XXXX XXXX as payment and the clinic has access to their system to confirm credit limits and available funds. There we were trying to get our pet the XXXX she so desperately needed and the pre-approved funds were all of a sudden made inaccessible with no explanation whatsoever. This caused severe stress as we weren't certain whether or not she could be admitted and the alternative was absolutely heartbreaking."
11264,"I called and spoke to an agent XXXX to update my payment information as I made an online payment while out of the country with the wrong Finacial institution information. I was informed by the agent that she could not assist me with that, and that I was unable to process the payment and to update information via my mobile device. I explained that I was out of the country and did not have my own personal computer with me. I did share that I would transfer money via PayPal to my former financial institution in order to cover the payment. Later that afternoon, I received an alert on my phone regarding account closure I called back spoke with another agent and asked to speak with a manager. They put me through to XXXX who is an account manager with Synchrony Bank. I explained that I was out of the country did not have access to a computer and wanted to update my financial institution information as well as the fact that I am addressing return items promptly. The account has never gone 30 days past due and expressed also my frustration that I do not have the ability to update the information via a mobile device. XXXX offered to update the information whereas the agent earlier did not offer and told me I had to do it online. XXXX also brought to my attention that there were no documented calls regarding any returned items which to me is problematic."
11265,"Wells Fargo opened multiple checking, savings account, credit card, or line of credit under my name without my consent, or submitted an application for a checking or savings account, credit card, or line of credit without my consent. I opened a checking na account for the first time on XX/XX/year>. Being a XXXX underage, inexperienced person, they took advantage of me. They took every penny I had. I worked at XXXX, and was dealing with my parent 's divorce, Wells Fargo had to add on and take every penny I had under these illegal unauthorized accounts. As a Wells Fargo consumer who was immensely abused by the tactics Wells Fargo used, I demand a compensation. Wells Fargo assessed fees for Overdrafts on consumer debit card purchases and ATM withdrawals at the time that the transaction settled, even if I had enough funds available in their account to cover the amount of the transaction at the time, they made it ( transaction authorization ). Overdraft fees charged debit card purchases and ATM withdrawals as Authorized-Positive Overdraft Fees. I have additional documents to provide showing proof of fraud committed by Wells Fargo."
11266,"IC collection company drop 30 points in my credit report for a debt not owned from me, they not want to shoe me the contact I call them so many times to fix the problem and remove the collection from my credit repot and they dont give any answer. Please some body have to do something to this abusers."
11267,"Last XXXX I went on vacation to XXXX and we went to a time share they said they needed to charge my card a certain amount of money in order to process the time share. They told us once we reviewed the material and if we were not satisfied we could cancel at any time. It was a lot of material they gave us and we did not get around reviewing everything until sometime in XXXX / XXXX of 2020. When we reviewed the material we found out that the time share did not work the way it was explained and we were not happy about it. We tried cancelling and they told us it was too late to cancel. They lied to us. Also we found out the whole transaction was based on bad information we were told that the transaction would not go thru if one of us wasnt working and at the time my husband was unemployed and they still put the transaction thru. We were stuck with the credit card bill and with the time share also. we reached out to the credit card and made a dispute but they responded that we were liable for the charges. We have not been able to use the time share and the credit card transaction was for part of the time share. The credit card is with Barclay/RCI the credit card company already sent it to a collections agency with XXXX XXXX XXXX. 
XXXX XXXX  XXXX XXXX XXXX XXXX XXXX, XXXX  XXXX creditor shows barclays bank delaware account number ending in XXXX regarding RCI Elite Rewards Master Card the amount due is {$4100.00}"
11268,"On XX/XX/year>, I submitted a complaint with the XXXX regarding Wisely Inc., as they made my transferred funds from XXXX inaccessible. After filing this complaint, Wisely verified my identity, granting me access to my card. However, on XX/XX/year>, Wisely unexpectedly closed my account, citing that I was not "" a good fit '' for their service. I believe this closure is retaliatory in nature, in direct response to my previous XXXX  complaint. 

When I questioned the reason behind this closure, Wisely reaffirmed their authority to close accounts at their discretion. They further informed me that the remaining balance of {$64.00} would be sent as a closure check via mail.

I believe that closing my account as a response to my complaint is illegal retaliation, and I request : 1. Immediate reinstatement and reopening of my account.

2. Unrestricted access to the remaining balance.

3. A public apology from Wisely Inc. for this retaliatory behavior."
11269,"I filed for a deferment on the mortgage and was approved. The company continued to report late payments although the deferment was set with the company and I completed all necessary paperwork. I sold the home on XXXX and a wire was sent to payoff the full balance. The company reported a late payment for the month of XXXX because their accounting department did not payoff the loan. State Home reported another late payment and did not close the loan. They found payment on XXXX. This has caused me to be denied for an apartment because the mortgage is in arrears. 

State Home Mortgage Account number : XXXX"
11270,"TransUnion is allowing the collection account, XXXX XXXX XXXX, XXXX XXXX XXXX XXXX  XXXX XXXX, to be re-aged to look more recent and therefore stay on my credit report longer than it is supposed to. 
My TransUnion credit report says the account XXXX XXXX XXXX XXXX XXXX XXXX XXXX  XXXX XXXX {$1600.00} was opened XX/XX/XXXX. 
Enclosed are 3 collection letters from when the account first became delinquent in XXXX of XXXX. This account was never brought to current. .I have enclosed monthly statements from the original creditor XXXX showing delinquency as far back as XX/XX/XXXX and remaining delinquent. I have disputed this account with TransUnion before and they always say it's accurate. It is older than being reported and is wrong."
11271,Paypal somehow lost the link to my bank. Then they projected 5 days out so I asked for reversal. All I got was automated messages thanking me for my patience. When I complained online they circled the wagons. A XXXX complaint got my projected date pushed back further
11272,"On XXXX XXXX, XXXX my payment that was scheduled in the amount of {$39.00} posted and was later returned due to insufficient funds. The lack of funds was due to the error by The Clearing House, which is the private operator of the Automated Clearing House payments system that works with the National Federal Reserve. 

The Federal Reserve worked very slowly with banks to rectify the situation and pay those who were affected and whose direct deposits did not get deposited as expected. My bank just rectified the situation, on XXXX XXXX, XXXX and the paycheck that was missing was finally deposited into my account. 

Capital One is charging me a {$29.00} fee and no one can remove it. I called on XX/XX/XXXX at approximately XXXX. This recent inability to access my funds in my checking account was not my fault or my banks fault. It was an error on a larger national level and I feel I should not be penalized by overdraft fees, late fees or other penalties. It was the error at the national level with The Clearing House and the Federal Reserve."
11273,There was a hard pull ( inquiry ) made by CBNA ( Citibank national association ). I do not have an account with this company nor did I give them permission to pull my credit report as well. This event has unfortunately caused a drop in my credit score and I would like this hard inquiry removed from credit report as soon as possible. Thank you.
11274,"Money Network XXXX XXXX sent me a stimulus prepaid card under the name XXXX XXXX My name is XXXX XXXX XXXX XXXX. 

You can not talk to anyone on the XXXX XXXX line its all prerecorded junk and then they hang up. I activated the card but I can't use it under this name. Really bad implementation. As a retired government employee, I am ashamed."
11275,In XXXX of XXXX  I canceled my earnin account but I still had some money to pay but after that I disconnected my bank with the app but from then on they still took money from my account even though I had canceled it
11276,"XXXX  XXXX XXXX randomly shut off my access to this account and requested a copy of my ID to verify my identity. I sent them a copy of my ID, but they then closed my account. I had a XXXX balance when I last had access to the card. I do not recognize the balance they are reporting nor have I ever been late on a payment on this account. They are reporting me 60 days past due and decimating my credit score and report. They are unwilling to work with me and I have no other recourse to get this negative and false reporting removed."
11277,"Last year, XXXX XXXX, my wife lost her job. We contacted our mortgage company Ditech about mortgage relief in XXXX XXXX. By XXXX XXXX we were told they had all the documentation needed and it would be a 60 day assessment time to review with the underwriters if we fit into a mortgage relief program. After numerous calls and voicemails I filed a complaint here on the CFPB website on XXXX XXXX XXXX. Later that week we were approved and told to follow the documentation provided by Ditech to enter into a trail phase of 3 months of a relief mortgage rate. The trial period would be three payment one in each month of XXXX XXXX, XXXX XXXX and XXXX XXXX. After that, we were told that they would finish processing the mortgage relief paperwork and finalize the process. It is now XXXX of XXXX, a full year since we entered into the relief program and it is still not resolved after multiple phone calls all we are told is that they will mark our account for it to be reviewed quickly. It is very apparent that they are dragging their feet in hopes that we can not keep making payments and allowing the debt to collect on the account so they can collect a larger fee or we will be forced into foreclosure. Please help us get this resolved."
11278,"On or about XXXX  Capital One experienced some type of issues, I found out on XXXX  on social media ( in the morning ) there was no communication until after XXXX XXXX it was then I received a blanket statement about a technical issue. They are not answering calls and as of XXXX XXXX nothing has been deposited in my account but they are allowing money to be withdrawn with no issues"
11279,"On XX/XX/XXXX, I used my Chase credit card and the charge was declined. I immediately called Chase to ask why this happened and they said they have no info to give me over the phone and that I should expect to receive a letter from Chase. Thereafter, I received a letter dated XX/XX/XXXX20 stating only "" We have decided to close your accounts. After a recent review of your accounts, we have decided to end our relationship with you. '' I called the number on the letter XXXX to inquire about the account and reached the Compliance Dept. They recited to me "" we reviewed your account and determined that we can not maintain your account ; and as a result, made a final decision to close your account. '' That was it!! The Chase representative said he had no other details on our account and can not direct me to any other depts at Chase for me to speak to. Chase unilaterally closed our bank accounts without giving an explanation. Also, when I went to another bank to open a new account, that Bank opened a new account and closed my account the next day. Apparently, Chase closed our account and presumably reported the closure on check reporting companies so that we can not bank elsewhere. Also, I tried to open a new credit card and got denied with a credit score of XXXX?! I also had high balances in both my personal checking and savings accounts with no overdrafts, etc. I need ANSWERS!"
11280,"To Whom It May Concern, This complaint is a formal complaint against the company Equifax. I recently pulled my credit report and noticed one inquiry on my report without permissible use. According to the FCRA, they should be removed. I have sent in many letters disputing the unauthorized inquiry that I am aware. Many attempts were made to over come this problem with the creditor and reporting company. The inquiry name and date is XXXX XXXX XXXX , Auto moblie Dealers, Old, XXXX"
11281,"In accordance with the Fair Credit Reporting. Everything has to be 100 % accurate on my report. You stated my account was adequately investigated, but how is that possible if the open date is inaccurate, the current address is inaccurate, the date last reported is inaccurate, the date of the last payment is inaccurate, and the account status is inaccurate? This is grounds for the removal of the items listed and highlighted below and in my credit report that has been attached to this letter. And my rights have been violated under 15U.S.C 1681 Section 602 A. Section I has the right to privacy.

15U.S.C 1681 Section 604 A Section 2 : It also states that a consumer reporting agency can not furnish an account without my written instructions. 

XXXX- XXXX XXXX XXXX ( Original Creditor : XXXX T XXXX XXXX XXXX XXXX XXXX XXXX XXXX ( Original Creditor : XXXX XXXX ) XXXX"
11282,False information or misleading upon real time costumer service representative that werent available or at all real people at times of need to fulfill requests to have a transaction reviewed or disputed etc.
11283,"XXXX charges made to my credit card - Barclays XXXX XX/XX/XXXX - XXXX XXXX, XXXX PA {$1000.00} XXXX XXXX XXXX XXXX XXXX XXXXXXXX PA {$1400.00} XXXX XXXX XXXX XXXX XXXXXXXX PA {$1200.00} XXXX XXXX XXXX XXXX XXXX - XXXX CA {$92.00} Was notified via alert of potential fraud activity from CC company, called company on XX/XX/XXXX and confirmed these XXXX charges were not made by myself or the other authorized user. Card was reported and closed for Fraud. Card has been in my possession entire time. 
Investigation was opened and XXXX charges were reversed. 
XX/XX/XXXX XXXX charges were put back through account. 
No action was taken on XXXX XXXX charges. 
XX/XX/XXXX noted charges were on account again, called CC company, was advised that investigation was completed and charges found to be valid. 
Told representative that the charges were not made by account owner/auth rep. CC company reopened the case. 
XX/XX/XXXX XXXX XXXX purchase was reversed but later in day email was received advising that the charge was valid. 
No additional reversals have been made to the XXXX charges. 
Called XXXX, they were unable to provide any detail over the phone. 
Will be filing a police report at my local police station and am continuing to deal with CC Company."
11284,I did get a title loan from Ace Check XXXX and was paying it on time until work became VERY slow. I defaulted on my loan and did try to set an arrangement ONLY to not be able to fulfill it. I am a recently divorced mother of XXXX who has recently had to file bankruptcy to take care of my kids. I do/Will pay the debt off.
11285,"Paid off a debt after agreeing to a settlement agreement with NCB Management Services Incorporated.

They reduced the balance of the account as agreed by reporting it to the credit bureaus.

They then re-reported the full remaining balance against me to credit bureaus claiming it is part of the process and they can do nothing about it.

Made contact with company who is unable to anything about it and "" attempted to transfer me to a supervisor/management '' for an hour before coming back with "" It's under investigation now. We'll contact you later. '' Unlawful negative action taken less then twenty-four hours after fully satisfying the payment plan as made."
11286,"Notice is hereby given to XXXX Goldman Sachs Bank, APPLE CARD that on or about XX/XX/XXXX, APPLE CARD CASE # XXXX was open without Plaintiff/Affiant 's consent or authorization, an individual engaged in identity theft and used Plaintiff/Affiant 's personal identifying information to open the Fraudulent Account with GS Bank, account number XXXX, dated opened on XX/XX/XXXX. 
Plaintiff/Affiant requests that GS Bank immediately close the Fraudulent Account and cease reporting it or any information relating to it to any consumer reporting agency. 
Notice is also hereby given to the major consumer reporting agencies, XXXX, XXXX, and XXXX, that on or about XX/XX/XXXX, without Plaintiff/Affiant 's consent or authorization, an individual engaged in identity theft and used Plaintiff/Affiant 's personal identifying information to open the Fraudulent Account. 
Plaintiff/Affiant requests that the consumer reporting agencies investigate the Fraudulent Account and any inquiries relating to it, and block any information regarding the Fraudulent Account from appearing in Plaintiff/Affiant 's consumer reports.

Plaintiff/Affiant 's personal identifying information, including but not limited name, address, date of birth, and Social Security number were compromised and used without consent to open the Fraudulent Account.

Plaintiff/Affiant certifies that they did not authorize the Fraudulent Account and is a victim of identity theft as defined by 15 USC 1681c-2 and 12 CFR 1022, Regulation V."
11287,"I have been sending letters to all 3 credit bureaus including you about fraudulent accounts. No one hears me when I say delete these accounts off my credit report immediately. This is XXXX submitting this report. Your company is in clear violation of the law. Under 15 USC 1681b - permissible purpose of consumer reports, THE LAW CLEARLY STATES : ( b ) IN GENERAL Subject to subsection ( c ) any consumer reporting agency may furnish a consumer report under the following circumstances and no other : ( 2 ) In accordance with the written instructions of the consumer to whom it relates. Did I give you written instructions to furnish this on my credit report? Furthermore, the FAIR CREDIT REPORTING ACT 15 USC 1681 ( 2 ) ( a ) ( i )"
11288,"I am an XXXX XXXX  XXXX XXXX XXXX My auto loan was originated prior to my military service with an interest rate of 16 %. 

Under the Servicemembers Civil Relief Act ( 50 U.S.C. 3937 ), any obligation incurred before military service must have its interest rate capped at 6 % for the entire period of military service, and any interest charged above 6 % must be forgiven, not deferred. 

Although the lender reduced my interest rate prospectively after my request, they have repeatedly refused to apply the adjustment retroactively and refund or credit the excess interest already charged. The lender claims the SCRA benefit applies only from the date of request, which is incorrect and contrary to federal law. 

The SCRA requires a full retroactive recalculation of the loan, including forgiveness and reimbursement of all interest charged above 6 % during my military service, regardless of the request date.

I am requesting that the lender be required to comply with the SCRA by performing a full retroactive recalculation of my loan and issuing a refund or account credit for all excess interest charged."
11289,"On XX/XX/2020, I purchased merchandise at a XXXX XXXX XXXX in XXXX, Oregon. At checkout, I was solicited by the cashier to apply for a XXXX XXXX XXXX Mastercard and if approved, would receive a discount on my purchase. She repeatedly, at least 3-4 times assured me that this was not going to result in a credit inquiry, and was simply a "" soft pull '' with no credit bureau reporting. I told her this was critical as I was about to refinance my home and did not want to negatively impact my FICO score. She said she was 100 % certain that no credit reporting would be done. With that I agreed. The following day, I received notification from XXXX Experian and XXXX  that XXXX XXXX  had pulled my report and my FICO has dropped 100 points as a result. Incensed, I contacted XXXX XXXX to report what had occurred, immediately cancelled the account, and demanded that they contact the 3 bureaus to rescind the inquiry. They agreed to do so but said it would take weeks for the agencies to reverse the inquiry. I followed up 3 more times in the next few says and agents I spoke to reaffirmed that this had been done. I also contacted the agencies and sent letters confirming my discussions with XXXX. Additionally, I contacted the Manager of the XXXX XXXX and he apologized, acknowledging that the lady misinformed me and he would take proper action. He even reversed the charge and sent a small gift card to evidence his apology. I just received letters from XXXX and XXXX this week informing me that the inquiry is valid and will stand, contrary to what was mentioned during my multiple phone conversations with both. Meanwhile, with a lower FICO score, i am unable to complete my refinance, as the higher rate will raise my monthly payment on a 30 year mortgage by {$200.00} a month. Would greatly appreciate your help and support to mandate the lender to remove this inquiry."
11290,"XXXX XXXX has sold my debt, or has hired, Direct Recovery Services. This collection company has been contacting one of my co-workers at my place of employment. I am not sure how they got his contact information. They are the type that call from different phone numbers. Today I called them back on the number that they left on my co-workers ' voice mail : XXXX XXXX XXXX XXXX. I told them that they were contacting a third party about this debt and requested that they remove his phone number from their system and also asked them to stop contacting me at work. The other number that they have left on my co-workers voicemail before is XXXX XXXX XXXX XXXX."
11291,"During my relationship with Nationstar as my mortgage holder, they tend to lose or misapply my mortgage payments to completely unrelated accounts at least once and in some years twice. XXXX has done this with my XX/XX/2016 payment which exceed the amount due and was sent in the form of XXXX cashiers checks and XXXX small money order totaling XXXX. The loan account number was written on each and a cover letter was also provided. I called them in XX/XX/XXXX when I received a notice concerning the XX/XX/XXXX payment. on XX/XX/XXXX, the gentleman on the phone at Nationstar confirmed that they had just received the XX/XX/XXXX payments and he could see it in his system. He could also see the wire I had sent earlier that day for the XX/XX/XXXX payment. On XX/XX/XXXX, I received a notice dated XX/XX/XXXX that they were threatening foreclosure and I was owing a payment. I called Nationstar and spoke with a person named XXXX who was useless in identifying my earlier conversation that had said he could see the checks. The threats to foreclose and the mishandling of my payments has increased since my house is no longer underwater in value to debt. Nationstar is either deliberately putting my account n jeopardy or is grossly incompetent"
11292,"They refuse to provide their XXXX  discharge forgiveness form, then said it did not exist. They cant give me an accurate accounting or status of my loan which Ive been trying to get confirmation of the balance for years - Ive never taken private loans - all loans were direct loans that were consolidated with Sallie and then when Sallie restructured my loans were recharcterized as XXXX loans. Ive moved, had joblessness, periods of illness and all kinds of issues over the years, when I got to a point to review my loans I had XXXX main issues. XXXX ) a tremendous amount of debt from XXXX  XXXX XXXX that mis represented their programs, services and costs, job programs etc XXXX ) that tremendous balance is higher than it should be which is to any or all of the following - loan transferred to XXXX servicers without clearing the balances - double charging, XXXX XXXX XXXX and costs were not clearly laid out and laid out in a way hard to follow - reps would not explain anything - in the past I have asked navient to confirm my balance and origination documents- they have only presented e-sign documents that I have never seen. Given that I was approved for defense to repayment by the dept of education Navient was supposed to discharge my loans. The project on predatory lending stated that due to being a XXXX consolidation loan Navient will forgive/discharge upon request of their form. After years of going in circles and waiting for XXXXXXXX XXXX XXXXXXXX I requested the form through Navient  on XX/XX/year> and as of today XX/XX/year> they say it doesnt exist. They cant give me any details or help me in any way. Their website says I have no payment due, they send me a bill showing I have a payment due - the balance has changed several times XXXX no explanation."
11293,"I am requesting that the bank : - Conduct a complete investigation into the disappearance of my restricted account and all related records. - Locate the account or provide a full written accounting of what happened to it, including any transfers, closures, distributions, or other activity. - Comply with the existing court order directing the release of the funds if the account is located. - Preserve and produce all available records, including archived records, account history, internal notes, correspondence, and documents related to the account. - Explain why the account was initially located using my mother 's Social Security number but could no longer be located after I obtained the required court order. - Investigate whether any errors, negligence, unauthorized transactions, or misconduct contributed to the disappearance of the account. - Take any corrective action necessary to restore my rights, compensate me for any losses if the funds can not be recovered, and ensure compliance with all applicable legal obligations."
11294,"I sold a laptop on XXXX a person purchased it I got paid for it through PayPal the buyer opened a case against me for not receiving the item, the package was tracked and proven to be delivered case was closed in my favor and money freed up taken out by me I reported the buyer as suspicious because of the outlandish request of item not received and the world ending if he doesnt get paid, very suspicious, two days later buyer opens another case start he wants refund because item was not as listed listed as XXXX XXXX but it was XXXX XXXX I proved easily through listing pics that it clearly shows XXXX XXXX once again a bogus claim by a suspicious buyer, XXXX then sends me a email to send the buyer a return label I stated that I was not due to suspicious request and my case closed and reporting the buyer as a scammer XXXX them just debits my account and tries to take my money back without a resolution or at my request now my account is negative and they are want my money NOT FAIR OR LEGAL"
11295,"This company has repeatedly called My Son, and giving him my personal information about a debt that they are saying that I owed. I do not even live in the state anymore, and they refused to try to make a payment plan threatened to sue me sees my property to garnish my wages and hung up on me XXXX times when I asked to speak to a supervisor. They suggested that I paid the bill in full today when I asked him to make a payment plan because I was not working due to Covid. The supervisor supposedly got on the phone and then told me I should just file bankruptcy instead of making a payment plan with me. I told him that I was going to call the FTC because they were threatening me they hung up on Me and they threaten my personal property. Please shut these people down."
11296,"I was notified by XXXX XXXX XXXX XXXX that I was required to take my required minimum distribution on my IRA. I sent the RMD forms in ( see attached ) letter and required forms. XXXX XXXX informed me that the money was sent EFT to Truist Bank. After waiting the required time line of 3 days the money had not shown up in my account. I contacted Truist Bank and they informed me that they had not received the funds from XXXX XXXX XXXX stated to me and to Truist the money had been sent.After numerous calls to Truist this matter has not been resolved. Truist is standing by that they never received the money. It is though Truist is making know effort to tract this transaction. Please review and advise. 

Respectfully, XXXX XXXX @ XXXX email XXXX XXXX"
11297,"I have to a non-traditional credit lender which partners with CodeUp, a coding bootcamp provider here in XXXX XXXX. I filled the application for the first time on XXXX XXXX and received an answer on XXXX XXXX that I did not qualify. They encouraged me to use a co-applicant to increase my chances, which I did by reapplying with my wife. And it did not even take 24 hours and I receive the same standard message of rejection on XXXX XXXX. 
Their website clearly specifies that they do not do hard hits on credit reports so we should not see any loss of points or negative consequences on our credit score. 
However, since the last application, they keep running our credit reports. The last XXXX was this XXXX XXXX, the XXXX time. I have not applied for credit since that second application, yet my credit report is pulled again and again. The same for my wife. 
I attempted to contact them to discuss this matter through the number provided on their website, but it keeps sending me to an automated message telling me the hours of operation and to call back. I have not heard from them despite my many attempts."
11298,"Called Ascend loans to ask where is the contract? They sent me the contract. The date was changed and amount monthly had changed. They sent loan after funds were deposited in account. I cancelled the ACH debit on file and they attempted to run the debit through my bank. They changed the agreement, date of repayment and monthly amount. Amount borrowed was XXXX dollars. XX/XX/year>."
11299,XXXX XXXX said I owed an amount that was already paid. They did put the amount on my bill and on my credit report. I requested that they remove and show proof of removal since they were forcing me to pay the amount or threatening to turn off service. They have not removed the amount from my report even after me disputing the information. That amount is on my active accountI am currently paying it. I requested to have this information removed my report and it has not been removed. The credit bureaus only put disputed but didnt remove it. I need it removed immediately.
11300,"I opened a Crypto.com account in XXXX of XXXX. I purchased about {$900.00} of Shiba Inu that day or the next. Sometime in XXXX of XXXX, I wanted to see how it was doing so, I tried to log into my account but, I'd forgotten passcode. I emailed Crypto.com to change my passcode and they informed me that I needed to provide the phone number that I used to open said account in order to change it. I told them that I've since changed numbers so, I know longer have that number. They asked me to provide them w/a picture of my drivers license, a picture of me holding a piece of paper and a picture w/my elbow clearly showing me holding the paper, which was to display my full name, the days date and the code being sent to my email. I did what was asked of me but, they said they never received either the picture of my drivers license or the paper w/the info displayed. This went on for approximately 2 weeks! I had about 4 different employees respond to my emails saying they were sorry for the mix up but, they needed all the info to be provided again. I gave up trying to after my last, "" I'll be happy to help you if you'd provide the following information. '' Please help me because I'm at my wit 's end! Thank you in advance for your cooperation."
11301,"I was contacted by PayPal on XXXX telling me there has been unusual activity on my account. I told them I have PayPal account but I never use it. I was told someone had sent XXXX laptops to a certain address on XXXX in my name. The total was for {$600.00}. The invoice # XXXX. I told them no I'm XXXX  XXXX and I'm living off of XXXX XXXX, so there's no way I could even afford this. I first spoke to XXXX ( XXXX ), then I spoke to XXXX XXXX XXXX ) Case # XXXX. I was told they would investigate this and get back to me. I didn't hear back from no one. Then on XXXX I got another call from PayPal saying there had been some unusual activity on the account. They told me there was XXXX, XXXX, XXXX sent to different places. I was told there was XXXX sent to my account around the same time. I asked them why didn't they flag my account the first time that happened. On XXXX They sent me emails saying I owe them XXXX because the XXXX was sent by mistake. I had checked with my bank and there wasn't any deposits in that amount sent to my account. They told me they better get that money from me or else. On XXXX I received a collection notice from PayPal for XXXX. I just received a call from them around XXXX saying someone had sent a tv to California for XXXX. I just hung up on them. I have been depressed and so overwhelmed by all this madness. But now I'm angry and ready to fight."
11302,"I did a 0 % balance transfer on one of my credit cards. The card had a XXXX balance prior to this transaction. I paid the first month 's minimum payment and then on the second statement after the balance transfer I was charged {$1.00} in interest. 

I called and spoke with two representatives at the bank and they both indicated that the 3 % balance transfer fee was not paid off after the first statement so now that fee is treated as a purchase. 

So the bank is charging me interest on a fee that they charged me. The bank is indicating that if the fee is not paid completely after the first statement it becomes the equivalent of a purchase. This is not indicated anywhere in the literature. Every time I 've done a balance transfer with any other card the transfer fee becomes part of the 0 % interest. 

Obviously it 's not the {$1.00} I 'm worried about, its the principle that the bank is charging me interest on the fee that they charged me as if it were a purchase. This seems to be a very poor way of doing business."
11303,"They helped me with my payments however I ni can not log in. They deleted my email and phone number associated with the account so I can't get the text or email code in order to make my payments online. They're are doing everything they can to make me late, hit my credit and get late fees. This is absolutely not okay. We've had nothing but issues with this horrific company. I have cards through them for XXXX, Victorias Secret, XXXX and XXXXXX/XX/XXXX that they have done this with."
11304,"In accordance with the Fair Credit Reporting act ( FCRA ) ; XXXX XXXX has violated my rights. On XX/XX/2020 there was an unauthorized inquiry. 15 U.S.C 1681 section 602 A. States I have the right to privacy. 15 U.S.C 1681 Section 604 A Section 2 : It also states a consumer reporting agency can not furnish an account without my written instructions 15 U.S.C. 1681 section 602 A. States I have the right to privacy.

15 U.S.C. 1681 section 604 A. Section 2 : it also states a consumer reporting agency can not furnish an account without my written instructions."
11305,Sought balance to applicable and prevailing interes on various deposits and its brought to current from trend in pay breach on interes balances in this sector XXXX to XXXX XXXX Card to XXXX to XXXX to BOA
11306,"I submitted a complaint on XX/XX/XXXX regarding a recast from Ocwen Loan servicing. The case # is XXXX. I received the modification agreement on XXXX XXXX, 2016. Ocwen lowered my payments for only nine months & it will return back to the amount I am paying now. As I explained in my last letter, This modification was suppose to take place months ago and Ocwen is just modifying my loan and cheating me with this bogus Modifcation. My first modification should begin XXXX through XXXX. Please research."
11307,"We paid cc balance back in XXXX, 2021 Synchrony sent letters and statements that said balance is at XXXX- Then said they never received our payment but sent refund check stating this was an overpayment- Now they continue to say the overpayment was sent in error, now wanting the overpayment paid back to them. 

Weve also received letters from them continually saying sorry for the inconvenience- your balance is XXXX. 

Ive been on the phone with them over XXXX hours ( - ( ) to try and get this problem resolved.. 

Ive sent copies to them saying check was cashed by them. 

I feel like this is totally their mistakes, and tired of dealing with this mess since XXXX, 2021 Please help me get this issue resolved, I dont have money to take them to court! 

Thank you, XXXX and XXXX XXXX"
11308,"Someone opened a Discover card and a XXXX XXXX in my name without my consent. I suspect I am a victim of identity theft. I made an attempt to contact the creditor, and they have informed me that they are not aware of the situation. However, the three credit bureaus assert that the creditor has confirmed the debt belongs to me, creating a dispute between the parties. I have made every effort within my means to address this matter."
11309,"XXXX XXXX XXXX XXXX XXXX XXXX XXXX XXXX XXXX XXXX XXXX Consumer Financial Protection Bureau Subject XXXX Bank of America Illegal Denial of Billing Dispute Violation of FCBA, TILA, and Regulation Z I am filing a formal complaint against Bank of America regarding an unauthorized {$4000.00} charge from XXXX XXXX XXXX XXXX billed to my XXXX  card ending in XXXX ( BoA Dispute # XXXX ). 
Bank of America admitted they have no signed contract, no authorization, and no proof that I approved the transaction. 
Despite this, the bank denied my dispute and refused to provide documentation. This violates the Fair Credit Billing Act ( 15 U.S.C. 1666 ), Truth in Lending Act, and Regulation Z 1026.12 ( b ). A full transcript of my call with Bank of America is attached as evidence.

Requested Resolution : 1. Immediate removal of the unauthorized {$4000.00} charge. 2. Reversal of all interest/fees. 3. Full written documentation of proof of authorization. 4. Correction of all credit reporting entries. 
Sincerely, XXXX XXXX Proof of call"
11310,My property taxes have significantly lowered. I have a disbursement coming up this month that is set to go to the county any day now. They are set up to pay XXXX more than what is due and have blatantly ignored my requests for an escrow analysis. Now they will disburse the wrong amount and I am going to have to wait for the county to cut a refund check. I love in XXXX and with covid it is going to take forever. I have sent them my tax bill. Emailed twice. Called and was promised it would be done in 4 days ( weeks ago ) and nothing has been done. My mortgage payment is almost XXXX dollars too high due to the projection as well. I also know that if the payment change is in my favor that the 60 day waiting period does not apply. I want my money back and my payment lowered immediately. They have ignored me long enough. I work for a servicer so I am aware it can be done. I pray my mortgage is sold and I never have to work with this pathetic servicer again. Update my payment. Disburse the correct amount. Analyze my escrow account and make the payment change effective for the XXXX payment. I know the law and I know it can be done. We are in the middle of a pandemic and this company is holding MY money hostage. I also have XXXX XXXX and could use the extra money for medication. Shame on them. They clearly dont give a XXXX about the consumers.
11311,"I went to my closet BMO bank branch to do a wire transfer to one of my brokerage accounts. This was the fastest ways to fund that external account, and timing was imperative. I had all of the pertinent information outlined precisely. The bank representative hurried me in and rushed through the process. I repeatedly stated the account numbers and the correct areas in wich they needed to be placed in. My funds are in limbo due to the gross negligence of the banking representative. I'm a volatile stock investor and this situation has cost me $ XXXX potentially more. I have a copy of the "" Domestic Consumer Wire Transfer Request "". This individual NEVER ENTERED MY NAME OR ACCOUNT NUMBER TO THE BROKERAGE COMPANY!!! My lively hood depends on those funds being accessible. Now, my money is lost in space. Again, the miss handling of this wire transfer has put me in a bad position..."
11312,"Subject : Mortgage Servicer System Error Resulting in Missed Payments, Penalties, and Credit Damage Complaint Summary : I am reporting a serious issue with my mortgage servicers auto-payment system that resulted in missed payments, financial penalties, and damage to my credit scoredespite my consistent efforts to pay on time. 
I had automatic monthly mortgage payments set up through my checking account. From XXXX through XX/XX/year>, payments of {$3800.00} were successfully deducted. On XX/XX/XXXX, the payment amount was supposed to adjust to {$3100.00} due to a loan recast. However, despite the auto-payment remaining active, no deductions occurred in XXXX, XXXX, or XXXX. 
I was not notified until XXXX that XXXX payments were missed. I was forced to make a lump-sum payment of $ XXXXincluding penaltiesto avoid further damage. Even after paying, I continued receiving statements claiming I still owed the XXXX payment. 
Additionally, my loan activity shows the XXXX payment was reverted on XX/XX/XXXX, yet my bank statement confirms the funds were deducted and never returned. I have not received a refund or explanation for this discrepancy. 
Attempts to resolve the issue with customer service were unsuccessful. Representatives were unaware of the problem and insisted I pay to clear the account. I was penalized for a system failure that was not my fault, and my credit score has suffered as a result."
11313,"I am writing to formally express my concerns regarding Zelles handling of disputes, particularly in light of the recent CFPB lawsuit highlighting significant issues with the platform.Despite using Zelle numerous times and reporting discrepancies, my financial institution and Zelle failed to investigate my claims adequately. They informed that recovering lost funds was impossible and that tracking these transactions was unfeasible. The CFPBs findings indicate that Zelle has not only neglected to protect consumers but has also allowed repeat offenders to exploit the system, leaving users vulnerable to scams. This lack of accountability and transparency is unacceptable and raises serious concerns about consumer safety."
11314,"I have been a Cash App customer since 2018 and I never intentionally violated any of their rules or used the app for anything illegal. On XXXX, they suddenly closed my account by error, I tried contacting them via Chat, phone, and facebook. Every time they promise me that they assigned my case to someone to look into and I will hear from them soon but I never got any response. Cash App has XXXX customer support."
11315,They continue to email me several times a week about a debt they think I owe them. I just want them to remove my email from their records. I've asked repeatedly for them to stop sending me emails and they just flat out ignore me or respond and say they will if I agree to pay them.
11316,The company call me at work. I have told them I can not get calls like this at work. XXXX XXXX calls me and I ended up having to hang up on him because even though I told him I am at work he just kept on talking. Calls to my work need to be stopped or I will lose my job. Their number that he called me from is XXXX - XXXX XXXX XXXX.
11317,"Complaint Against Discover Card Billing Dispute Resolution I am filing this complaint to dispute Discover Cards resolution of my recent billing dispute concerning a defective product. 

Background On XX/XX/XXXX, I purchased a Self-Cleaning Litter Box for Cats ( Order # XXXX ) from manufacturer XXXX  through XXXX for {$400.00}. The product was sold as new and explicitly covered by a one-year manufacturers warranty, as stated on the XXXX product page. 

Dispute with Discover I filed a billing dispute under the Fair Credit Billing Act ( FCBA ) because the product was defective and the manufacturer refused to honor the warranty. Discover denied the dispute, stating that the item was delivered and billed correctly. This reasoning ignores the central issue : the product was defective and warranty obligations were not fulfilled. 

Efforts to Resolve Contacted XXXX customer support multiple times between XXXX and XX/XX/XXXX regarding warranty coverage. 
XXXX contacted the manufacturer multiple times during the same period, but the manufacturer failed to respond. 
Contacted XXXX  warranty department ( XXXX ) on XX/XX/XXXX, formally requesting warranty service. As of XX/XX/XXXX, no response has been received. 

Legal Basis The manufacturers refusal to honor the written warranty violates the Magnuson-Moss Warranty Act ( 15 U.S.C. 2301 et seq. ), which requires sellers and manufacturers to honor written warranties. 

By denying my dispute solely on the basis that the product was delivered and billed correctly, Discover has failed to properly apply protections under the Fair Credit Billing Act, which is designed to protect cardholders from defective or misrepresented goods."
11318,"On XX/XX/year>, I purchased a single vehicle history report and its PDF version from XXXX for a total of {$2.00} ( {$1.00} for the report and {$1.00} for the PDF ). Despite this, I was charged {$29.00} twice for a subscription I never agreed to, on XX/XX/year>, and XX/XX/year>. 

The vehicle history reports provided by XXXX are fraudulent, as they are randomly generated and do not provide actual vehicle data. I have attached a screenshot of my transaction history showing these charges. 

I contacted PayPal to dispute the charges, providing evidence from multiple reputable sources, including the XXXX XXXX XXXX XXXX XXXX  ), XXXX, and XXXX, all of which highlight similar fraudulent practices by XXXX. Despite this, PayPal denied my claim, citing consistent IP address activity as the reason. This does not address the fraudulent nature of the charges."
11319,"I accepted credit card payments through Square and they deposited the net proceeds into my bank account. I do business in XXXX XXXX, FL. Without my authorization, they issued a digital account and authorized fraudulent charges is another city. They mailed a physical card to another city, XXXX, Texas. I discovered the fraud when they did not deposit two transactions into my business checking account from : XX/XX/21 {$60.00} gross XX/XX/21 {$220.00} gross I have contacted them five times without response. They say that they stopped the physical card and closed the virtual account."
11320,"I have an open line of credit at Keybank which was opened in XX/XX/XXXX. Keybank blocked by online banking and access to the line of credit in XX/XX/XXXX with no explanation. I have tried to get an explanation from Keybank since with no success. I have been making regular payments on the line of credit by visiting a KeyBank branch. 

I haven't violated any terms of credit line."
11321,"I am filing a complaint against Cash App ( Block , Inc ). due to inadequate customer service and unfair practices, which violate the Consumer Financial Protection Act ( CFPA ). Specifically, Cash App failed to take timely and effective measures to prevent and address fraud on their platform, leaving my account vulnerable and unprotected. Furthermore, their disute resolution process was unfair and deceptive, as they did not complu with error resolution process was unfair and deceptive, as they did not comply with eorror resolution requirements under the Electronic Fund Transfer Act ( EFTA ) and Regulation E. These actions have caused significant inconvienience and financial loss, and I seek appropriate redress for these violations."
11322,"In XX/XX/2020, I called Shellpoint and went online to request a COVID 19 temporary forebearance since I can not afford my mortgage. It is know XX/XX/2020 and I have received no information except for a MORTGAGE STATEMENT showing I am now past due 2 payments. 

I have nothing online nor in the mail acknowleding my request. I have done this twice and have gotten nothing."
11323,"On XX/XX/2021 I received a letter from a collection agency, Portfolio Recovery Associates LLC stating there was a debt owed to XXXX XXXX XXXX  ( XXXX XXXX XXXX. On XX/XX/2021 I sent Portfolio Recovery Associates LLC a debt validation letter via Certified Mail with signature confirmation, and I received a receipt that the letter was received and signed for by Portfolio Recovery Associates LLC, from the United States Postal Service on XX/XX/2021. 
On XX/XX/2021 I received another letter from Portfolio Recovery Associates LLC stating there was a debt owed to XXXX XXXX XXXX  ( XXXX ) XXXX that looked exactly the same as the letter sent to me on XX/XX/2021."
11324,I refinanced my home with XXXX XXXX XXXX and they sold my mortgage to village capital. village capital then sent me a letter in XX/XX/2020 stating that they were going to purchase homeowners insurance. I already had homeowners insurance with XXXX. I then paid my insurance {$2400.00} and rent the paperwork to village capital for a refund. I am now to the point where i am talking to XXXX XXXX her number is XXXX. I have filed a claim with the XXXX XXXX XXXX. The insurance was to be paid in my refinance and never was.
11325,"In XX/XX/2023, my vehicle was broken into, and my wallet, containing vital personal items including my bank card, was stolen. Subsequently, I promptly notified them to request a replacement card. Despite numerous attempts over the past twelve months, I have yet to receive a replacement card. Every time I reached out, I was met with excuses regarding delayed shipments and my address always being input incorrectly because I have an accent and speech impediment that makes it hard to understand me. 
Throughout this ordeal, my account has been subjected to wrongful imposition of interest charges and late fees, despite my consistent efforts to address the situation and pay off my actual balance. Despite my attempts to rectify these erroneous charges, the company has persisted in its unjust actions, further exacerbating my financial distress. To make matters worse, my account was abruptly closed without prior notice, and I have been unfairly subjected to negative reports on my credit history for non-payment of a card that was never issued to me."
11326,"I am writing to formally express my concerns regarding Zelles handling of disputes, particularly in light of the recents CFPB lawsuit highlighting significant issues with the platform. Despite using zelle numerous times and reporting discrepancies, my financial institution and zelle failed to investigate my claims adequately. They informed me that recovering lost funds was impossible and that tracking these transactions was unfeasible. The CFPBs findings indicate that zelle has not only neglected to protect consumers but has also allowed repeat offenders exploit the system, leaving users, vulnerable to scams. The lack of accountability and transparency raises serious concerns about consumer safety."
11327,Navient/sallie mae loan company made illegal charges and did not offer loan repayment plans to me when they bought my loan. They illegally deferred my payments and didn't offer any solutions other than forbearance. My loan has tripled in amount but then they paid me from a settlement in a lawsuit for calling my work and for charging illegal interest and charges. During that time ( XXXX ) I was placed on forbearance at least 7 different times. I was not given options. They harassed me at work until I was put on forbearance with my loans. One advisor also told me they would ruin my life. When they began getting sued they sold my loan to XXXX XXXX/XXXX. They began to garnish my wages. I asked for a hearing to request a stop to garnishment through financial hardship but I was denied. I called XXXX and they refused to give me any information on to why I was denied. They refused to disclose any of the process to denying me. They Garnished over 1100 dollars a month. To get off garnishment they said I must pay another $ XXXX month in addition top garnishment? Meanwhile they destroyed my credit by constantly adding remarks and adding delinquent penalties tip my credit score. I wad getting garnished while they destroyed my credit in addition to that. I can not afford the garnished amount. They gave me no other option. Im going to lose my house. I have a XXXX year old. My bills are over XXXX 4000 month. I was denied by XXXX even after i applied for financial hardship but I've been getting garnished for over 2 years.I can't afford it and i can't get out of garnishment. Plus my student loan amount has increased! Is that legal? Navient made illegal practices and my loan amount has more than doubled but now XXXX is garnishing my wages for it? My loans were federal Perkins loans   and XXXX loans which are possible potential forgiveness loans for XXXX. Im a XXXX but I can not Get forgiven if my wages are being garnished and I am in default. This can't be legal
11328,"I file fraud last year with XXXX on their website as I was advised by the collection agency southwest collection systems , I then received a call from a rep in the fraud department with XXXX who knowledge they received the dispute and they would be in contact soon, I never got another call. I then received an email on XX/XX/XXXX from a, XXXX. XXXX, in the Fraud Operations/Fraud Management department who again said they received my dispute and will be in contact via email or mail with the resolution, I never heard back, I followed up on XX/XX/XXXX, no reply, I followed up again on XX/XX/XXXX, she replied and stated she needed the account number to identify my account which we have been in contact on the same email, I replied advising I don't have an account number this is fraud, when I call XXXX  directly they claim they can't find me and refused to transfer me to the fraud department. I advised her that she should have my account number since we have been in contact.After that I have reached out on, XX/XX/XXXX, XX/XX/XXXX, XX/XX/XXXX and XX/XX/XXXX with no replied This bill was opened XX/XX/XXXX and charge off on XX/XX/XXXX Collection : Southwest Credit system received the bill as of XX/XX/XXXX They also have an email address that has never been mine along with an address"
11329,"On  XXXX   XXXX , I received a promotional offer in the mail from Navy Federal Credit Uni on ( NFCU ). It stated  that if I opened a  Go Re wards Credit Card account I could get a 2.99 % interest rate on balance transfers with no balance transfer fees. It directed me to  apply at www.navyfederal.org/go299. A fter I applied, had my credit checked, and requested to transfer my balance, I received their disclosures in the mail which said the interest rate on balance transfers was 10.24 %. I called  NFCU  to find out if 10.24 % was the balance transfer interest rate and I was told it is and that they had no knowledge of any 2.99 % promotional offer."
11330,"PayPal Inc demands payment of {$88.00} in fraudulent XXXX transactions. My financial institution and XXXX have both investigated and determined it's fraud. I had to get new bank accounts and rideshare accounts while updating passwords on all my digital accounts. I've contacted PayPal numerous times, including on today, I was told the resolution team closed the dispute and I must pay. I will not pay for charges for services I did not enjoy. I'm at my wit 's end and just want PayPal to do what is fair and right."
11331,"On XXXX XX/XX/2020 a currency transfer of {$50000.00} was sent by XXXX of XXXX. XXXX to Citibank. New York These funds were acknowledged as arriving on XXXX XX/XX/2020. Please see part of the Transfer Confirmation attached. 'Transfer Confirmation - Funded XX/XX/2020 - Transfer number # XXXX - Limited sender details XXXX XXXX XXXX XXXX XXXX XXXX Transfer overview Amount paid by XXXX XXXX XXXX {$50000.00} USD and ultimately sent via Citibank to XXXX XXXX XXXX XXXX XXXX XXXX XXXX The Citibank transfer details as follows : - Routing No. - XXXX. - Bank account number - XXXX. Checking Address - XXXX XXXX XXXX. - New York, XXXX, United States The official document is attached. Having checked with XXXX  they advised the following : - after checking the details of the transfer as sent to CitiBank on XXXX XX/XX/2020, I checked your transfer number XXXX for the amount XXXX USD and I can confirm that this transfer is complete from our side as the money was sent to the recipient details that you provided. However, after double checking the recipient details, I found some differences in the account number and the account holder 's name that were provided while making the transfer. However under normal protocol, if there are mistakes with the details of the intended account, then the funds should be returned to the sender - XXXX. My complaint is that the money was not returned and after 17 days the money is still being held by citibank but they are denying having the money."
11332,The Credit Reporting Agencies claimed the previously disputed accounts as verified and continued reporting the erroneous accounts on my Credit Report. I am submitting this CFPB complaint today in response to the recent investigation conducted by the Credit Reporting Agencies. I do not agree with their findings and I am requesting complete accuracy. I am not satisfied that enough was done to truly contact the creditors that are reporting this information on my report and because of this I am now asking you for more information regarding these particular accounts in question. FCRA Sections 609 ( a ) ( XXXX ) ( A ) and 611 ( a ) ( XXXX ) require the 3 credit bureaus to validate these accounts ( A ) in a timely manner. It is not permissible to fail to validate these reporting accounts as unverified information without providing any proof within the time frame specified by law. My credit report includes the following erroneous accounts that needs to be investigated and corrected : XXXX XXXX Balance : {$3400.00} XXXX XXXX Balance : {$4700.00} XXXX XXXX Balance : {$9400.00} XXXX XXXX Balance : {$0.00} XXXX XXXX Balance : {$0.00} XXXX XXXX Balance : {$0.00} XXXX XXXX Balance : {$0.00} XXXX XXXX Balance : {$0.00} XXXX XXXX Balance : {$0.00} XXXX XXXX Balance : {$0.00} XXXX XXXX Balance : {$0.00} XXXX XXXX Balance : {$0.00} XXXX XXXX Balance : {$0.00} XXXX XXXX Balance : {$0.00} XXXX XXXX Balance : {$0.00} XXXX XXXX Balance : {$0.00} XXXX XXXX Balance : {$0.00} XXXX XXXX Balance : {$0.00}
11333,"I received a notice from Capitol One that they were issuing me a new card and account because XXXX of the merchants I had dealt with had a security lapse. I have been trying to get the name of the merchant and they seem to be stonewalling me. Their chat line wo n't accept my valid input, their phone representatives ca n't seem to access the information and they refuse to email me the information, stating that a name is too sensitive. What can I do? This is XXXX."
11334,"I have submitted personal request about ongoing issues of multiple inaccuracies on my credit report. I have asked for proof of validation of debt with my original documentation. I have provided direct discrepancies from reportings of late payments. I have asked for a collection item to be removed off my credit. XXXX has deflected by sending me this email, even though my request was signed by me personally with my identification. 

My request is as follows Correction to my name XXXX XXXX XXXX Address XXXX XXXX XXXX XXXX, CT XXXX No XXXX history I requested to have multiple late payments removed off my credit report from the department of education that went from on time payment and then to 90 days late on six accounts. 

I asked to dispute late payment reporting on XXXX XXXX XXXX XXXX. XXXX XXXX and XXXX. 

I asked for proof of verification and also requested validation of debt. 


This is not my first request this is my last and final request before I bring forth action."
11335,"Good Evening in accordance with the Fair Trade Act, the account ; Ally Financial : XXXX - has violated my federally protected rights to privacy and confidentiality under 15 USC 1681.

15 U.S.C 1681 section 602 A. States I have the right to privacy 15 U.S.C 1681 section 604 A section 2 : Also states a consumer reporting agency can not furnish my account without my written instructions.

! 5 U.S.C 1681s-2 ( A ) ( 1 ) A person shall not furnish any information relating to any consumer reporting agency if the person knows or has reasonable cause to believe that the information is accurate."
11336,"On XX/XX/2023 I called, just excuses and runaround why the amount ( s ) keep fluctuating. I emailed XX/XX/2023, they refused to respond. I emailed XX/XX/XXXX, twice and XX/XX/2023, they refuse to respond. I used the text feature ( XXXX ), on XX/XX/2023, they refused to respond. I have attempted to rescind my ACH debit, they refuse to respond or acknowledge this. 
I have paid XXXX in 10 months, the original amount was XXXX Credit Fresh says I owe XXXX, where did the money paid go? How can I possibly owe more than the original loan by XXXX when I have paid nearly XXXX in just 10 months. 
This is beyond predatory. This is beyond allowable interest in Oklahoma. I am also contacting the FTC and Oklahoma State Attorney General. I am also sending via signature required my revocation of ACH debit. 
This company is ruthless, follows NO rules, NO acceptable accounting practices. They should be shut down IMMEDIATELY. 
The refusal to respond, the refusal to remove the ACH authorization tells anyone all you need to know about Credit Fresh. 
Please, I am begging you, STOP these crooks."
11337,"Quicken Loans aka Rocket Mortgage committed to a 30 day close before taking the application with the caveat that due to low rates it would take no more than 40-45 days. They are so slow at processing the loan they keep re-requesting the  same information to delay the loan. They requested the P & L statements as the delay documentation request now for a third time. All third party services have been completed the first 10 days of XXXX. 
Secondary issue is bait and switch on a 15 vs 30 year mortgage after we were 6 weeks into the process. And the exorbitant Fees being charged were not properly disclosed and also substantially higher than quoted."
11338,"I am writing to file a formal complaint regarding inaccurate information reported on my credit file by XXXX XXXX XXXX. The specific account in question is : Account Name : XXXX XXXX XXXX Account Number : XXXXXXXX XXXX XXXX XXXX XXXX Date Opened : XX/XX/year> High Credit : {$19000.00} Issue : Late Payment / Wrong Address The issue involves the reporting of a wrong address associated with this account : XXXX XXXX XXXX XXXX XXXX, XXXX XXXX, MI XXXX This address is incorrect and not associated with me, which has resulted in an inaccurate credit profile. The reporting of late payments in connection with this wrong address is false and misleading, causing potential harm to my creditworthiness. 

Under the Fair Credit Reporting Act ( FCRA ), I have the right to have accurate information reported and maintained on my credit file. I request the CFPBs assistance to ensure that XXXX XXXX XXXX : Investigates this matter thoroughly. 

Corrects or removes the inaccurate address and any related false reporting. 

Provides confirmation in writing once the correction has been made. 

The continued reporting of incorrect information is not only a violation of the FCRA but also significantly affects my ability to secure credit in a fair and accurate manner. 

Please consider this matter urgent, and I request timely intervention to ensure this false reporting is corrected immediately. I have attached relevant documentation supporting my current address and proof of the incorrect reporting."
11339,My money was taken out of my account by a hacker asking me to download a link I reported this to chime and also provided them every detail available even showed them proof and they still havent returned my money back to my account is how my police report proof of my identity being taken and also proof of someone accessing my account through a link and they keep denying my claim NEXT I WILL BE TAKING THIS TO COURT I have no money to just loose because SOMONE WHO SENDS ME A CHIME LINK STILL MY MONEY
11340,"On XXXX/XXXX/2016 I had called in to request a forbearance be placed on my account because I could not make the payments. During this phone conversation, I also requested that all of my loans be placed on an Income-Driven Repayment ( IDR ) plan. I was emailed the XXXX Request Form and the Income-Driven Repayment Plan Request Form ; XXXX applications were faxed to ( XXXX ) XXXX on XXXX/XXXX/2016. 
I called today XXXX/XXXX/2016 and was told that I am past due on my payments. I was also told that there were no notes made requesting any forbearance or IDR plans."
11341,"Bull City Financial has chosen to violate my rights under federal law as a identity theft victim. This company has been notified by myself and also several credit reporting agencies that the account they are reporting has been flagged as fraudulent. Bull City still hasnt corrected their errors and is intentionally reporting Fraudulent information. I have contacted this company over 50 times, the moment I request to speak with their fraud department they immediately disconnect the call. This complaint will also serve as my legal evidence that I have exhausted every means possible to fix this fraudulent issue with Bull City Financial and will be seeking {$250000.00} in Federal Court for Defamation if this issue is not resolved in five business days"
11342,"Your failure to mark this account as disputed within the required 30-day period violates 15 U.S. Code 1681s-2, which outlines the responsibilities of information furnishers to consumer reporting agencies. This oversight constitutes a breach of the provision."
11343,U.S bank suddenly closed my account and didn't give me any time to redeem my points. U.S bank against New York Law. New York law provides a 90-day grace period for New York cardholders to redeem credit card points after the account is canceled or modified.
11344,"From XX/XX/XXXX through XX/XX/XXXX I successfully sent monthly bill pay checks from Chase Bank to my Landlord for my office rent. The checks were issued by Chase and mailed via USPS to a mailbox store ( not post office ) named 'XXXX XXXX XXXX XXXX ' at XXXX XXXX XXXX  XXXX XXXXXXXX XXXX XXXXXXXX XXXX WA XXXX. On XX/XX/XXXX my Landlord emailed me to tell me that there were two missing checks for XX/XX/XXXX. I investigated and learned that one of the 'missing "" rent checks had been cashed. I was able to see a photo of the cancelled/cashed check, and learned that it had been fraudulently altered prior to being cashed, and was inappropriately accepted by a bank. The addressee had been changed from XXXX XXXX XXXX XXXX XXXX XXXX XXXX XXXX ' to XXXX XXXX XXXX XXXX XXXX XXXX XXXX ' ( A XXXX search of XXXX XXXX reveals that he is a convicted burglar in XXXX XXXX XXXX WA ) XXXX I called the mailbox store and learned that there had been a store break-in in early XXXX and all the mail was stolen, and the local police had been notified. I filed a fraud report with my bank ( Chase ) on XX/XX/XXXX ( With an update on XX/XX/XXXX ) and was assigned a claim number XXXX. Later, I received a letter from Chase ( Dated XX/XX/XXXX ) that my case had been investigated/concluded, and it was determined that the check had been authorized, and NO adjustment would be made. It is my opinion that Chase should have recognized that the check was altered, and should not have accepted it."
11345,I AM CURRENTLY ON THE PUBLIC SERVICE FORGIVENESS PROGRAM. MY LOANS WERE TRANSFERRED FROM XXXX TO FEDLOAN DUE TO THIS. FEDLOAN HAS HAD MY LOANS FOR OVER A YEAR NOW. THEY HAVE NOT CALCULATED MY PAYMENTS TO COUNT TOWARDS MY PSLF. I HAVE GOTTEN SEVERAL REASONS FOR THIS. LAST TIME I CALLED AND DISCUSSED THIS I WAS TOLD IT HAD BEEN REVIEWED MULTIPLE TIMES ( MORE THAN 6 ) AND NOTHING HAD BEEN DONE. I SENT A MESSGE TO CUSTOMER SERVICE IN THE SUMMER AND RECEIVED THE MESSAGE THAT BASICALLY SAID THEY WOULD CALCULATE MY PAYMENTS WHEN THEY FELT LIKE IT. I ALSO FEEL THAT MY PAYMENTS ARE NOT APPROPRIATELY APPLIED TO THE LOANS I HAVE.
11346,I reported fraud on my accout yesterday of XXXX dollars and my claim was denied by today already before I could get a police report in to them it is all the money my family had and to move into our new house I need this credited immediately I did open an appeal but have not been issued a temporary credit yet with an amount that large this should be handled immediately.
11347,"This is a continuation of claim XXXX. Goldman Sachs has continued to give me the run around and not solve my issue. Initial complaint is here : I pre-ordered my XXXX XXXX XXXX from XXXX using my Apple Card on XX/XX/XXXX. One of the main selling points of the Apple Card is 0 % APR financing on XXXX products when you purchase through the XXXX Store and use the card. I did both of these things and selected the option for monthly payments. I received my phone on Friday XX/XX/XXXX, and the bill showed that it was charged as a purchase, and not monthly. I reached out to XXXX and the only option was to file a claim saying that services or the product were not to my satisfaction. This opened a dispute ( although I was not able to offer any explanation and simply want to be able to pay for this expensive device over an extended period instead of all at once ). It then finally gave me an option to speak to someone after. I spoke to someone, who said they would have to cancel the dispute to fix the problem. They said they could try and then sent a boiler plate message saying they were attempting to withdraw the dispute. That doesnt solve my problem at all if anything now Im back at square one. 

Fast forward. They withdrew the dispute and claimed multiple times that they had "" switched '' the purhcase to monthly installments. Today XX/XX/year>, my statement balance includes the {$1100.00} purchase, expecting it to be paid in full, not just an installment. In the app, under "" installments '' the phone does not show up either. I have spoken to support 3 times getting conflicting responses, and because they disputed and then cancelled the dispute ( which I never asked them to do in the first place ) I can't even dispute the charge anymore. I considered returning the phone and trying to start over but I can't do that either."
11348,"First National Collection Bureau , Inc. be calling me at all different times of the day & night threatening me. I'm at aware of this account. They still keeping call me and different time of the day and night harassing me. Now todayXX/XX/2023 they are emailing me too. It's so frustrate for an amount of {$970.00} that I don't know. I told them to stop calling me that my XXXX XXXX XXXX and I wasn't working. That I could pay that one because it's not mines and two I don't have any money. They told me well your credit isgoingto go bad if you don't pay back on this account."
11349,"On XX/XX/XXXX I used this company cash app to send money, {$2200.00} in fact, to someone online to purchase items from this website called XXXX. It's like a XXXX. Well after I sent the money the person never sent the good, he blocked my phone number and blocked me from exchanging money on cash app. I emailed cash app every day for help and to ask for a refund for almost a week. They said there is nothing they can do ask him for a refund. I informed them that he blocked me after I sent the money and obviously this was fraud. They informed that if they feel there is a reason to look into it then they will. Which they dont. I strongly feel this company is encouraging scammers to use this. I understand I am probably just out of my money but I don't want this to happen to someone else."
11350,"I am filing this complaint against Americas Car Mart for reporting false and inaccurate information to the credit bureaus and failing to respond to a certified dispute letter I sent on XXXX XXXX XXXX, which was delivered and signed for on XXXX XXXX XXXX ( USPS tracking # XXXX ). 

I financed a vehicle through Americas Car Mart. The vehicle was later towed by XXXX XXXX XXXX in XXXX, TX, and I was informed that the dealership authorized the vehicles release without my consent. The car was reportedly wrecked afterward, and I was never notified or compensated for my loss, even though the insurance company paid {$930.00} related to the incident. 

Despite their negligence, Americas Car Mart is falsely reporting a repossession with a balance of {$17000.00} to all three credit bureaus. This account appears as a derogatory repossession on my credit report ( XXXX XXXX XXXX XXXX  ), which is inaccurate and damaging to my credit standing. 

I dispute the accuracy of this information under FCRA 611 ( 15 U.S.C. 1681i ) and FCRA 623 ( 15 U.S.C. 1681s-2 ). The company was legally obligated to investigate and correct or delete inaccurate information within 30 days but has failed to respond or take any corrective action."
11351,"My lender was asking US Bank to subordinate a HELOC that had moved from 2nd position to first position when I paid off the first loan several weeks ago. A new first loan will be taken out and US Bank was asked to subordinate their loan as they had done previously with the other mortgage I paid off. They asked for a {$250.00} fee to do the subordination. They cashed the check and then declined to subordinate. The fee was never earned as it was not an application fee of any type, it was a fee to actually subordinate their HELOC which they refused to do. I paid off their HELOC and have requested a return of the {$250.00} fee from several departments within the bank. They never get back with me. The reference # is XXXX."
11352,"XXXX Contacted by Select Portfolio Servicing Inc. ombudsman dept about a repayment approval XXXX New review opened requesting documents ; I submitted them on XXXX before receiving loss mitigation denial letters XXXX I initiated a third party call with a HUD counselor who witnessed SPS ombudsman stating that they would have to cancel any open loss mitigation reviews and remove any existing protection I felt helpless because prior to XX/XX/XXXX XXXX ; there were no specific details about any loss mitigation denials outside of the investor not extending a COVID forbearance ; the denied this because a conclusion of "" income '' determined the denial. This is very unclear because I never denied receiving income. My hardship letter expressed how my medical expenses and distressed home repairs disrupted my budget to have money free for the mortgage. 

XXXX Third party call details included "" an in-house repayment plan '' that had to be approved. Different parties like the staff changed the terms on each call like removing protection. I thought the department was already clear on what I qualified for before discussing this plan. 

The only option given was a six month plan appears to be a setup for failure and foreclosure. 

I don't feel like SPS was trying to help me save the home with an affordable plan. For example, during the six month plan on the sixth month they want a total to equal two monthly plans. 

XXXX after hours ; letters were generated. It was odd because I could see the title of the document "" awaiting decision letter '' but it was not available until after midnight with a "" denied '' decision."
11353,"I am filing a complaint because Shellpoint Mortgage Servicing has collected unsubstantiated interest and fees on my mortgage reinstatement and has failed to comply with my written RESPA Notice of Error and Request for Information. 

XXXX. Improper Interest Overcharge Already Collected Shellpoints reinstatement demand included {$17000.00} in interest, but their own Loan History Statement dated XX/XX/year> shows only {$15000.00} in posted default interest for the same period. 
The remaining {$2400.00} has not been explained or supported by any documentation despite multiple written requests. 

XXXX. Improper Property Inspection Fees Already Collected Shellpoint charged XXXX separate {$30.00} property inspection fees ( total {$150.00} ), even though no foreclosure activity had begun and they have provided no inspection reports, invoices, or justification. 
These charges appear to be unauthorized and not permitted under the Deed of Trust or federal servicing guidelines. 

XXXX. Shellpoint Has Violated RESPA ( 12 CFR 1024.35 & 1024.36 ) I submitted a written Notice of Error and Request for Information on XX/XX/year>, detailing these overcharges and requesting : The interest calculation worksheet Inspection invoices or reports Itemized reinstatement accounting Proof of how funds were applied Shellpoint has not provided a substantive written response within the required XXXX period. Their only reply was a generic form letter that did not address the issues or provide any supporting documentation. 

XXXX. Shellpoint Has Already Collected the Improper Funds These excess amounts were taken as part of my reinstatement payment. I am seeking : Refund or credit of {$2600.00} ( unsubstantiated interest + improper inspection fees ) A corrected detailed accounting Confirmation that no default-related fees are being carried forward"
11354,"I am writing to formally express my concerns regarding Zelles handling of disputes, particularly in light of recent CFPB lawsuit highlighting significant issues with the platform. Despite using Zelle numerous times and reporting discrepancies, my financial institution and Zelle failed to investigate my claims adequately. They informed me that recovering lost funds was impossible and that tracking these transactions was unfeasible. The CFPBs findings indicate that Zelle not only has neglected to protect customers but has allowed repeat offenders to exploit the system leaving users vulnerable to scams. This lack of accountability is unacceptable and raises serious concerns about consumer safety"
11355,"HI! My mortgage was taken over by XXXX bank a couple months back. 
But my mortgage still shows payments due to Owcen mortgage company which is not correct, I only owe money to XXXX for the house at XXXX XXXX XXXX, XXXX XXXX XXXX, New JerseyThis has caused my credit score to drop XXXX points"
11356,"documents are attached please read carefully. reply back within 3 business days of receiving also please read the resolution box carefully. defamation of character, damage my reputation, caused damages"
11357,Ive put a dispute for XXXX unauthorized transactions with chime and they denied XXXX disputesXX/XX/XXXX times and just opened it again this will be the XX/XX/XXXXtime now and XXXX other disputes are in progress for more then a week now XXXX company called XXXX XXXX XXXX that i contacted said that someone by the name of XXXX XXXX used my information and payed them XXXX dollars and XXXX charges are from XXXXXX/XX/XXXX all in California and the venture finance if out of XXXXXX/XX/XXXX and I live in XX/XX/XXXXnever been to none of them states in my life. And they are still trying to make purchases from the chime account till this day but not the payments are being declined and chime still have not done nothing about it.
11358,"My husband got a new job and he was paid monthly at the end of the month. I started paying all our bills at the end of the month. Synchrony Financial has charged me late fees since XXXX 2016, even though I made payments and paid over the minimum payment some months. In some of the months, I made two payments, one at the first of the month for current statement and one a the end of the month for next statement. However, the second payment was not applied to the next billing statement, even though it was made after the required due date from the previous statement. I have now incurred over {$200.00} in late fees, but have been paying every month."
11359,They closed my account. I tried to prove my identity and they still closed it. Chime banking account is the account they closed. I would like my money back and say forget that banking account they're screwy...
11360,"On XX/XX/XXXX, I made a wire transfer of {$100000.00} from my Chase checking account to a beneficiary account at XXXX. The account number was entered incorrectly. The same morning, I initiated an amendment request with Chase to amend the account number, but it was unsuccessful and XXXX returned the wire back to Chase at around XXXX on XX/XX/XXXX. I have made repeated phone calls to Chase customer service demanding the {$100000.00} wire transfer to be returned to my account so I can send it to the correct beneficiary, but I have been unsuccessful and Chase provided conflicting information on every single call. A Chase representative, XXXX, on a phone call on XX/XX/XXXX at XXXX, admitted that the amendment request resulted in the funds returned from XXXX to be routed to a Chase owned account instead of my account. She promised to expedite the return of funds, but the funds are still unavailable and I am left to suffer the consequences of bounced payments, lost times, and wasted productivity."
11361,"XXXX XXXX XXXX XXXX XXXX XXXX XXXX XXXX XXXX XXXX XXXX XXXXXX/XX/year> VIA CERTIFIED MAIL AND EMAIL Jefferson Capital Llc [ Address ] [ City, State, ZIP Code ] RE : CEASE AND DESIST DEBT COLLECTION COMMUNICATIONS Account Number : [ XXXX, if applicable ] To Whom It May Concern : Pursuant to my rights under the Fair Debt Collection Practices Act ( 15 U.S.C. 1692c ( c ) ), this letter serves as formal notice that you are hereby directed to cease and desist all communication with me regarding the above-referenced account.

This includes, but is not limited to, communication by telephone, email, text message, mail, or through third parties. You may only contact me to confirm that you will comply with this request or to notify me of specific legal action being taken, if any.

Any further communication from your company that does not fall within these limited exceptions will be documented as a violation of federal law and may result in formal complaints to the Consumer Financial Protection Bureau ( CFPB ), the Federal Trade Commission ( FTC ), and the Office of the State Attorney General, as well as potential legal action.

This notice is not an acknowledgment of the validity of the alleged debt, nor is it a refusal to pay. All rights are expressly reserved. 

Please govern yourselves accordingly. 

Sincerely, XXXX XXXX"
11362,"I was at XXXX XXXX XXXX of XXXX Saturday XXXX to buy a truck for my husband and filled out a credit app. After sitting there for hours waiting on finance to fix their system or whatever excuse they had for taking so long, I told the salesman I would not be continuing and left. 
My Experian and XXXX app just notified me they have continued to run my credit XXXX, XXXX and again today XXXX. 
I called to ask what is going on, and XXXX was unprofessional, rude, and kept cutting me off, then he said he didnt know why the bank does that. As soon as i mentioned retaining an attorney, XXXX XXXX told me he has no obligation to speak with me any longer and hung up."
11363,"I am filing a complaint against XXXX XXXX XXXX for fraudulent account reporting, as well as inaccurate, excessive, and harassing credit reporting practices in violation of the Fair Credit Reporting Act. Inconsistently Reporting Across Bureaus The account appears open with TransUnion, but closed with Experian and Equifax this inconsistency creates confusion and unfair damage to my credit. 
The last active date varies across reports : TransUnion : XX/XX/XXXX Experian : XX/XX/XXXX Equifax : XX/XX/XXXX Excessive Reporting with No New Information The agency has updated the account multiple times per month, even when no payments or balance changes have occurred. 
These repeated updates appear designed to keep the account appearing fresh and cause ongoing credit harm, which I believe qualifies as harassment or abuse under the spirit of the Fair credit report act. 
Potential Re-Aging There is concern that the date of last activity is being altered to extend the time the account remains on my report, which is prohibited under the FCRA."
11364,"Nelnet has inaccurately reported my student loan as delinquent for XXXX and XX/XX/year>. My account was brought current in XX/XX/year>, and I have made all required payments on time since then. The reported delinquencies appear to be the result of a servicing or payment application error during the federal repayment restart. Despite being current, Nelnet has failed to correct the inaccurate reporting to the credit bureaus, causing harm to my credit. I am requesting that Nelnet correct my account status and update XXXX, XXXX, and XXXX  to remove the inaccurate delinquency reporting."
11365,"I have been unable to access my account, file a complaint, or raise concerns about how my information has been handled during key date and times of the cybersecurity attack. On approximately XX/XX/XXXX, the US Department of Education was unlawfully accessed and consumed by XXXX XXXX and his unofficial team. I did not, and at no point now or in the future, consent to any third parties access to my information outside of the US Department of Education. Since the event occurred, any and all access to my account and complaint and concern avenues have been blocked from access. I believe that the events listed have been a violation of the Gramm-Leach-Bailey Act ( GLBA ), the Privacy Act of 1974, Computer Fraud and Abuse Act ( CFAA ), Federal Trade Commission Act ( FTC Act ), and Higher Education Act ( HEA ), Title IV and I want this investigated to the fullest extent of the law. If these laws are confirmed to have been violated, I would like legal action to be taken on any affiliated members or institutions and for them to be persecuted to the full extent of the law, for my consumer protections to be resumed, for any impact of such lawbreaking to be rectified by parties who broke the law, and for any remaining balance of these loans to be canceled and discharged to prevent further damages."
11366,"To Whom It May Concern : I have recently been informed that there is negative information reported by XXXX XXXX XXXX in my Experian file that's maintained under my Social Security number. Upon reviewing a copy of my credit report, I see an entry listing I owe {$470.00} on XXXX. I challenge the accuracy, compliance and reportability of this listing. There has been no validation of any information that I owe any type of debt to XXXX XXXX XXXX. They have not provided me with copies of any documentation associated with this account, bearing my signature. In the absence of any such documentation bearing my signature, I formally request that this information be immediately deleted from the credit file you maintain under my Social Security number. Please note that I have also mailed them and that they have 30 days to complete this investigation, as per the Fair Credit Reporting Act section 611 ( a ) ( 1 ) ( A ), and I am keeping careful record of your actions, including your Method of Verification. I do not consent to e-oscar or any means of automated verification. If the company Failure to respond satisfactorily within 30 days of receipt of this certified letter may result in a small claims action against your company, seeking {$1000.00} per violation for : 1. ) Defamation 2. ) Negligent Enablement of Identity Fraud 3. ) Violations of the Fair Credit Reporting Act My contact information is as follows : XXXX XXXX XXXX. Please be aware that depending upon your response, I may be detailing any potential issues with your company via an online public press release, including documentation of any potential small claims action. Cc : Attorney General 's Office Cc : XXXX XXXX XXXX"
11367,"I did not provide explicit written or permission for these companies that are listed below to report any information that you have on record. My rights and my privacy are being violated. I am demanding that you follow the laws 15 usc 1681c-2 which state that these accounts must be blocked and remove any information that I have identified as the result of identity theft. These accounts must be removed within 4 Business Days of receipt. 

XXXX. XXXX XXXXXXXX Account # XXXX XXXX. XXXX XXXX Account # XXXX XXXX. XXXX XXXX XXXXXXXX Account # XXXX XXXX. XXXX XXXX Account # XXXX XXXX. XXXX XXXX XXXX Account # XXXX XXXX. XXXX XXXXXXXX Account # XXXX XXXX. XXXX XXXX Account # XXXX XXXX XXXX Account XXXX XXXX I send Experian a affidavit, FTC form , a copy of my social security card and copy of my id"
11368,After reviewing my XXXX report I notice a XXXX  account I am not familiar with. I notice a XXXX XXXX account that I do not have access to. Please find attached the letter of me sending to XXXX requesting validation in which I did not receive it.
11369,"I opened an XXXX Mileage credit card issued by BankofAmerica on XX/XX/XXXX. The welcome bonus is XXXX miles + {$100.00} credit after {$1000.00} spending in the first 3 months. I checked with the customer service on XX/XX/XXXX and the CSR told me that I met the spending requirement and the bonus should be posted in 1-2 billing cycles. The CSR also help deal with some wrong fee charges. I also checked that the total charge on my account since XX/XX/XXXX is over {$1000.00} and I think I am good to go. However, I checked with customer service earlier today to see the status of my bonus and was told that I did n't meet the spending requirement and the info provided to me last time is wrong. The difference is from the annual fee charge and it does not count towards the spending requirement. While I agree with that, I find it not acceptable for the CSR to provide me misleading information in the first call and the wrong information caused my failure to meet the spending requirement in time ( I have another few days to meet the spending requirement if I was told the correct information during the first call )."
11370,"Total loss on the vehicle XX/XX/XXXX. Process getting loan paid in full was completed on XX/XX/XXXX. The account has a {$610.00} overage because we kept making payments from the time of the accident to the closing of the account. TD Autofinance indicates overage are returned within 30 days of closing the account. As of today ( XXXX ) we have not received a refund. We have contacted TD Autofinance several times by email and phone ; they either promise to take care or just reply with some scripted answer that got nothing to do with the refund. On XX/XX/XXXX we spoke with them on the phone ; they said "" your check was mailed already on XX/XX/XXXX, you should be about to get it ''. However, on XX/XX/XXXX they reply to an email sent prior to the call ; it indicated account was being sent to their cashier department for them to issue a payment."
11371,In XX/XX/2023 I was charged roughly {$1000.00} for a custom shorts order through XXXX. They sent a payment portal through the company Plastiq. XXXX XXXX took 5 months to finally ship the shorts. When they finally did 4 pairs ( {$240.00} worth never showed up ). I have video proof from my front porch that only one box was ever delivered. I repeatedly contacted XXXX XXXX to let them fix their mistake and they ceased responding. I attempted to do a chargeback with chase but too much time had elapsed since the initial charge. Following this I repeatedly explained everything to Plastiq and XXXX XXXX and they have never responded. I could not even track the package to see if it was supposed to be two boxes because the only tracking provided was an empty link to the ups website. This has been a horrible experience overall with both Plastiq and XXXX XXXX. I would recommend never using or purchasing from either.
11372,"Hello, I am writing in regards to my relia card through US Bank. 
When I was first approved for my unemployment I was unaware that the pre paid card would look like a solicitation in the mail and I threw away my card. Once i saw on the unemployment site to look out for this card after I received it and threw it away I switched my method of payment to direct deposit. The paid to date number for my unemployment is one payment short. This was the first payment and I believe it's on the relia card. 
I've been calling the customer service number for card holders almost six hours a day for a week. They will not answer and its impossible to get a hold of them. 

Thank you"
11373,"My eligible payments under the PSLF special waiver on MOHELA are incomplete. The following periods are missing : XXXXXXXX  ( 3 months ) XXXXXXXX  ( 7 months ) XXXXXXXX  ( 6 months ) I have already submitted employer certification for these 16 months, however, they are still not reflected as qualifying payments. MOHELA has already processed these forms and applied them to my account for the other periods that are covered. 

These periods should be eligible as I was participating in a Perkins loan cancellation program based on my "" XXXX XXXX XXXX XXXX '' service as detailed at https : //studentaid.gov/XXXX. These loans are part of my consolidation loan. The other periods of deferment under this program ( an additional 32 months ) are already showing up as eligible payments. 

I am requesting that these 16 months be added to my eligible payment list and I be given credit for the employment certification that I have already submitted. This should increase my qualifying payments from 105 to 121 and make me eligible for forgiveness."
11374,i have 2 debit cards with netspend and they refuse to let me use the money that i deposited in my accounts with my money. Even after almost 20 attempts and verification that i am the holder of the credit cards they still will not release the restrictions on my debit cards to get my money. This has been going on for two whole days. Even after verification and i want criminal prosecution of this company i have my social security checks and XXXX loan XXXX  loan and stimulus checks going to these accounts.
11375,"My fraud claim # XXXX with Bank of America was wrongfully denied despite clear evidence that the activity was unauthorized and occurred after my phone and wallet were stolen. The denial was based on delayed reporting, alleged confirmation of valid charges, and extensive account access, all of which were the direct result of my phone ( containing my password manager ) being stolen. 

Details : In late XX/XX/2025, my phone and wallet were stolen while I was traveling. My phone contained my password manager, giving the thieves direct access to my banking applications and login credentials. 

During this period, there were over 500 unauthorized login attempts and transactions, as well as the fraudulent opening of a savings account in my name. That account has since been corrected, but the fraudulent charges remain unresolved. 

Bank of America informed me that my claim was denied because of : 1. Delay in reporting the fraud The delay was not intentional. It occurred during a highly XXXX time when I was also managing fraud across four separate banks simultaneously.

2. Some charges being confirmed as valid This was a misunderstanding caused
by the overwhelming situation. I never intended to confirm fraudulent charges.

I have attempted multiple times to contact the resolution specialist XXXX XXXX assigned to my case. Each call goes directly to voicemail. I leave my name and phone number every time, but I have never received a response. 


Why I Am Filing This Complaint : The denial of my fraud claim is unfair and unjustified given the unique circumstances. 

The lack of communication from the assigned specialist has prevented me from having my case properly reviewed. 

I urgently need financial relief from these fraudulent charges, which were not due to any negligence on my part."
11376,"I XXXX XXXX XXXX, Was victimized by Evergreen home loans, XXXX WA on XX/XX/2022 and XX/XX/2022. 

This company without my consent hired a third party to ran two separate hard inquires on my credit. 
Causing credit damages, possible loan restrictions and risk of personal information being sold /lost to the enemies of the state by unauthorized credit handling. 

Tried numerous times to with Evergreens home loans, their response was that my credit was so low that it wouldn't matter if they had it ran twice. 
I agree, Have a little work to do. 
My personal credit is not for them not to exploit in any manner, verbally or physically."
11377,"On XX/XX/XXXX, we took out a loan with Goodleap for a home renovation project ( back patio cover repair ). The company that did the repair claimed they finished on XX/XX/XXXX, but they did not actually finish the project. They were able to get the funds released from Goodleap on XX/XX/XXXX, despite not having our signature of completion. On XX/XX/XXXX, we called Goodleap to ask why they released the funds without our signature. They assigned some to "" investigate '', but despite having the AI-altered image the company tried to use to say the project was completed, and a report that shows the project was never completed, they don't want to do anything about it. They began trying to collect from us in XXXX, despite our contract stating they would not collect until after the project is completed. When pressed about the investigation, they claim they don't have sufficient evidence to prove fraud, again, despite having the AI-altered image and the report. We suspect the company will release funds with or without proof of completion, and they aren't investigating because they are trying to get money from us for a project that was never finished and is currently before the XXXX XXXX XXXX XXXX"
11378,"I ordered the XXXX XXXX XXXX XXXX XXXX and XXXX XXXX XXXX XXXX XXXX on Sun, XX/XX/year>, it has already been XXXX  months and i still have not received the product. 
Every time i contact them they told me my order is being fulfilled but due to large volume they are unable to give me estimated time of delivery. They created a shipping label but the item was never shipped. My last attempt to contact them to ask for a refund was met with no response I contacted my bank citi to initiate a dispute they told me to mail in documentation, which I did. I provided my receipt, purchase invoice, a shipping label created that was never shipped, and every interaction I had with XXXX customer service. They told me they can not look into the transaction because it has been too long and I need to reach out to XXXX directly XXXX name : XXXX Email : XXXX XXXX"
11379,"On XX/XX/2023, Wells Fargo called to speak to my father. I told them that my father was in the hospital and my mother ( joint on the account ) was available. I was told that without a power of attorney on file the bank could not speak to my mother. My mother received notification that the account had been suspended due to suspicious activity. My mother and I brought a power of attorney document to the Wells Fargo local branch. This document was reviewed by legal and found to be valid. A notary arrived and verified my mother 's identity. The documents were uploaded into Wells Fargo 's system. We were told that we could not do anything further until the documents were "" in the system '' and that this might take two business days. My sister called the number we were given ( XXXX ) approximately XXXX XXXX on XX/XX/2023 and was told that they could not speak with her, as she was not on the power of attorney. At XXXX on XX/XX/2023, I called the same number, as I am on the power of attorney. I was told that no power of attorney was in the system and that I should call back later. I called back at XXXX and was again told that no power of attorney was in the system. I asked if we would be notified when the power of attorney was in the system and I was told that we would not be. I called again at XXXX on XX/XX/2023 and was again told that there was no record of a power of attorney in the system. The account can not be used, and we have only been told that it can take time for the power of attorney to be uploaded into the system."
11380,"I signed an initial LE that was correct except for it had me paying 25 % down instead of 20 %. The LE had a rate if 3.625 % with 200 in points. Lender and I discussed this change and he asked me to sign and he would fix later. It was communicated to the lender that the closing date would be XX/XX/XXXX. It is in writing at least 3 times. I followed up with the lender multiple times up until closing and was told everything was OK. Less than 24 hours before closing I was told I would not be closing and they needed more documents. New closing date is XX/XX/XXXX. On XX/XX/XXXX I received the LE in preparation for closing. It was 20 % down, 3.625 % rate and points was now XXXX. I went back to the lender on XX/XX/XXXX to discuss this discrepancy and no response that day. I was never informed of the change. The next day I contacted the lender again. I was told either I needed to pay that or to make the points better pay 25 % down. He was supposed to talk to his leadership and stopped responding to me, so I asked my husband to call him from an XXXX XXXX. During that call he tried to convince my husband to sign the LE. Loan officers actions were DECEPTIVE. I cancelled the loan due to the lenders deceptive practices. Because i did not sign the LE, i was gauranteed to again miss my closing date. I repeatedly and through many channels asked for help from leadership and never received help."
11381,"On XX/XX/XXXX, I received a personalized promotional email from XXXX XXXX, co-branded with Chase, stating that I was XXXX points away from earning the XXXX Companion Pass. The email provided a specific example indicating that spending {$1900.00} on XXXX XXXX purchases, explicitly including XXXX XXXX XXXX, would satisfy the remaining points requirement at a XXXX earning rate. 

Relying on this representation, and solely to qualify for Companion Pass, I purchased a total of {$2000.00} in XXXX XXXX XXXX on XX/XX/XXXX and XXXX, XXXX  using my Chase XXXX XXXX XXXX credit card. These purchases would not have occurred absent the promotional guidance. Additionally, I postponed taking trips in XXXX and XXXX because I understood that I'd have a Companion Pass in XXXX. 

Although the points posted correctly, I was later informed that the spending did not result in XXXX XXXX qualification. XXXX directed me to Chase, and Chase confirmed correct posting on XX/XX/XXXX. 

I am requesting executive review and an equitable resolution."
11382,XXXX submitted my file to New Rez XX/XX/year>. I called New Rez bankruptcy department XX/XX/year>. The representative who I spoke to lied to me several times in the conversation about sending me an email XX/XX/year> the same day XXXX submitted my loan modification by email to them. I recorded the conversation. I still havent received the email I asked the representative to resend regarding XX/XX/XXXX to apply for XX/XX/XXXX New Rez is being deceiving in their business practices to me and trying to prevent me from saving my home.
11383,"I opened a "" Premier Checking "" account with Webster bank in XX/XX/XXXX with promo code "" XX/XX/XXXXPremier {$350.00} '' for {$350.00} sign up bonus. 
Upon inquiring about the bonus status I was told on Date XX/XX/XXXX via Secure message "" Thank you for your recent email to Webster Online Services regarding a promotional credit.We have reviewed your account and show that it was opened under our XX/XX/XXXX-XX/XX/XXXXPremier {$350.00}  promotion. We have confirmed that you have qualified for the promotional credit by maintaining an average balance of {$10000.00} or more during the month ending XX/XX/XXXX.Your account will be credited the {$350.00} promotional credit on XX/XX/XXXX, as long as the account is still a Premier Checking account at that time, and is in good standing on that date. This means that the account must have a positive balance and not in the process of being closed.If you have any additional questions or comments please contact us through www.websteronline.com or call us directly at XXXX, 24 hours a day, 7 days a week.Thanks again for your email and for allowing Webster to serve your banking needs.Sincerely, XXXX XXXX.Customer Service '' HOWEVER THE ACCOUNT WAS N'T CREDITED AS PROMISED. 

Upon second inquiry via secure message now I am being told that there is no estimated date for crediting the account. 

This is clearly in contrast with the first information via secure message. 

I would like to file a complaint for this misleading information and would like to request that my account is credited {$350.00} at the earliest as promised. 

Thank you."
11384,I contacted customer service and spoke to an agent to cancel my service. This was due to poor reception in my area. I was advised to return all equipment which I did. The only reason I paid the collection was to have it removed from my credit reports as it should have never been reported in the first place. They are in violation of the FDCPA for erroneously adding a derogatory item on my credit report. This has caused my scores to be impacted negatively and I have been denied credit and had to pay higher interest rates. I am requesting that this is immediately removed from my credit reports. This has impacted my XXXX XXXX XXXX XXXX XXXX reports.
11385,"Santander Consumer USA Holdings Inc ( SC.N ), an affiliate of the XXXX   XXXX  XXXX, allowed borrowers to make interest-only monthly payments without explaining that doing so would increase the total cost of the loan. 

I have been harassed by this company they offered interest only payments. I was told I could refinance but XXXX in 6 months here I am 6 years total balance has hardly decreased. 

Ive begged if pleaded to help they dont want to help. Long wait times that end no where. 
I have been paying {$420.00} for 5+Years and the balance doesnt go down. I see there are many lawsuits I need help."
11386,"I do not have a signed contract agreement with National Credit Systems therefor I do not owe any money to National Credits System. 

I am requesting a signed copy from XXXX XXXX showing my signature for the charges of {$1000.00} ( not the lease ), where did I sign agreeing to these charges? A receipt is not an acknowledgment without my signature stating that I agree to those charges. A copy of a lease is not acceptable!! Please show me a signed signature on the receipt stating that I owe that amount to XXXX XXXX ( again not a copy of my lease!! ) and that I agreed to those charges. The lease is not proof that I owe {$1000.00} to XXXX XXXX. 

Again, I don't have a signed contract agreement with National Credits System. National Credits System needs to provide me with proof that I owe National Credits System. Provide me with a copy of a signed agreement between myself and National Credits System."
11387,"On XX/XX/year>, I was scammed through a XXXX transaction totaling {$620.00}. I agreed to purchase two tables listed on the XXXX XXXX for {$300.00} from someone named XXXX ( phone : XXXX ). She claimed she couldn't come to pick them up herself and would send a mover. She then sent me a check for {$920.00} and asked me to give {$620.00} in cash to the mover when he arrived. 

The mover, who went by the name XXXX ( phone : XXXX ), requested that I send him {$620.00} via XXXX before pickup. Although I hesitated, he pressured me, and I eventually sent {$300.00} and {$320.00} separately through XXXX. Later, I learned that the check XXXX gave me was fraudulent and had bounced. 

I filed a fraud claim with Wells Fargo for both transactions. However, they denied both claims, stating the XXXX transfers were authorized. XXXX later deactivated the account ( XXXX XXXX, email : XXXX ), and the XXXX account used by XXXX was also suspended for fraudulent activity. 

I also reported the incident to local police ( Case # XXXX ), but my bank has not provided any resolution or recovery of funds."
11388,"I initiated a Robinhood IRA rollover from my existing 401k account with another bank on XX/XX/XXXX. On XX/XX/XXXX I mailed the cheque via usps to Robinhood through their 3rd party Capitalize. The cheque was supposed to reach within 5-7 business days. Around mid XXXX I checked the status on usps tracking and it the status hasnt changed for over a week. I was worried since it was a significant amount of money. Next several days, I created a lost mail case with usps, reached out to Robinhood support and capitalize support separately but neither provided any adequate information. After a few more weeks and the status on usps not changing, I placed a stop order on the cheque. After nearly 3 months on XX/XX/XXXX Robinhood updated their status as they received the cheque and charged me XXXX $ for returned cheque. After inquiring with them, they now want me to rollover again to avoid the fee. I do not want to rollover just to avoid the fee since I think its forcing me to do so."
11389,"I began an auto loan pre-approval application with Navy Federal Credit Union online. The application process has 7 steps. I stopped at Step 5 and did not complete or submit the application. I did not reach the final disclosure, authorization, or consent page required to submit a credit application. 

Despite the application being incomplete, Navy Federal performed a hard credit inquiry without my full authorization. I immediately contacted Navy Federal to cancel the incomplete application, and they confirmed the application was never submitted and could be canceled before a decision was made. However, they told me the hard inquiry would remain on my credit report for two years.

This inquiry was performed prematurely and without a completed application, which means Navy Federal can not show proof of : a completed or submitted loan application my final consent my agreement to the credit terms my acceptance of the credit inquiry authorization Navy Federal refuses to remove the inquiry even though they acknowledge the application was incomplete and canceled prior to review. 

A lender should not perform a hard inquiry unless an application is fully submitted with proper authorization and disclosures. Navy Federal pulled my credit before I completed the required steps, which constitutes an unauthorized hard inquiry. This has negatively affected my credit score despite no decision being requested or rendered. 

When I called Navy Federal, they refused to assist and stated they can not remove the inquiry, even though the inquiry was made in error and without full consent."
11390,"I've held an American Express XXXX card since XXXX. This was my oldest line of credit. The card was always paid on-time and in full. 

In XX/XX/XXXX, the card was cancelled due to inactivity and my points forfeited without any notice. When I called on XX/XX/XXXX, an agent helped me open a case request to reinstate the account. I was assured that I'll be contacted by American Express within a week. Upon no response, I called again on XX/XX/XXXX. I spoke with two agents ( XXXX and then XXXX ), each taking me through the process of reinstating the account ( including taking all my personal details and SSN ) only to be told that the account and points can not be reinstated. My only option if I want an American Express card is to reapply for a new card, resulting in a credit check and forfeiting my rewards."
11391,"XXXX XXXX XXXX XXXX XXXX XXXX, XXXX XXXXXXXX XXXX XXXX XXXX Glasser and Glasser P.L.C. XXXX XXXX XXXX XXXX, XXXX XXXXXXXX Re : Request for Debt Validation & Cease and Desist Account Number : [ XXXX ] To Whom It May Concern, I am writing in response to a notice regarding the above-referenced account. I am exercising my rights under the Fair Debt Collection Practices Act ( FDCPA ) to request validation of this alleged debt. I do not acknowledge this debt and request that you provide proper documentation to verify its validity. Please provide the following : The name and address of the original creditor The full account number associated with the alleged debt The amount of the debt, including an itemization of any interest, fees, or charges Copies of any agreements or contracts bearing my signature Documentation showing that you are legally authorized to collect this debt Cease and Desist Notice : Pursuant to my rights under the FDCPA, I hereby demand that you cease and desist from all communication with me regarding this alleged debt, except to provide the requested validation or to notify me of specific legal action being taken. This includes, but is not limited to : Phone calls to my home, workplace, or mobile phone Emails, text messages, or any other electronic communication All future correspondence must be in writing and sent to the address listed above. Furthermore, you are instructed not to report this account to any credit reporting agencies until proper validation has been provided. If this account has already been reported, any unverified or inaccurate information must be removed immediately. If you fail to comply with this request, I will document your actions and may file complaints with the appropriate consumer protection agencies. Thank you for your cooperation. Sincerely, XXXX"
11392,"Received a letter dated XX/XX/2019 from Rausch Sturm concerning XXXX XXXX  account under their file number XXXX. Requested the name and address of original creditor, a copy of the original signed contract, delegation of authority, and complete account / statements of payments, interest, and fees associated with this date."
11393,"This is regarding my fund transfer to my XXXX account in XXXX with XXXX XXXX. In order to activate my dormant XXXX   account, I transferred {$1000.00} from my XXXX XXXX account to the XXXX   account through "" Remitly '' on XX/XX/XXXX. After few days I got a confirmation from Remitly that the fund transfer was completed but I did not see the funds in my bank account in XXXX. I talked to the customer care team of XXXX XXXX XXXX but they told me that they never received the funds as the account was in dormant status. I also checked with my XXXX XXXX   account used for my Remitly transfer and they said that from their side the amount has been debited and I need to check with Remitly on where the funds are stuck. I have already followed up with Remitly customer care ( over live chat ) twice but the issue is still not resolved. I need your help for the matter to be sorted out as I am being treated like a football and being kicked around. Remitly ref # for the transaction is XXXX."
11394,"For the billing cycle XX/XX/XXXX XX/XX/year>, my Discover statement shows an interest charge of {$4.00} based on balances subject to interest of {$760.00} ( 0 % promo ) and {$220.00} ( regular 21.24 % ), totaling $ XXXX though my actual balance during that period never exceeded about {$810.00}. 

I contacted multiple Discover customer service agents on XX/XX/year>, through chat, requesting a written reconciliation showing how those figures were derived and how payments were applied between promotional and regular APR buckets. Each response repeated generic information about average daily balances and payment allocation, but no numerical breakdown or correction was provided. 

I am requesting that Discovers billing-error or executive-response department review this discrepancy and provide a written explanation or adjustment."
11395,"I had two disputes through chime for unauthorized transactions, The first one being On XX/XX/XXXX in the amount of XXXX which is a chargeback because I paid paid for a service I did not get. They have denied my claim 2 times. I have provided all necessary documents including a tracking number for the money that was refunded to XXXX from the hotel. On XX/XX/XXXX the money was sent back to chime. Per there policy a dispute can take up to 30 days. My claim was denied for reason I do not know, but the money was refunded and I was denied. My second dispute is unauthorized transaction that chime told me to dispute for XXXX. Ranging from a multitude of transaction and I was denied twice. I want my money deposited back in my account please."
11396,My credit limit decreased from {$750.00} to {$100.00} over a years span during the pandemic even after making payments each month. XXXX of 2021 my account was closed due to inactivity despite having a zero balance.
11397,"Failed to complete employment verification in almost three months since I started loan application process. For two months we went back and forth about verifying and even though I told them several times they were contacting the wrong employer for verification they continued to make the mistake. I withdrew my application from the sheer amount of stress it was to deal with this company. They acted like my job and income was fake, not satisfied with loads of documents I sent them. Every time I talk to one person they want me to contact different department. Total lack of communication on their end. I am still struggling to get my good faith deposit returned to me. NOTHING ''quick '' about this quicken loans."
11398,I have been paying my XXXX  loans for XXXX years and I am on a repayment plan of a total of 20 years then they will be discharged/forgiven. My student loans have been paid to XXXX XXXX XXXX ( XXXX ) since 2015 ( 8 years ) and they were transferred over to NELNET. I have asked Nelnet 3 times ( once on the phone after waiting on hold for XXXX hours and twice by emailing them on their message portal on their website ) to provide me with a breakdown of my payment history of 8 years and they will not. They refuse and I am worried that my 8 years of repayments will not be counted towards my 20 year forgiveness and will be lost. I called XXXX and they told me to file a complaint against Nelnet.
11399,"Contacted Military Star at number listed on statement ( XXXX ) to inform them that the online portal was not allowing me to submit payment. The representative informed me that this function will continue to be disabled until I make six consecutive payments. Military Star has sent letters to my Commander in the past and on the statement dated XXXX XX/XX/XXXX threatens to do so again : "" If the payment is not received by the due date, we may request involuntary collection for the maximum deduction allowable from either your Military, Retired or Civilian pay in accordance with applicable law. Prior to involuntary collection, we are required to notify your Unit Commander. To prevent a notice, you must pay the past due balance on or before XXXX XX/XX/XXXX. If you are separating from the Military, we  may collect any remaining portion of the debt from your final pay and allowances. '' XXXX XXXX XXXX XXXX used these same practices and was held responsible in XX/XX/XXXX."
11400,"I am experiencing repeated issues with Synchrony Bank regarding my PayPal Mastercard account. 

On XX/XX/year>, I made a payment of {$17000.00} from my PayPal Savings account ( also with Synchrony ). The payment was immediately withdrawn and posted. However, Synchrony only released {$5000.00} of available credit and is holding the remainder for 21 days, despite already having the funds. 

This is the second time this has happened in the past few months. I always pay my balance in full, sometimes multiple times per month, yet Synchrony continues to impose these excessive holds. 

Both times, I called Synchronys customer service line, but representatives were unwilling to assist me. They refused to increase my credit limit, refused to release the hold, and refused to provide any solution. 

I believe this practice is unfair, punitive, and inconsistent with the Truth in Lending Act ( TILA ) and Regulation Z, which require prompt crediting of payments. 

I am requesting that Synchrony : 1. Release the full available credit immediately once payments clear.

2. Provide a written explanation of why these holds are occurring.

3. Ensure this practice does not continue. 


Supporting documentation ( statements, payment history, call records ) can be provided upon request."
11401,"I wrote a check XX/XX/XXXX, # XXXX to XXXX for {$110.00} which cleared my bank XX/XX/XXXX. XXXX ran the check 3 times. As a result I was denied a purchase at XXXX several days later as Certegy Check Services stated I had negative information on file for prior unpaid checks. I called them to find out what it was about. They said check # XXXX to XXXX had not cleared. I told them it had cleared my account. They wanted proof from my bank. I went to XXXX XXXX XXXX XXXX XXXX and had the Asst. Branch Manager fax a letter to Certegy stating the check in question had cleared on XX/XX/XXXXand  my acct. was in good standing. They still would not remove the negative info from my file stating that it would take weeks for an investigation. I asked how am I suppose to purchase food and medicine and they advised me to go the bank and get cash as checks would be denied. So, after calling Certegy many times over the next 6-7 weeks to check the status, I finally received a letter showing all the checks I had written the past two years, and none bouncing, but showed the 3 attempts of XXXX running my one check. The letter also stated that the matter was "" resolved and this means that it will will not cause denial of check writing privileges. '' I have been using a new debit card since this mishap started as I was afraid of being embarrassed again at a register trying to make a purchase. Today I didn't have my debit card so tried to make a purchase with my check. I was denied again. Came home and called Certegy and was told I am a risk by first agent. The second agent said it was cause I hadn't written checks for a while, which they told me to use cash. Then I was told in might have been the amount of the check ... {$70.00}. Funny as the same place previously took a check for {$69.00} before all this happened ... I did nothing wrong. XXXX had trouble with their register and kept running my check ... Now I am paying the price. I want my account cleared!"
11402,I am writing to file a complaint against navy federal credit union regarding multiple overdraft fees i have incurred despite having sufficient funds when transactions have been authorized. I was charged fees due to credits. This issue aligns with the recent CFPB findings against Navy Federal for similar practices where transactions settled with insufficient balances despite initially available funds. I believe these practices are unfair and request an investigation into my account transactions.
11403,"I am submitting a complaint regarding Capital One Bank ( USA ), N.A. because they have failed to provide my original XXXX credit card account agreement, XXXX, balance transfer terms, and required disclosures. 

Account Number : Ending XXXX On XX/XX/XXXX, I mailed a formal written request asking Capital One to provide the original terms and disclosures from when I opened the account in XXXX. Capital One responded to my letter but did not include any of the requested documents and provided no valid explanation. 

Under the Truth in Lending Act ( TILA ), I am entitled to receive my original account disclosures. Without these documents, the accuracy and enforceability of this account can not be verified. 

I am requesting the CFPBs assistance in requiring Capital One to do one of the following : 1. Provide the complete XXXX account agreement and disclosures ; or XXXX. If Capital One can not provide them, immediately close this account and remove it from all three credit bureaus ( XXXX XXXX XXXX XXXX XXXX because the information can not be verified for accuracy."
11404,"I purchased an airline ticket, I tried to cancel the ticket in advance before the trip. The airline at first refused, then said i could get a refund through their "" refund process ''. After months, they denied my request through their refund process even though I was led to believe I would get a refund. I filed a dispute with my credit card issuer, but they refuse to find in my favor. No one ever used the ticket in question."
11405,"I have sent THREE different dispute letters to Experian, and Experian is refusing to properly validate the debts that I have put in letters I have been sending them since XX/XX/XXXX. They keep stating that they have "" verified '' these alleged debts and unverified accounts. Experian still has not identified who at Experian verified the accuracy of those accounts and they were verified. As I previously pointed out in my first THREE LETTERS XXXX Law Dictionary, XXXX Edition, XX/XX/XXXX, defines "" Verification '' as "" Conformation of correctness. truth or authenticity, by affidavit, oath, or deposition. Affidavit of truth of matter stated and object of verification is to assure good faith in averments or statements of a party. So that means that Experian must be able to prove this in a court of law. The following accounts I would like removed immediately. 
XXXX XXXX I have retained all of copies of certified letters I have sent to Experian which will used as evidence in pending litigation provided XXXX fail to comply with my request. I am a litigious consumer and fully intend on pursuing litigation in this matter to enforce my rights under the FCRA."
11406,"I received a 30 day late negative credit marker due to Mr Copper system having a issue, my auto payment was started for the month of XX/XX/XXXX online. Unfortunately I fell ill and was in a XXXX  state due to my XXXX and was not able to address Mr. Cooper before the end of XX/XX/XXXXdue to being hospitalized for the month, once I got in a state to review my account I immediately made a payment and reset the autopay. I have never paid my mortgage late and this has affected my credit by 60 points and as I am already recovering from being out of work for over a month I have still managed to make two payments after being released from the hospital please favor a removal of this negative 30 day marker. I have provided my proof of hospitalization and XXXX info, my bank statements from XX/XX/XXXXand XX/XX/XXXXshowing ample funds for withdraw and proof that up until this auto pay issue my payment was never late."
11407,"On XX/XX/year> I went in to Wells Fargo located at XXXX XXXX XXXX XXXX XXXX XXXX XXXX to deposit a check. This check was for a business quarterly distribution so it was fairly large. The teller after digging through my account for a few minutes says she needs a manager approval to deposit the check. Manager comes over and tells me that the business name on the check looks off. She says that the name is not in the same spot as the previous one. Believing was she told me, I told her that was odd and that I would have that looked into by our accounting team. I went back and looked at the previous check to compare them and it was identical to this one. This is not the first time this has happened. It also happened at this same location on XX/XX/year>. Im being discriminated against for being XXXX. Wells Fargo doesnt believe that XXXX clients have money or businesses so when one XXXX large check, they believe its stolen or counterfeit."
11408,"XX/XX/XXXX paypal was going to charge me {$16000.00} when a buyer wanted to charge back all her purchases for 3 months to myself and about XXXX other merchants. We all submitted positive proof of her making the buys including government Id and her holding photos stating she was making the purchases. Paypal at first sided with all us merchants, and then later reversed themselves and charged us all with the purchase amounts. Every merchant then filed with the FBI and eventually the FBI investigated and seized her computer and the pictures were still present proving she made the purchases. Also we each filed with the CFPB against paypal and paypal then issued each of us credits for the chargebacks because paypal "" violated its own policies '' regarding chargebacks. At the time paypal instituded a {$200000.00} reserve on my account for selling only, which means I would have to deposit {$200000.00} or sell {$200000.00} before I would receive any money. Paypal withheld all my remaining money at the time which was about XXXX into the reserve. So for the past year, I have n't sold anything. I only used my paypal to pay for things and had no problem with this arrangement. A couple days ago, however, paypal limited my account for no reason at all. I called in and customer service could n't find any reason why it was limited though they thought it was probably due to the XXXX XXXX XXXX incident ( the lady who tried to charge back {$16000.00} ). So now I ca n't use my account at all and paypal has been holding my money for nearly a year. The name/email of an FBI agent on the case is XXXX XXXX [ XXXXXXXXXXXX ]. He can verify what I said is true."
11409,"CapitalOne closed my credit card after XXXXdays of missed payments then proceeded to continue to charge the credit card interest and fees for XXXX months  after closure. My limit on the card was {$7500.00} which had not been exceeded before the company closed the account. After closing the account, an additional {$3000.00} dollars in interest and fees was applied to the outstanding balance and reported to the credit bureau as the amount owed. They also reported this amount on my spouses credit report when her name is not included on the account. I am going to seek legal action against capital one as after calling them multiple times, the customer service folks laughed in my face."
11410,Wells Fargo recently sold my mortgage to XXXX XXXX. XXXX XXXX provided with me with information that they had to because of a case in XXXX. I went to pay off my mortgage to find out theres a FHA HUD lien on my property. I called Wells Fargo as back in Covid they put my account in forbearance. Without my permission. Took them months to get it straightened out. I continued to make my mortgage payment as normal. They then had a notary I never met before sign documents for the HUD XXXX. They also when transferring my loan to XXXX XXXX transferred a late payment which I was told was removed back in XXXX. I am requesting information regarding the forbearance payments and where they went. They said they are unable to provide that information.
11411,"I am writing regarding issues with the verification of my credit file. I was previously XXXX, and since my release, I have encountered difficulties verifying my phone number and address when applying for services to rebuild my life. 

I would like to confirm that I have lived at my current address for the past five years and have used the same phone number for that same period. Please ensure that this information is properly reflected and notated in your records. If possible, I kindly request that this information be backdated to accurately reflect my history. 

Thank you for your attention to this matter."
11412,"I called Transunion on XXXX-2017 and informed them I had been denied credit due to there not being a score for me at their company. I was informed that I could get a credit report, but no score until I paid them money. Any resource I look for online for them requires payment. I can not go back to the lenders that say I have no Transunion score with a report with no score. Also as to trying to find out this information and multiple applications to discover the info from all 3 credit bureau 's. My credit report now shows multiple requests and that lowers my score. Remind me how these companies are supposed to be good for the consumer?"
11413,"I am submitting a complaint regarding a private student loan currently serviced by MOHELA and owned by XXXX XXXX XXXX XXXX, originally issued by XXXX. This loan was used to attend XXXX XXXX, which has been officially determined by the U.S. Department of Education to have engaged in widespread and long-term fraud and misrepresentation. As a result of this determination, my federal student loans associated with XXXX XXXX were discharged. Despite this, MOHELA continues to collect on these private loans, which funded the same fraudulent education. I have formally disputed this loan and requested documentation, including a copy of the original signed promissory note and the complete chain of assignment from XXXX to XXXX XXXX XXXX XXXX to MOHELA. To date, this information has not been provided. I am concerned that the loan is being collected without proper verification of ownership or enforceability. Under the Federal Trade Commission Holder Rule, lenders may be subject to the same claims and defenses that I have against the school, including fraud. Given that my federal loans were discharged due to XXXX XXXX XXXX misconduct, I am requesting that these private loans be fully reviewed and that appropriate action be taken, including discharged or cessation of collection activity. I am seeking a resolution that reflects the documented fraud associated with XXXX XXXX and the lack of provided documentation supporting this loan."
11414,"I am writing to formally express my concerns regarding zelles handling of disputes, particularly in light of the recent CFPB lawsuit highlighting significant issues with the platform. Despite using zelle numerous times and reporting discrepancies, my financial institution and zelle failed to investigate my claims adequately. They informed me that recovering lost funds was impossible and tracking these transactions was unfeasible. The CFPBs findings indicate that zelle has not only neglected to protect consumers but has also allowed repeated offenders to exploit the system, leaving users vulnerable to scams. The la k of accountability and transparency is unacceptable and raises serious concerns about consumers safety."
11415,they closed my account based off me reaching to representative about fraudulent transactions on my account it was XXXX and i was upset. the agent was cutting me off and over talking me being rude its a freedom of speech i was frustrated and the agent just kept not being compasssionate or have empathy based on my situation on a family holiday. you guys are very hypocritical because the type of agents you hire are rude and disrespectful i have done nothing but have excellent payment history with this company and this how they treat me. Also i reached out to this company 3 times about my credit on my account i have a XXXX balance on this credit card and they giving me the run around with shipping my check when they had no issue sending an overnighth priority closing my account based off a conversation i had with an employee that sarcastic and rude!!! its been more than XXXX  days since my account been closed and i submitted a request for a check to be mailed out and now they making me wait an additional XXXX  days which is absurd i cant believe this how capital one treat a customer with excellent payment history with them.
11416,"I opened an account with Marcus by Goldman Sachs on XX/XX/year> and put about XXXX into it. On XX/XX/year> they emailed me i have changed my preference of statement delivery method and asked me to contact them if i didn't request so. I didn't, so i tried to log into my account to see what was going on, and then i found out it has been locked. On the app they asked me to call them to get unlocked. I called, after several transfers to different employees they told me they are gon na reach back to me for this in XXXX business day. They never reached back to me. I called again and again, 5 times in all, and they still didn't unlock my account and refuse to even let me know when can i have access to my own money. I also gave them the option that they can just cancel my account and send the money back to where it come from ( my another bank account from another bank ) but they refuse to do so again. I'm a student and i need my money to pay my rent, this is very frustrating that i don't have any control over my own money."
11417,"Fair Credit Reporting Act, Section 609 XX/XX/XXXXXX/XX/year> Subject : Fair Credit Reporting Act, Section 609 Dear Equifax, I am exercising my right under the Fair Credit Reporting Act, Section 609, to request information regarding an item that is listed on my consumer credit report. XXXX XXXX XXXX, account number XXXX XXXX XXXX XXXX XXXX XXXX XXXX  : XXXX. 

As per Section 609, I am entitled to see the source of the information, which is the original contract that contains my signature. 

If you are unable to verify the account with the account with the original contract, the information should be removed from my credit report within 30 days MAX."
11418,Back in XXXX and XXXX money was taken out of my account which I never received back and a lot of fraudulent overdraft fees etc etc which I never received or got back but it took a lot of money from me which always kept me in the negative
11419,"I am filing a complaint against Cash App ( Block Inc ) due to inadequate customer service and unfair practices, which violate the Consumer Financial Protection Act ( CFPA ). Specially, Cash App failed to take timely and effective measures to prevent and address fraud on their platform, leaving my account vulnerable and unprotected. Furthermore, their dispute resolution process was unfair and deceptive, as they did not comply with error resolution requirements under the Electronic Fund Transfer Act ( EFTA ) and regulation E. These actions have caused significant inconvenience and financial loss, and I sell appropriate redress for these violations."
11420,"Unauthorized access to my credit report by several companies has directly harmed both my credit and my credit score. I previously contacted your agency and was assured by a representative that these unauthorized inquiries would be removed ; however, they still remain. This failure to act is unacceptable. The continued presence of these potentially fraudulent entries is alarming and strongly suggests possible identity theft."
11421,"In accordance with the Fair Credit Reporting Act, The List of accounts below has violated my federally protected consumer rights to privacy and confidentiality under 15 USC 1681 Acct # XXXX I.C. System Inc And according to the fair credit reporting act whenever a consumer reporting agency prepares a consumer report it shall follow reasonable procedures to assure maximum possible accuracy of the information concerning the individual about whom the report relates according to 15 USC 1681 ( e ) ( b ).

And according to 15 USC 1681 5 Treatment of inaccurate or unverifiable information ( A ) in general, after my reinvestigation under paragraph ( XXXX ) of any information disputed by consumer, an item of the information is found to be inaccurate or incomplete or can not be verified, the consumer reporting agency shall promptly delete that item of information from the file of the consumer or modify that item information, as appropriate, based on the results of the reinvestigation ; and ( ii ) promptly notify the furnisher of that information that the information has been modified or deleted from the file of the consumer Please delete the accounts XXXX I.C. XXXX"
11422,"On XX/XX/year> I received a call on my cell phone with the caller ID "" Fifth Third Bank '' and their known customer service number of XXXX showing. This is my bank so I answered the call. The caller claimed he was a Fifth Third employee from the fraud department and was calling about suspicious activity on my account relating to a XXXX charge. As my debit card had recently been compromised and I had already been dealing with those disputes and getting a new card issued to me, I did not think this was out of the ordinary. The caller was in touch with me every day from XXXX XXXX  2025 every time claiming he was a Fifth Third employee and every time the call coming through with the Fifth Third caller ID and number showing up. He instructed me to perform XXXX test transactions via XXXX - a request and a payment. The payment did go through for {$1900.00} ; this person assured me he would get the transaction reversed and my accounts re-opened, etc. When I did not receive a response from my communication to him on XX/XX/year>, I assumed it was because of the bank holiday and weekend. When I called Fifth Third today, XX/XX/year> to request a status update, they informed me there were no notes associated with this case and they had no record of any of these phone calls. I explained what I have written here and they stated it was a scam. I requested to file a dispute with the bank and they refused to accept my claim. I believe the bank should accept my dispute claim and refund the funds to my account."
11423,"These accounts with ALLY FINANCIAL with account numbers XXXX and XXXX, has been paid, and thus, it should be removed from my credit report. There is no longer any balance on it and it has been closed. I have reached out to the XXXX XXXX and to the furnisher but no response was ever made by both of them. They have neglected my request of giving me a response or deleting this account."
11424,"I have 2 issues One is pertaining to Bank of America closing my account without a valid reason and the other is pertaining to Bank of America refusing to issue my rewards money to me. 

On XX/XX/XXXX, Bank of America closed both my personal credit cards and my business card for irregular authorized user activity and refused to issue my rewards to me. They also refused to send me my statements to see the total amount of rewards. I had balances and they refused to apply my rewards towards the balances. I had one card since XX/XX/XXXX, and the other card since XX/XX/XXXX, and I had a stellar payment history. I attached the credit card agreement and closure letter for both personal cards and the account closure letter for the business card."
11425,"Ive filed multiple complaints about this same bill when it was with previous agencies and its being sold over and over. I do not appreciate this. I have yet to receive an itemized statement. I was rudely hung up on by XXXX XXXX out of XXXX XX/XX/XXXX. I contacted them and spoke with a supervisor named XXXX and asked them to stop calling me. They called me again today, XX/XX/year>. I called them back and was spoken to very rudely. I would appreciate for this collection activity to cease."
11426,"LVN Funding at XXXX XXXX XXXXXXXX XXXX, SCXXXX  has been sending me collection notices in the amount of {$2300.00} the collection has been reported as past due balance. I do not know this company. I have never done any business with this company. This company does not have a contract with my signature."
11427,"On XX/XX/XXXX, I purchased my XXXX home with a loan from XXXX mortgage company. XXXX listed I was behind 1 month 's payment. I filed a dispute with the XXXX because I never missed a loan payment. I requested a payment history, but did not receive it. I also requested my late payment and fees be removed from my account. 

* On XX/XX/XXXX, XXXX sold my loan, before resolving the missing payment issue. The loan was sold to XXXX XXXX XXXX  XXXX. I requested a loan payment history in order to rectify the missing payment. XXXX XXXX accessed an additional month of no payment. ( XX/XX/XXXX ) I sent canceled check to have the additional month of non- payment removed. It was not. My loan was sold, again. 

XX/XX/XXXX, Rushmore Loan company acquired my loan. I immediately send copies of my disputed XX/XX/XXXX payment, proof of insurance and requested a loan payment history. In the beginning of XX/XX/XXXX, I received a foreclosure letter from Rushmore. I received notice of lender placed hazard insurance. ( I submitted proof of home insurance ) I also received a letter indicating my yearly adjustable mortgage would increase {$300.00} in 60 days. 
In the 16 years of owning this home, the yearly adjustable rate mortgage has adjusted once annually, XX/XX/XXXX. ( not 2x annually ) It appears Rushmore is not honoring the terms of my original mortgage contract."
11428,"I am writing to formally express my concerns regarding Zelles handling of disputes, particularly in light of the recent CFPB lawsuit highlighting significant issues with the platform. Despite using Zelle numerous times and reporting discrepancies, my financial institution and Zelle failed to investigate my claims inadequately. They informed me that recovering loss funds was impossible and tracking these transactions was infeasible. The CFPBs findings indicate that Zelle has not only neglected to protect customers but has also allowed repeat offenders to exploit the system, leaving users vulnerable to scams. This lack of accountability and transparency is unacceptable and raises serious concerns about customer safety."
11429,"XX/XX/2020 we paid with Citicard Credit Card car dealership to fix our auto {$980.00}. Dealer claimed they did fix our car. We arrived at dealer and paid in good faith. When we arrived to pick up our car, the dealer tried to deliver the car with no fix right there in their own garage. We never took the car back. Dealer then refused to return our money. Claim : Work we paid for was faulty or not completed. 

We then dispute the charge with Citicard two days later. Citi put a hold on the charge. We then sent a complete 26 page report to Citicard about the dispute on XX/XX/XXXX. Citi wrote us they ruled in our favor XX/XX/2020. The charge was removed ... then later magically appears again on our monthly statement. We contact Citicard on several occasions to find out why. They claim that we should be removed and ruled in favor. Then we receive a letter from Citicard dated XX/XX/2020 saying we must pay anyway. See attached two scans. 

Complete run around and hung out to dry by Citicard to us, and days of hours of calls on the phone with them for a further run around."
11430,"I am an Idaho resident, and my account is governed by Idaho law ( the FAST Act ). Coinbase is withholding {$2600.00} in verified winnings from XXXX XXXX XXXX XXXX. The contract reached a settlement on XX/XX/XXXX at XXXX PM XXXX. The official XXXX XXXX index price was {$100.00}, and my strike was Above {$100.00}. My account correctly shows the status as 'Closed Yes, ' but the payout is stuck at {$0.00}. While Coinbase may be facing litigation in New York ( XXXX XXXX XXXX, XX/XX/year> ), I am an Idaho resident in a non-litigating state. This delay in releasing my settled funds caused the forced liquidation of my XXXX position. I am demanding the immediate release of my {$2600.00}."
11431,"On XX/XX/XXXX ( Dispute # XXXX ) I submitted a dispute for the following inquiries on my credit report. 
( XXXX XX/XX/XXXX ) ( XXXX, XXXX XX/XX/XXXX ) ( XXXX XX/XX/XXXX ) ( XXXX XXXX XXXX, XXXX ) Equifax completed the dispute in less than XXXX without a full or fair investigation. Nor did they provide proof that these inquiries belonged to me. Equifax did not follow the rules under theFair Credit Reporting Act, the information provider has 30 days to report back to the credit bureau with proof that I authorized the credit inquiry. Also, in accordance with the Fair Credit Reporting Act Section 611 ( 15 U.S.C. 1681I )."
11432,"I am filing a complaint against Cash App ( Block , Inc. ) due to inadequate customer service and unfair practices, which violate the Consumer Financial Protection Act ( CFPA ). Specifically, Cash App failed to take timely and effective measures to prevent and address fraud on their platform, leaving my account vulnerable and unprotected.

Furthermore, their dispute resolution proce was unfair and deceptive, as they did not comply with error resolution requirements under the Electronic Fund Transfer Act ( EFTA ) and Regulation E. These actions have caused significant inconvenience and XXXXXXXX XXXX and I seek appropriate redress for these violations"
11433,"According to the Homeowner 's Protection Act the PMI I am being charged on my mortgage loan was supposed to automatically stop when my mortgage reached 78 %. According to my mortgage company, my mortgage is now at 75.4 %, yet I am still being charged PMI. I have emailed them twice to have this removed but they have not complied. They did send me a notice requesting I get an appraisal on the property once, but I understand the LTV is supposed to be based on the original value of my property, not the current appraised value. No appraisal should be required at this point. The Homeowner 's Protection Act defines the original value as the value when my loan originated. The mortgage company already has that figure as they show it on my online account. I did not receive a response from the mortgage company on my second request."
11434,I filed a dispute with Goldman Sachs XXXX Apple Card ) regarding a charge on my credit card for {$97.00}. I enrolled in a subscription with XXXX XXXX in XXXX of 2023 and paid a promo fee of {$24.00} the promo was for 2 months. I also chose a dietary plan that does not include pork. The merchant charged me {$97.00} before the promo was over and they sent XXXX meals that included pork. I contacted the XXXX on XX/XX/2023 and cancelled my subscription. I also contacted Goldman Sachs to file a dispute. The initial dispute was denied stating the XXXX followed the XXXX & XXXX. I contacted Apple and explained to them that they did not file the dispute correctly they never asked the XXXX to respond to charging outside of promotion and that they sent me the wrong items. Apple agreed with my response and filed a second dispute. However now they have come back tome asking yet again for more information that I have provided them 3 times. I am filing a complaint regarding the manner in which my dispute was handled as Customer.
11435,"I am writing to formally express my concerns regarding Zelles handling of disputes, particularly in light of the recent CFPB lawsuit highlighting significant issues with the platform. Despite using Zelle numerous times and reporting discrepancies, my financial institution in XXXX to investigate. My claims adequately. They informed me that recovering lost funds was impossible, and then tracking these transactions was unfeasible. The CFPBs findings indicate that Zell has not only neglected to protect consumers that has also allowed repeat offenders to exploit the system leaving users vulnerable to scams. This lack of accountability and transparency is unacceptable and raising serious concerns about consumer safety."
11436,"I am writing to dispute fraudulent information on my credit report pursuant to 15 U.S.C 1681c-2 and to request that this information be blocked. I have enclosed a copy my Police Report/FTC identity theft report ( FTC REPORT XXXX : ) to support my identity theft claim. Under 15 U.S.C. 1681c-2 when a consumer submits an identity theft report, credit reporting agencies must block any information identified by the consumer as resulting from identity theft within XXXX business days. 
To following information on my credit report is the result of identity theft and should be blocked : XXXX XXXXXXXX XXXX XXXX XXXX XXXX XXXX XXXX XXXX XXXX XXXX XXXX XXXX XXXX XXXX  As required by 15 U.S.C 1681c-2, please block this fraudulent information from my credit report immediately. This information should be blocked for one year, at which point i may request an extension of the block. During the block, you may not report no longer contains any fraudulent information. Several times I have called the bureau reporting these fraudulent accounts in my report and CREDIT BUREAU has not wanted to give me a solution to this problem where I am being totally affected to be able to acquire a new house for my children, these collections were eliminated and not verified by others bureaus I don't understand how they usually say that these accounts are mine, I have requested contracts from this company with my information and for more than 60 days I have not received any response from them, please help me immediately delete these accounts. Here I add the FTC report, hoping that you make a better decision in my situation, thank you"
11437,I've tried to dispute a XXXX account that a fraudulent account because I was in XXXX also a account with XXXX XXXX  and also all those inquiries on my credit reports that it wasn't me can you please help get that all deleted from my credit reports and I can't seem to update my phone number for the ID theft to not issue any more credit unless I'm contacted first thanks please help
11438,"I have been a satisfied account holder with PayPal for ~20 years without issue. On XX/XX/year> I received two email notifications from PayPal that they had processed two high dollar transactions to my debit. I have never heard of the Seller, never contacted them, nor authorized either of these transactions. They are both Fraudulent. I immediately went online to my account and was met with a banner stating, "" We have noted possible fraudulent activity on your account; please verify your identity ''. Within on hour of receiving the emails from PayPal I called the Customer Service Phone number to identify these Fraudulent Transactions. The call was answered by an XXXX XXXXXXXX that stated, "" I am not familiar with that term ''. All interaction with PayPal Customer Support went downhill from there. I have attached the full email history in a PDF ( minus the XXXX ) and have retained all email communication from PayPal. To date, after multiple phone conversations with PayPal, they refuse to acknowledge the problem nor provide any documentation, only insisting that these were valid transactions "" consistent with my purchase record ''. Please note that the email record clearly identifies that PayPal 's "" thorough evaluation '' of the disputes occurs in less than 120 minutes and that no substantive justification is provided ( only conclusionary statements ). PayPal has refused to acknowledge their website statement of "" We have noted possible fraudulent activity on your account; please verify your identity ''. I have called PayPal Customer Support over five ( 5 ) times with no effect. They only repeat their claim of "" valid transaction '' with XXXX substantive justification or documentary evidence. Please help. Please let me know what additional information I can provide. Thank you."
11439,This situation is getting very frustrating and is now affected my state of well-being do to the way Modern Finance is conducting business. on XXXX/XXXX/2016 paid {$1000.00} and noticed my receipt i got back after i made the payment that next due was XX/XX/XXXX2016.requested that they fix it and if i can get a new receipt with corrected amounts but they crossed it out with a pen and hand write XXXX/XXXX/2016. Now i got emails from XXXX XXXX dated XXXX2016 stating i get in contact with her in regards of the account. on XXXX2016 received another email letting me know that she recieved a payment for {$9000.00} and attached copy of check. which Modern Finance failed to post on to my account. If they think that they are gona continue to do this they are wrong my next step will be to push this threw the courts and hold XXXX XXXX and Modern Finance liable on there face for any additional fees I come by.all my receipts and paper copies show all the erroneous inputted data from XXXX there for hope that CFPB can help with this situation again.
11440,"Just need a 1098 in order to file my income tax return. 

Caliber does NOT provide the doc through their online access. 

Despite the phone service rep ( XXXX ) offering to email me the firm, I could not access the document that required a separate sign in. Instead of being patient, XXXX attempted to rush me off the phone at least 4-5 times by saying "" I'm going to leave you to it ; '' in spite of my insistence that the sign-in was not working. After at least 3 repeated attempts to reset a password that I was able to sign into my account for, the password reset for the secure message still would not work. 

XXXX offered to mail me the form ; despite not having the correct address. After providing her an updated address, I asked to speak to a supervisor. XXXX stated that a supervisor was not available. 

I had to hang up with her. Call back to get a new rep ( XXXX ) ; and request an "" escalation. '' This is my 2nd CFPB complaint against this company. They should be put out of business. They exist to foreclose on customers, not to properly and professionally service loans."
11441,"My daughter and I have a joint account in XXXX with XXXX. She requested a transfer of XXXX euros at a XXXX XXXX branch location to my account at XXXX XXXX XXXX  in the United States. After a couple days I went to a XXXX branch location to inquire if my money was transferred. I was told at the XXXX XXXX  that they had rejected the transfer ( without notifying me first ) because my account was dormant ( they had not notified me that my account was dormant ). My daughter went to the XXXX bank in XXXX again and asked where the money was and was told by XXXX that they would automatically try to transfer the money again even if it was rejected the first time. If unsuccessful, they would return the money to the original account. After I still did not receive the money a week later, my daighter for the 3rd time asked at a XXXX branch where the money was. She was told that the money is currently at an intermediate bank in the U.S, ( Wells Fargo ) and the transit was in progress. Money was sent by XXXX on XX/XX/2021, today is XX/XX/2021. I have still not received an answer from XXXX or Wells Fargo about where the money is and when I will receive it."
11442,"I am submitting this complaint regarding Citibank 's decision to close my Citi/AAdvantage Executive World Elite Mastercard account XXXX in XXXX. On XX/XX/year>, I received written notice from Citibank stating : "" We're unable to issue you a new card because you're currently enrolled in a repayment program for this account or another credit card issued by Citi. '' [ Document | XXXX ] This statement is inaccurate. I am not enrolled in any repayment program, hardship program, debt management plan, or similar arrangement for this account or any other Citi credit card account. After receiving the letter, I called Citibank for clarification. During that conversation I was provided a different explanation. I was told the decision resulted from my being over my credit limit multiple times. The written explanation and the verbal explanation are inconsistent. I am requesting that Citibank : Identify the account allegedly enrolled in a repayment program. Explain the source of that information. Correct any inaccurate records. Provide an accurate explanation for the adverse action. Reconsider the account-closing decision if it was based on incorrect information. I am concerned that Citibank either relied upon inaccurate information or provided an inaccurate reason for its action. I am seeking a written explanation and correction of any errors."
11443,"Sunday, XX/XX/XXXX XXXX XXXX XXXX XXXX XXXX XXXX. # XXXX XXXX, Texas XXXX SSN : XXXX | DOB : XX/XX/XXXX Equifax Information Services XXXX XXXX XXXX XXXX XXXX XXXX XXXX GA XXXX I was just looking at my credit report and found some errors relating to my payment history on some accounts. I have outlined the following incorrect late payments. Pursuant to 15 USC 1666b A creditor may not treat a payment on a credit card account under an open end consumer credit plan as late for any purpose. Please fix these errors immediately and remove the late payments. If you are unable to do so, then remove the entire account since it is being reported inaccurately. 


Account Name XXXX XXXX XXXX XXXX Account Number : XXXX Reason : Incorrect late payment Instruction : The payment history is incorrect. Late payments from XX/XX/XXXX, XXXX XXXX were all on time. 

Account Name : XXXX XXXX  Account Number : XXXX Reason : Incorrect late payment Instruction : The payment history is incorrect. Late payments from XX/XX/XXXX, XX/XX/XXXX, XXXX XXXX were all on time. 

Account Name : XXXX  Account Number : XXXX Reason : Incorrect late payment Instruction : The payment history is incorrect. Late payments from XX/XX/XXXX, XXXX XXXX were all on time. 

Account Name : XXXX  XXXX Account Number : XXXX Reason : Incorrect late payment Instruction : The payment history is incorrect. Late payments from XX/XX/XXXX, XX/XX/XXXX, XXXX XXXX were all on time. 

Account Name : XXXX Account Number : XXXX Reason : Incorrect late payment Instruction : The payment history is incorrect. Late payments from XX/XX/XXXX, XX/XX/XXXX, XXXX XXXX, XX/XX/XXXX were all on time. 

Clearly you have some faulty systems, because there should be NO late payments showing here. As in, ZERO late payments. So why are you reporting it incorrectly?"
11444,On XX/XX/XXXX at XXXX XXXX 2 fraudulent charges were made thru my checking account. One was made in XXXX California for about {$15.00} and the other in XXXX XXXX New Jersey at a XXXX for {$80.00}. I was in neither place at that time nor have I ever visited those places in my life. When I saw the charges the next day I immediately called Td customer service line reported the charges and filed a fraud complaint. I went to TD bank in XXXX NJ to get a new card I closed my savings account and withdrew majority of my money from my checking but could not close the account because of the pending claim. 10 days later I got a letter in the mail saying they did not find it to be fraud because the charges were made via pin number and with in my area. those finding are impossible as I could not of been in cali and NJ at the same time on the same day and NO ONE HAD MY CARD OR PIN NUMBER. I opened another claim this time I got police report and brought it to the bank to show it was made and being processed. They have again denied the claim for the same reasons. Unfortunately TD bank had no direct line to the department and no one to speak to. Today I reopened the claim for a 3rd time in hopes they will overturn their ridiculous decisions. I would not go through all this trouble and switch all my banking information and autobill pay that is routed to this bank if fraud did not occur. No one has my pin or card. I have never been to either location and I most certainly would not travel to XXXX XXXX at XXXX XXXX to purchase XXXX bucks worth of product when I could go to a XXXX around my home. I will even go as far as getting surveillance from that XXXX of the night and time in question to prove I was never there making that purchase.
11445,On tuesday XX/XX/XXXX I was scammed and the scammer had me open a Cash App account and send money to an unknown party. As soon as I realized what happened I called Cash App. Their customer service number refers you to their online support app. I sent information in the support app who then referred me to an email support group. For two days I went back and forth with them and finally they said they would not assist me and to report it to the police. Every company should have a phone number you can call to report fraud and if they had worked me when I reported it the transaction could have been stopped or reversed. I am also working with my bank but I feel that Cash App should be investigated for poor consumer practices and lack of consumer response. I would advise anyone who uses this APP not to.
11446,"My Care credit card ( Synchrony Bank ) was getting very high so I went to XXXX XXXX XXXX to get another credit card to transfer the balance to so I would have zero interest. When I was in the bank we called care credit to confirm and pay off the balance. It was made clear that we were doing a transfer and paying off the balance. I saw a statement from care credit, but I knew it was getting paid off so I paid it no mind. I started getting calls from care credit and kept telling them that it was a mistake and was paid off already and they needed to update their records. I got concerned when I saw another statement and wondered why it was taking them so long to update the records. I finally called to speak with someone about this and was shocked to find out that they never closed my account and continued to charge outrageous fees and interest. I asked to speak with supervisors and could not believe they would not fix this issue. It turns out that the check from XXXX XXXX XXXX  was received a few days after the next billing cycle. Instead of doing the right thing and paying off my account and closing it, which should have been made clear in my file, they kept it open and kept charging it. This is bad faith and terrible customer service."
11447,per the credit report they made {$84.00} is the balance they are seeking to collect. I requested debt validation repeatedly they did not provide me as of now. They reject certified mail. I doubt the legality of this collection company.
11448,I am asking that my debt of {$47000.00} be deleted completely. I paid over {$8000.00} That was behind in XXXX or XXXX. This was all that was owed at that time. I then attempted to make my regular monthly payment but it was not accepted. I called Wells Fargo and spoke to them about why they would not accept my payments. I was informed that I was in foreclosure. I told them that I never received any information about that. He reviewed my payments and said that I had paid everything that was owed and that he will remove it out of foreclosure. This was not done. So when I filed for bankruptcy ( XXXX ) owed {$24000.00} because they never stopped the foreclosure process. While I was in bankruptcy Wells Fargo doubled the amount owed to {$44000.00} for no reason. My bankruptcy was finished in XX/XX/XXXX. I then was told by Specialized Loan Servicing Company that I am still in foreclosure. Since XXXX. And no more payments will be accepted from this point forward. I am asking for all documents pertaining to my account be sent to me. I am asking for a forensic audit of my account from a 3rd party. I am requesting that every verbal communication be transcribed and sent to me. I am asking for the deletion of the {$44000.00} be removed from my account. Im asking that the mortgage rate be analyzed from the beginning of my mortgage inception. I had a 3.25 % rate that I locked in in XXXX. The was changed to 7.5 % for many years. As I have lived in my home for over 30 years. I should have my deed in my hand. I am asking that I receive it marked paid in full.
11449,"Under 15 USC 1681i ( a ) ( 1 ) ( A ) subject to subsection ( f ) and except as provided in subsection ( g ), If the completeness or accuracy of any item of information contained in a consumer 's file at a consumer reporting agency is disputed by the consumer and the consumer notifies the agency directly or indirectly through a reseller, of such dispute, the agency shall, free of charge, conduct a reasonable reinvestigation to determine whether the disputed information is inaccurate and record the current status of the disputed information, or delete the item from the file in accordance with paragraph ( 5 ), before the end of the 30-day period beginning on the date on which the agency receives the notice of the dispute from the consumer or reseller.

Account name : XXXX  XXXX Account Number : XXXX Account name : XXXX Account Number : XXXX Account name : XXXX XXXX Account Number : XXXX"
11450,I recently applied for a Total Rewards Visa credit account through XXXX XXXX. I have a credit score of XXXX as was stated in my denial letter dated XX/XX/2018. I believe the decision to denial my application is discriminatory in nature. Application number : XXXX. Total Rewards # XXXX.
11451,"Attempted to access the company website multiple times during the week of XX/XX/23 to view my mortgage loan and make my monthly payment but their website is not working. On XX/XX/23, I attempted to call the company but the phone number is no longer working. As of this e-mail there has been no communication from the company advising of any issues. It is unknown if this company is still in business or what is happening with my mortgage. 

Also, the company never sent out an Escrow Analysis Statement for this year explaining an increase in my mortgage payment which I know they are legally obligated to do. My payment increase goes into effect on my XX/XX/23 payment but again, no statement received explaining this increase."
11452,"I am writing to demand the immediate removal of fraudulent account from my credit report. Unauthorized account have been opened in my name without my consent or knowledge, constituting a clear case of identity theft and a violation of my privacy XXXX XXXX XXXX."
11453,"Green Tree Servicing LLC purchased my home loan from another lender in XXXX 2014. I have been making correct XXXX payments every month since the purchase but am now told somehow I am behind on my obligation ( the account was current and up to date prior to its 'acquisition ' by Green Tree ). My banking statements show the draft amounts and dates since XXXX XXXX, 2014. I have attempted to communicate my concern to Green Tree reps on numerous occasions but they seem to be stalling the resolution process."
11454,I had trouble paying mortgage and I put it in a freeze came put of freeze payed wells fargo XXXX XXXX ti keep hone they said they need XXXX XXXX more I came up with XXXX XXXX and I was forced to short sale
11455,"I was onboarding with a company as a XXXX XXXX, had submitted all my documents ssn drivers license they gave me a schedule, i went for pre shift ride along with manager, andi got notification that checkr was running my background check. When they completed i got notification that the company was unable to offer me employment based on part or in whole based on information contained in the report including the following specific items in the report prepared by checkr inc the company reported informarion i have never been convicted of crimes, traffic tickets that were dismissed years ago and it states it was dismissed many years ago, these thingsare irrelevant today after XXXX  years but they caused me to no be able to work for this company as a XXXX XXXX"
11456,Bank of America tried to offer me about settlement after sold to the collect dept then it returned to Bank of America. I already explained that I am unemployeed since XX/XX/year> and I am on XXXX and receive XXXX and my income is low level.
11457,"I am filing a complaint against Equifax for failing to properly investigate my disputes regarding inaccuracies in my credit report. Despite my submissions, Equifax consistently responds within 24 hours stating the account is accurate, without providing any evidence of a thorough investigation. This practice violates the Fair Credit Reporting Act ( FCRA ), 15 U.S.C 1681i, which mandates a reasonable investigation of disputes. Furthermore, Equifaxs actions may also contravene the Consumer Financial Protection Act ( CFPA ), 12 U.S.C 5536 ( a ) ( 1 ) ( A ) - ( B ), as highlighted in the CFPBs recent administrative proceeding ( File No. XXXX ) against them for similar violations. I request that the CFPB take action to ensure Equifax complies with federal law and provides consumers with necessary proof of investigation. These are the accounts I have marked as inaccurate : XXXXXXXX XXXX XXXX XXXX XXXX XXXX XXXX XXXX XXXX XXXX XXXX XXXX. They are also in violation for being inaccurate across all of my credit reports and have different and conflicting information and statuses so please delete and remove from my credit report since this can not be verified or fixed properly and consistenly."
11458,"There are 3 accounts on my credit report that are not mine I have tried contacting the bureaus and they are giving me the run around and not answering anything. This is clearly identity theft and I need these off my credit asap. There are also 4 inquiries that are appearing that are not mine please help me out by removing these it si not fair for me to go thru this monthly with the bureaus for these accounts and inquiries. 

XXXX - Acct # XXXX AmT {$0.00} XXXX XXXX XXXX - Acct # XXXX Amt {$0.00} XXXX XXXX - XXXXXXXX XXXX XXXXXXXX - Acct #? Amt {$0.00} INQUIRIES XXXX XXXXXXXX XXXX XXXX Inquiry : XX/XX/XXXXXXXX XXXX XXXX XXXXXXXX XXXX - Inquiry date : XX/XX/XXXX XXXX - Inquiry date : XX/XX/XXXX XXXX - Inquiry date : XX/XX/XXXXXXXX XXXX"
11459,"I recently did a refi with my lender PennyMac at the beginning on XXXX. My FIRST payment is not slated to actually occur XXXX. 

However, I made my first prepayment on XXXX against my mortgage of {$190000.00} for {$1100.00}, and was applied toward the escrow ( {$650.00} ) and principal ( {$470.00} ). I did indicate as such on my payment coupon. 

I have been going back and forth with them via numerous calls and direct email on their sit to get this fixed as the took {$460.00} and applied it to interest. They are not being helpful and that is alot of money misplaced"
11460,"I have submitted police/identity theft reports to experian, XXXX, XXXX, XXXX to show that accounts from the XXXX XXXX XXXX XXXX are not mine i have sent my id to them numerous times showing my correct address and name as it appears on my id is what i want on my report and explained to them my credit report was exposed in the data breach. I have also sent documentation showing them that XXXX XXXX was paid in full by XXXX  insurance and gap coverage. but they still let these companies report false information on my report is it because they are selling my information without my consent? 
Dates : dating back since XX/XX/2022 its in their records i can pull up anytime the dates. 
Amounts : XXXX XXXX XXXX XXXX paid in full vehicle is in possession of XXXX XXXX  still showing i owe them in the amount of {$2000.00}. 

XXXX XXXX XXXX XXXX {$21000.00} the college they claim i attended XXXX XXXX XXXX XXXX has no information on me ever attending the college this has been on my credit report for years not even being my bill."
11461,"This is a repeat complaint regarding an account on my credit report that remains inaccurately reported. I have submitted multiple disputes, each time providing clear documentation that shows the information is incorrect, yet no corrections have been made, and the same inaccuracies persist. 

Your ongoing failure to address these errors is a violation of the Fair Credit Reporting Act ( FCRA ), specifically 15 U.S.C. 1681i, which mandates that credit reporting agencies ensure 100 % accuracy in reported information."
11462,"I am writing to convey my ongoing concern regarding erroneous late payment entries on my credit report. Despite multiple requests for resolution, this issue remains uncorrected. 
I want to stress that these late payment entries are inaccurately recorded, and I have provided substantial evidence confirming my consistent and timely payments to XXXX XXXX XXXX XXXXXXXX XXXX XXXX and XXXX XXXX XXXX XXXXXXXX. Despite my previous attempts to rectify this matter and the supporting documentation I have submitted, the incorrect late payment entries continue to appear on my credit report. I kindly request that you take the necessary steps to rectify and remove these inaccurate late payment entries from my credit report. Please ensure that these accounts are corrected."
11463,"In accordance with the Fair Credit Reporting act. The List of accounts below has violated my federally protected consumer rights to privacy and confidentiality under 15 USC 1681. 

Account Name : XXXX XXXXXXXX Account Number : XXXX XXXXXXXX Account Name : XXXX XXXX Account Number : XXXX XXXXXXXX Account Name : XXXX XXXX  Account Number : XXXX XXXX 15 U.S.C 1681 section 602 A. States I have the right to privacy. 

15 U.S.C 1681 section 604 A Section 2 : It also states a consumer reporting agency can not furnish a account without my written instructions 15 U.S.C 1681c. ( a ) ( 5 ) Section States : no consumer reporting agency may make any consumer report containing any of the following items of information Any other adverse item of information, other than records of convictions of crimes which antedates the report by more than XXXX years. 

15 U.S.C 1681s-2 ( A ) ( 1 ) A person shall not furnish any information relating to a consumer to any consumer reporting agency of the person knows or has reasonable cause to believe that the information is inaccurate."
11464,"USAA Federal Savings Bank failed to prevent my account from being taken over and caused a check not authorized by me to be deposited. They permitted XXXX transactions totaling XXXX to occur in my account and stated that they investigated and quickly determined the fraud was me, they specifically said I committed fraud and Im failing to see how I am benefiting from this in any way. They have hung up, been rude and on numerous occasions told me the same phrase the conversation is not productive when they dislike a question that requires and intelligent answer. I am XXXX of thousands of victims of USAAs inability to protect their members and rather than disclose or fix their deficiencies they are passing those costs and then some onto banking customers. I am formally requesting that under the debit card ach protection laws I am demanding my money be returned at which time I will close my account with USAA and call that relationship a 15 year horrible experience. Over XXXX people have been victims of this exact fraud and been told it was them, I reported to USAA through my research I was told by USAA to do that the information I submitted was not only relevant but could only be deemed as a threat from USAA to dismiss and make me not report that credit/debit cards with names, addresses, emails and phone numbers were being leaked on multiple telegram channels and they advised that my name would be on the report for submitting it to the Abuse email for USAA to report fraud that I uncovered. This level of criminality is directly linked to the employees who were indicted in XXXX of 2024 that USAA refuses to acknowledge is a wider issue within the company."
11465,"To whom it may concern, I obtain a copy of my credit report and notice there as collection accounts that I have no knowledge of : Afini Inc, and XXXX XXXX XXXX. I did not have or requested any credit from these companies. I reach out to them and still they failed to send me verification of any documents bearing my signature."
11466,"Received letter from Wells Fargo thanking me for opening a credit card account with them. The letter also included a copy of my XXXX credit score. 

However-at no such time in the past nor present have I ever requested and/or applied for a Wells Fargo credit card."
11467,"This is a follow up to complaint : XXXX The servicing company GMFS customer service has been extremely unhelpful throughout this process. My husband and I are trying to payoff his parents mortgage which is held by XXXX XXXX and serviced by GMFS. Every time we call we are getting the run around and not any guidance or ways to help. We were able to resubmit the wire since XXXX withdrew the wire due to lack of all of the information. My husband resubmitted the wire and got confirmation that it was accepted. He then called GMFS to confirm receipt and they said it could be 24-48 hours to give us any information as to if they even received the {$57000.00} in payoff. I am so frustrated with not having anyone truly help us confirm anything. 
After my calls on XX/XX/XXXX inquiring and looking for guidance which I got some rude customer service rep for the 4th time, I received a text from a XXXX which is an Arizona number right after the customer service rep ended our call. She text the words "" XXXX XXXX XXXX and when I responded pretended to not know who this was. I can confirm the call center from GMFS is in Arizona. I am attaching the text and also all of the other information to the original complaint. The woman the I spoke to that I think was the name XXXX or XXXX. She would not give me her NMLS ID or last name."
11468,"BEING A VICTIM OF AN IDENTITY THEFT, I HAVE COMPLETED MY IDENTITY THEFT REPORT AND I HAVE ALSO CONTACTED WELLS FARGO FRAUD TEAM AT XXXX XXXX AND SPOKE WITH XXXX   AND I HAVE OPENED A FRAUD CLIAM WITH THEM AS WELL. THIS SECURED CREDIT CARD WAS OPENED FRAUDULENTLY, THIS ACCOUNT WAS NEVER MAINTAINED BY ME ITS A CLOSED CREDIT CARD WITH XXXX BALANCE. SOMEONE STOLE MY INFORMATION AND OPENED A FRAUDULENT SECURED CREDIT CARD. I HAVE ALSO MAILED MY IDENTITY HTEFT REPORT TO XXXX AND TO WELLS FARGO TO HAVE THIS ACCOUNT REMOVED FROM MY CREDIT REPORT."
11469,"XXXX, XXXX, and XXXX was notified and a police report was submitted stating I was a victim of identity theft, XXXX XXXX XXXX {$47000.00} for a vehicle, XXXX, {$300.00} Capital one in the amount t of {$740.00} was also notified. these items are still on my credit report."
11470,"USA Service Finance, LLC engaged in predatory and deceptive practices during the time at which I was allegedly one of their customers. USA Service Finance, LLC is attempting to collect an alleged debt outside of the terms of the alleged agreement, as it pertains to interest rate, and has been unable to furnish this alleged agreement between myself and their subpar organization. USA Service Finance , LLC is also in violation of regulation V, which implements the Fair Credit Reporting Act, because it never established, reviewed, or updated any written policies or procedures regarding the accuracy and integrity of the consumer information it furnished to consumer reporting agencies. USA Service Finance , LLC, has also attempted to re-age the alleged debt by superseding the alleged originating date of delinquency by reporting a closed date of a mere three years ago. Lastly, USA Service Finance , LLC has failed to provide me written notice of my right to dispute."
11471,"I am filing a complaint against Cash App ( block, Inc. ) due to inadequate customer service and unfair practices violating the Consumer Financial Protection Act ( CFPA ). Specifically, Cash App failed to take timely and effective measures to prevent and address fraud on their platform, leaving my account vulnerable and unprotected.

Furthermore, their dispute resolution process was unfair and deceptive, as they did not. comply with error resolution requirements under the Electronic Fund Transfer Act ( EFTA ) and Regulation E. These actions have caused significant inconvenience and financial loss, and I seek appropriate redress for these violations."
11472,Chase debited my account for a check I did not cash or deposit at Chase. They are unable to provide proof of disbursement. This appears to be a teller or posting error I went to cash my check to a chase branch on XX/XX/XXXX. I handed the teller my check and she ran it through the system. She stated since my account is negative then she can not cash it. She gave me the check back and told me I could cash it at XXXX XXXX. I went to the XXXX XXXX down the street and cashed check no problem. Then 2 days later my chase savings account is saying a negative XXXX for insufficient funds from the check I never cashed with chase.
11473,"I am writing to formally file a complaint regarding multiple overdraft fees applied to my account, these fees were assessed despire having sufficient funds available at the time the transaction was authorized. however, due to delayed posting of charges and credits, I was unfairly charged overdraft fees. this issue appears consistent with recent findings by CFPB which identifies similar practices by navy federal credit union, where transaction settled with insufficient balances despite initially having adequate funds. I believe these practices are deceptive and unfair"
11474,"On XXXX, I submitted a request to block items on my consumer report as I am a victim of identity theft. This was not a dispute, however, the FCRA has chosen to forgo Federal regulation and apply their company policy to treat this as a dispute. In fact, when I called them, they stated that their policy supersedes Federal law ( which states ) ( a ) Block A consumer reporting agency should block the reporting of any information in the file of a consumer that the consumer identifies as information that resulted from alleged identity theft, not later than 4 business days after the date receipt by such agency of- ( 1 ) appropriate proof of the identity of the consumer ; ( 2 ) a copy of an identity theft report, ( 3 ) the identification of such information by the consumer, and ( 4 ) a statement by the consumer that the information is not information relating to any transaction by the consumer. I submitted proof that my social security number, fingerprints, birthdate, addresses, and other identifying information were affected by the XXXX OPM data breach as well as XXXX 's XXXX data breach. I submitted all the required documents per 15usc1681c and yet the CRA has failed to block this information and it has been over 4 days. Again, this is NOT A DISPUTE. 

XXXX XXXX XXXX XXXX XXXX, CA XXXX XX/XX/XXXX XXXX XXXX XXXX XXXX XXXX XXXX, CA XXXXXXXX XXXX XXXX XXXXXXXX Balance : {$0.00} XXXX XXXX XXXX XXXX Balance : {$0.00} XXXX XXXX Bankruptcy Reference # : XXXX Date Filed/Reported : XX/XX/XXXXXXXX XXXX XXXX Bankruptcy Reference # : XXXX Date Filed/Reported : XX/XX/XXXX"
11475,"In XXXX of 2026, I placed an order for a XXXX XXXX XXXX XXXX lease based on advertised terms showing {$4000.00} due at signing. I paid a {$250.00} non-refundable order fee at the time of ordering. Upon submitting my credit application, I was approved for a lease but not for the advertised terms. I was required to put {$10000.00} due at signing, a 147 % difference from what was advertised. I was not informed prior to paying the order fee that the advertised terms were subject to such a significant variance. I did not cancel my order. XXXX was unable to fulfill the terms under which the order was made. I contacted XXXX support on XX/XX/XXXX requesting a refund of the {$250.00} order fee on the basis that the advertised product was not available to me. XXXX refused to refund the fee, stating the website terms are "" only an estimate '' and that I was "" subject to approval from the bank. '' XXXX did not respond to my follow-up messages. I have since filed a complaint with the North Carolina Attorney General 's Office. XXXX has now sent an automated cancellation notice for XX/XX/XXXX without ever resolving the dispute. I am not voluntarily cancelling as the cancellation is being triggered because XXXX can not fulfill the terms I ordered under. I am requesting a full refund of the {$250.00} order fee."
11476,I spoke with a loan officer named XXXX XXXX XXXX id # XXXX he told me that an XXXX was received on my loan and an appraisal was not required to complete the process. During the loan process this information changed with no explanation as to why. When I finally received an explanation he came back with he was told I needed 2 acceptable XXXX. I did research and this is not a requirement of the Frank.Dodd act. I asked who was going to be responsible for this fee since it was not disclosed to me up front on my loan estimate. I was told it could be added to my loan.. This is a violation of Tila-Respa laws . It is not fair lending practices to tell the consumer one thing then change without a good reason
11477,"I am writing to formally express my concerns regarding Zelles handling of disputes, particularly in light of the recent cfpb lawsuits highlights significant issues. Despite using zelle numerous times and reporting discrepancies, my financial institution and zelle failed to investigate my claims adequately. They informed me that recovering lost funds was impossible and that tracking these transactions was unfeasible. The CFPB findings indicate that zelle has not only neglected to protect consumers but also allowed repeat offenders to exploit the system leaving users vulnerable to scam."
11478,"I transferred {$22000.00} from my XXXX account to my Wells Fargo account Friday almost XXXX. My wifes car is breaking down and she found a new one. I called XXXX and confirmed that wells received it around XXXX and we went to dealership. Along way I checked wells account and not there. Waited till dealers closed last night now its still not there. Its now been over 26 hours. On phone with wells and XXXX all morning. Wells kept me on hold for an hour then hung up on me, the XXXX from wells said they have no record of it nor would he provide a case or inquiry number. He also refused to transfer me to a manager. XXXX at least answered but wont even provide a confirmation number on transfer. Where is my {$22000.00}? My wifes car is almost dead"
11479,"I sold a car on XXXX. Received payment through cashiers check for {$2500.00}. I deposited the check through the mobile application on Monday XX/XX/20 and the funds all cleared within 36hours. Shortly after the funds cleared and I began to close the sale, the buyer called to back out of the sale citing family turmoil XX/XX/20. I was pressured into sending the funds via XXXX/XXXX XXXX. I didnt think anything about it because my bank cleared the funds. I made three transfers on Wednesday the XXXX : 1. XXXX {$500.00}, 2. XXXX {$1500.00}, 3. XXXX {$500.00}. After I returned the money, my checking account reflected the normal amount before the check had been deposited. Thursday the XXXX I went to buy food and my debit card was declined. I called the bank and was notified that the check I deposited was reported stolen and that the funds would be replaced. On Friday XX/XX/XXXX, my direct deposit from work came in and my account was still negative. I called Citibank and they notified me that I would be responsible for the fraudulent funds I transferred out and that they are not responsible for any checks deposited. I argued that I did not know that the check was fraudulent and that the funds cleared in my account. Furthermore, I would not have authorized the transfers through XXXX/XXXX  had I known that the funds were fraudulent. I spoke to several supervisors and they all told me that because I authorized the transfers from my account that I was solely responsible for the fraud and that they would not be able to credit my account for the stolen funds. They said that the check was cleared at first in good faith, and only after the return transfers were made was when the check was flagged as stolen. I am left to assume the risk and liability of the entire thing. I filed a police report and also contacted the federal trade commission."
11480,"On XX/XX/2022 I sent a certified, return receipt requested cease and desist letter to Portfolio Recovery regarding this debt which falls into the Statue of Limitations of owing this debt. I received the notification that the letter had been received on XX/XX/2022. The debt is over seven years old. I receive a phone call every day from this company."
11481,"Since XX/XX/XXXX I haven't been able to cancel any XXXX orders. This results in those funds being reserved to cover the pending future orders, which will likely never get filled. In the past I had no problem canceling these orders and it's a common process. I attempted to reach the company via their support channel, but no response. 

The message in the little red flag that pops up is : "" The provided account is restricted and can not perform this action '' but my account is NOT restricted. I can trade and withdraw without a problem. I am not the only one affected by this issue and it is costing me thousands in missed opportunities. I can't imagine how much money Gemini has locked up in fake account restrictions because I've found this exact situation described by others online but no evidence of any resolution. 

The total funds being held XXXX : {$3200.00}. I imagine other 's are much worse off."
11482,"Request for Removal of Inaccurate Information/Late Payments And Bankruptcy and Reimbursement For Damages Under 15 USC 1681 ( d ) ( 1 ) ( 2 ) ( a ) i ) I hope this message finds you well. I am writing to formally request the removal of all late transactions and any bankruptcies ( its been over 10 years for bankruptcy ) as they are in violation of the Fair Credit Reporting Act, specifically 15 USC 1681 ( d ) ( 1 ) ( 2 ) ( a ) i ) As stipulated by the law, transaction are not supposed to be on your credit report.

Additionally, I would like to request reimbursement for any damages incurred as a result of this error. It is important to me that my credit report accurately reflects my financial history, and I believe that this mistake has caused undue harm. 

Please confirm receipt of this request and provide an update on the status of my credit report and the reimbursement process. 

Thank you for your attention to this matter."
11483,""" Granted '' a HELOC from CITIBank in XX/XX/XXXX, interest only for 10 years, ballooned in XX/XX/XXXX, started "" Loan Modification '' in XX/XX/XXXX. After sending in the same information over and over again, requesting information not necessary, finally made it to Underwriting for the second time only to be denied a "" Loan Modification '', they now have me over {$18000.00} past due and was told to bring my account current or do a short sale! I was "" Granted '' this loan with a picture of my property taken out of a car window in the dead of winter and I spoke with NO ONE regarding questions on the house, if they would have spoken to me they would know that it was started in XX/XX/XXXX, added on to 5 times, has no conforming sewer and a sandpoint for water, thus I was told that I have too much equity to qualify for a loan modification!"
11484,"I settled this account back on XX/XX/XXXX however, XXXX has failed to update my credit report after 2 months to show a {$0.00} balance is owed. 

I received a confirmation that my settlement was processed successfully by XXXX XXXX XXXX payment service. 

See below. 

From : XXXX Date : Mon, XX/XX/XXXX at XXXX AM Subject : Payment Confirmation To : XXXX Dear XXXX, XXXX, Thank you for using the XXXX XXXXXXXX XXXX XXXX XXXX. This is to confirm your authorization, on XXXX XXXX at XXXX, for electronic debit from your funding account payable to XXXX XXXX XXXX. The following account ( XXXX ) will be paid, in the total amount of {$4900.00}. 

Account Number : XXXX Confirmation Number : XXXX Effective Date : XXXX XXXX Payment Amount : {$4900.00} The payment will be completed on effective date or shortly thereafter. 

Thank You, XXXX XXXX XXXX RIGHT TO REFUND "" If you, the customer, are a resident of California, you are entitled to a refund of the money to be transmitted as the result of this agreement if XXXX XXXX XXXX XXXX does not forward the money received from you within 10 days of the date of its receipt, or does not give instructions committing an equivalent amount of money to the person designated by you within 10 days of the date of the receipt of the funds from you unless otherwise instructed by you. If your instructions as to when the moneys shall be forwarded or transmitted are not complied with and the money has not yet been forwarded or transmitted, you have a right to a refund of your money. If you want a refund, you must mail or deliver your written request to XXXX XXXX XXXX.* at XXXX XXXX XXXX XXXX XXXX XXXX XXXX XXXX. If you do not receive your refund, you may be entitled to your money back plus a penalty of up to {$1000.00} and attorney 's fees pursuant to Section 2102 of the California Financial Code. '' * XXXX XXXX XXXX XXXX is a third party vendor facilitating the money transfer on behalf of your service provider."
11485,"I have been trying for two days to withdraw funds from my Blockchain.com account. There app indicates that ACH functionality isnt working and to try another way. The other way doesnt work either. After waiting on hold for a chat representative for nearly an hour, XXXX informed me of the known error and that theyre working to fix it but theres no eta and try back later. This is unacceptable. A financial institution should not be allowed to hold funds hostage."
11486,"XXXX XXXX deposited {$5000.00} check on XX/XX/XXXX. Everything was cleared until a year later It was on XX/XX/XXXX I got a negative balance posted on my account and my payroll was taken out too. Without giving me a notice instead took all everything that I had. It kinda sad but nothing I could do. So I immediately contacted the bank went to the branch seeking for help several times but no one could solve this problem. I am asking you to please help me out and solve this as soon as possible. 

Thank you for your help"
11487,ON XX/XX/2021 I SENT SOUTHWEST CREDIT A LETTER OF VALIDATION FOR A DEBT OWED. I SPECIFICALLY ASKED THIS COMPANY TO PLEASE SEND ME A CONTRACT BETWEEN MYSELF AND THEM AS A CONSUMER. I ALSO THEM FOR THE FOLLOWING What the money you say I owe is for : Explain and show me how you calculated what you say I owe : Provide me with copies of any papers that show I agreed to pay what you say I owe Provide a verification or copy of any judgment if applicable : Identify the original creditor Prove the Statute of Limitations has not expired on this account Show me the you are licensed to collect in my state Provide me with your license numbers and Registered Agent or Agent of Service : THIS COMPANY PROCEEDED TO SEND ME A COPY OF A BILLING STATEMENT. A BILLING STATEMENT IS NOT A FORM OF VALIDATION NOR IS IT A BINDING CONTRACT.
11488,On Saturday XX/XX/XXXX at XXXX i sent {$99.00} to XXXX XXXX. After sending the remittance it wasn't delivered. Right away i contacted the company Nala to resolve the issue. They kept promising me they will work on revolving the issue and deliver the funds but they kept holding the funds with out delivering it. Continued to be patient waiting several mins hours days yet nothing from the company regarding where my money went and why its was not beign delivered. They recipient needed the money urgently and I made that clear to them. This is not the first time this has occurred.
11489,"This image shows a report from XXXX XXXX for a closed student loan with XXXX XXXX XXXX. Here are the key details : - * * Status * * : Closed - * * Balance * * : {$0.00} - * * Highest Balance * * : {$2700.00} - * * Reported Date * * : XX/XX/XXXX - * * Opened Date * * : XX/XX/XXXX - * * Term * * : No information provided - * * Payment Made * * : 40 % of payments for the account year XXXX This suggests the loan was fully paid off by the date of the report. 

XXXX XXXX XXXX XXXX department of education sold my information to a collection agency, now I have XXXX reports showing on my credit from this company. 


Which goes against Fair Credit Reporting Act ( XXXX  ) * * : Protects consumers from inaccurate or unfair credit reporting. 
- * * Fair Debt Collection Practices Act ( XXXX  ) * * : Protects consumers from abusive debt collection practices. 
- * * Truth in Lending Act ( XXXX ) * * : Ensures transparency of credit terms."
11490,"I use a app called  XXXX . Where I can pay myself early then it comes out of my check when I get paid again.  X/XX/2017    I was paid. It 's my bank, Bank of America that is the issue. They are not sending  XXXX  my recent transactions. I have already sent  XXXX  my timesheet, that was yesterday  XX/XX/XXXX   . Once I send them my time sheet then they let me take out {$100.00}. But for some reason Bank of America is not sending them my information in a timely manner, which is causing delay for my money being put into my account."
11491,I applied for a personal loan with Wells Fargo on XX/XX/XXXX. I was pre-approved so I proceeded with the application process. Wells Fargo sent me a notice to upload my XXXX XXXX & most current paystub. While uploading that info I accidently up loaded other tax documents that was I was not asked to send. I tried to cancel but it did not work. I called to speak with a loan specialist and was treated very unfairly. This lady was way out of line. She told me she was going to call my employer about my tax write offs. This is none of her business nor the my employers. I called to complain about the incident and the way I was treated and was assured that it would be handled and she would not be handling my loan request. Well she called my employer and my loan was denied based on the info that she shouldn't have even received. They deducted last years tax deductions from this years salary. How is this fair? My situation is different this year. I'm so embarrassed now that all my co workers no my financial situation and how can they base their decision on something that was not even required to obtain the loan. I have had this account for years and I am currently looking for somewhere new to bank. Shame on Wells Fargo for treating my like this. I have been humiliated and treated like a criminal or something.
11492,"Honestly, I don't even care if Barclay 's responds back this time. After the whole XXXX  before where they lowered my credit limit for some garbage reasons, they did it ago and in the 7 years I've been a faithful customer, I have gone from a {$2500.00} credit limit, down to {$500.00} when I just logged into their portal. Have nothing positive to say about Barclay 's. Honestly, CFPB, I wish the Fed Govt would just pull their operating license in the US. They don't deserve to have US consumers as customers. I could care less if they responded to this or not because their answer, or excuse, would be meaningless. They can claim validity all they want in what they are doing, but I have credit cards with XXXX XXXX XXXX, XXXX, XXXX XXXX XXXX and XXXX, and not one of those other companies has done this XXXX. 

They are complete garbage! And I hope JetBlue pulls their branded credit card from them and gives it to a XXXX. Honestly, JetBlue customers would be much better off."
11493,"In accordance with the Fair Credit Reporting Act, the List of accounts below has violated my federally protected consumer rights to privacy and confidentiality under 15 USC 1681. 

XXXX XXXX  Bankruptcy XXXXXXXX XXXX XXXX Bankruptcy XXXX, ( Original Creditor : XXXX ) XXXXXXXX XXXX XXXX XXXXXXXXXXXX XXXX XXXXXXXX XXXX XXXXXXXXXXXX XXXX XXXX XXXX XXXXXXXXXXXX XXXX XXXX XXXXXXXX 15 U.S.C 1681 section 602 A. States I have the right to privacy.

15 U.S.C 1681 Section 604 A Section 2 : It also states a consumer reporting agency can not furnish an account without my written instructions.

15 U.S.C 1681c. ( a ) ( 5 ) Section States : no consumer reporting agency may make any consumer report containing any of the following items of information and other adverse item of information, other than records of convictions of crimes which antedates the report by more than seven years.

15 U.S.C 1681s-2 ( A ) ( 1 ) A person shall not furnish any information relating to a consumer to any consumer reporting agency if the person who knows or has reasonable cause to believe that the information is inaccurate."
11494,"filed s previous complaint # XXXX Shellpoint Mortgage Serviving. 
Shellpoint responded explaining what they could do and how shellpoint sent me an authorization to sign then they responded laying out what they would do. 
They did nothing the credit agencies reported for XXXX day and removedany thing to do with Shellpoint. Shellpoint is messing with our lives ourcredit reports this is causing a rollercoaster with our creditscores."
11495,"I received a mail from Citi that on XX/XX/2022, Citi bank closed all my accounts without providing any reason. Not long after, I called the number that was provided in the notification trying to understand why and maybe fix the issue. The Citi bank representative couldn't provide any reason, the decision is permanent and said another mail explaining why will be sent to you in XXXX days. But i haven't received anything since. I also ask when I can have my money back as I have {$75000.00} in the Citi Priority saving account. The representative didn't have an answer either. I have also tried to log into my account, but Citi has blocked my access, so I can not view or access everything such as bank statements. 
Now I am wondering if Citi is going to return my deposit back to me. It is a lot of money and it is my money."
11496,"Today XX/XX/16 I received a call from a person identifying themselves as Jefferson Capital representative. 

He asked if I was XXXX XXXX and I replied yes. She immediately went into giving me the mini XXXX and then proceeded to disclose a debt with XXXX XXXX. 

I then stopped him and advised him that he had not completely verified me to disclose a debt being owed. I advised that he was violating FDCPA. There are multiple XXXX XXXX 's in my area. I asked for his XXXX 

The XXXX gave the name of XXXX. He then did the same thing. When I advised him this was a violation and that I am a XXXX at a XXXX XXXX, he advised he did not think it was a violation. He advised if I told him I was not the correct person by a name, then they would obtain information like a social I let him know that he just disclosed a debt and verification would not have been completed by just a name. I told him there was nothing else to discuss and I would be reaching out to take this legal. He then stayed on the phone in the background as I was discussing this with a friend and contacting my legal department. 

It was not until I advised him he needed to end the call as there was nothing else to discuss again that he actually hung up."
11497,"Failure of XXXX, TransUnion, and XXXX to block information under 15 U.S.C. 1681c-2 ( a ) I am writing to bring to your urgent attention, a matter concerning the NON-COMPLIANCE of XXXX, TransUnion, and XXXX with

the provisions set forth in 15 U.S.C. 1681c-2 ( a ), which mandates the blocking of information upon notification within four ( 4 ) business days. Regarding the following ID Complaint Numbers, as stated in my earlier email to the
Consumer Financial Protection Bureau on XX/XX/year> ID-Complaint Number : XXXX ID-Complaint Number : XXXX ID-Complaint Number : XXXX I notified the aforementioned credit reporting agencies of erroneous information that requires blocking under the aforementioned statute. Despite this notification, the agencies have failed to adhere to the statutory timeline and have not blocked the disputed information. 

I thus ask the Consumer Financial Protection Bureau to step in right away to guarantee that my rights under the Fair Credit Reporting Act are upheld since XXXX, TransUnion, and XXXX have seriously damaged my finances and reputation by failing to comply with federal law. 

I kindly request prompt action by the Consumer Financial Protection Bureau to investigate this matter thoroughly and to enforce compliance with 15 U.S.C. 1681c-2 ( a ) by XXXX, TransUnion, and XXXX. 

My Next action is Legal Ramification against the CFPB as well as all the Credit Reporting Agencies that continues to violate my Consumer protection Rights. 

Thank you for your prompt attention to this matter."
11498,"I defaulted on my student loans, but paid them off with the Department of Education in XXXX. 

As a side note, after I paid the balance showed as owed, I had to go back and pay 3 more times, because they kept charging more money. The final payment I made was this month in the amount of {$1.00} to make sure it was paid as they added another charge for less than a dollar.

There are now 4 references to the same loan. I tried to get the XXXX and XXXX accounts removed as duplicates and I can not get the credit bureaus to delete them to reflect only 2 accounts with the Department of Education.

The duplicated accounts have dragged my scores down much further than they should and because of this we are stuck living in a hotel with XXXX  young children because we can not qualify to rent anywhere or get a mortgage.

I paid to these, they should only be referenced for the paid accounts. I need them to remove these duplicates immediately.

This is double damage/double jeopardy and I should not have to pay an agency to fix this, they should remove it to reflect only the 1 debt, not multiple."
11499,On XX/XX/XXXX my cash app account was suspended because of unusual activity at that time they gave me an option to transfer my money to a external bank account which I dont have so I had to used my close relative shilyn XXXX XXXX  account ( XXXX  ) so we could transferred the money instantly on XX/XX/XXXX at XXXX XXXX  with an amount of {$600.00} but unfortunately the transaction has not been instantly and has not arrived to the external bank ( XXXX  ) I call cash app numerous times as well did XXXX XXXX called XXXX  numerous times but they can only offer limited help cash app have gave me the retrieval reference number to provide chime but wasnt any help at all as chime failed to locate the deposit is has been 3-5 business days and still no money has arrived please help
11500,"First, I would like to comment, I have been filing complaints since XX/XX/XXXX Complaint Number : XXXX. S.P.S. is totally disregarding all complaints and NOT ANSWERING, my concerns. The last complaint was closed out with, CALL OUR FORECLOSURE LAWYER. This kind of behavior is UNNACCEPTABLE, S.P.S. seems to not understand the complaint, or choose not to, and we let these companies take hard working people 's homes from them? Complaint 1, Why did you S.P.S. close out the account in XX/XX/XXXX, with the Credit Reporting Agency, XXXX, as, DEED IN LIEU OF / BANK LIQUIDATION. ( see attached photos ). Complaint 2, I had the Attorney Generals office of XXXX XXXX, fax over to S.P.S. ALL of my financials and you S.P.S.  do not even acknowledge getting them other than in the last answer to my complaint you stated that they were not ledgeable. Impossible as they were mailed out to the Atty General 's office and then you, S.P.S. NEVER NOTIFIED ME, that you got them nor requested additional copies as YOU, S.P.S. had no intentions on working this issue. Oh, I did call YOUR LAWYER, S.P.S. and they told me that YOU, S.P.S. tell your customers ALL THE TIME TO CALL XXXX and XXXX, I did speak to them this morning, XX/XX/XXXX."
11501,"I submitted a request to coinbase on XX/XX/XXXX at XXXX stating that my account may have been compromised because I did not recognize a CC that was associated to my account. Literally 3 minutes later at XXXX on XX/XX/XXXX I emailed and stated that I remembered the account was a disposable credit card that I tried to link to get the funds off of. I did/do not have access to see transaction details for the card because it's just a prepaid cc so I was unable to see deposits to the card to verify it. 

Coinbase then locked my account. I emailed them multiple times trying to get my account unloacked. I have not received any response from them in over two and a half weeks. I emailed them on XX/XX/XXXX, XXXX, XXXX, XXXX, XXXX, XXXX, XXXX and the XXXX. I have received no response. I have contacted they're telephone support number and they continue to tell me that there is nothing they can do. They will not provide any means in which to contact the department that is responsible for unlocking my account. 

They are holding my money hostage, I am unable to access my funds and they are doing nothing to help me."
11502,"I had made investment through Crypto.com to another trading company under the name Liquid.com that I had downloaded from the XXXX XXXX  XXXX  to invest in trading of XXXX coins. After I had transferred my investment of over {$140000.00} dollars from my bank to Crypto.com receiving bank, the fund was transferred to XXXX to trade in XXXX. However after I had made profit amount to a total of {$210000.00} dollars including principal, I was asked to deposit my federal tax withholding of XXXX dollars before I can withdraw my investment. This amount was paid via Crypto.com transfer to XXXX and my total investment was approved to withdraw but must queue in line because of a vast backlog of withdrawal request. XXXX  is claiming a wait period of 5 to 6 months. However as of today this XXXX website is under maintenance and did not respond to any request, furthermore the XXXX XXXX XXXX has removed the download of this XXXX XXXX who claims they are the offshore trading website but working with Crypto.com to facilitate trading. My bank transfer the funds to Crypto.com receiving bank in XXXX XXXX and then transferred to XXXX."
11503,"IDENTITY THEFT A COLLECTION COMPANY SOUTHWEST CREDIT SYSTEM HAS FASLEY REPORTED A DEBT THAT DOES NOT BELONG TO ME COMPANY NAME XXXX XXXX XXXX I NEVER OPEN THE ACCOUNT THAT REPORTS TO ALL 3 CREDIT COMPANYS,"
11504,"Some time in XXXX, I received XXXX fees totaling {$70.00} ( {$35.00} for initial overdraft, then 5 days later an additional {$35.00} ). Upon learning of these fees, I went into my local branch to get clarification on fees process. I requested to terminate overdraft protection on my account and I was told it was done. Sometime in XXXX I received additional {$70.00} for the same reasons mentioned above. on XXXX I contacted the bank for the second time and was informed that the changes I requested were n't made when I initially requested them."
11505,"I am a XXXX assisting a client with a modification. There are XXXX issues that are complicating the modification process stemming from new company/servicer procedures at Chase. First : The rep I have been dealing with has been very courteous and informative ; however, due to the "" new company policy '' the direct phone extensions have been XXXX and other reps who answer my call are no longer allowed to transfer me to the case rep. which is making things very difficult as I have to explain the situation to multiple people ; many who are not as trained as well. This is a new procedure that has just taken effect over the last 2 weeks. Second : Although we have used the XXXX Loan Portal in the past when dealing with Chase, none of the reps in the modification department seem to know how to access those documents and I have had to resort back to faxing them in."
11506,"I am writing to formally dispute the following account that is being reported on my credit file I do not recognize this account and I did not open it. I believe this account is the result of identity theft or fraudulent activity.Under the Fair Credit Reporting Act ( FCRA ), I am requesting that you Conduct a full investigation of this account and provide verification that this account was legally opened by me. If you can not provide proof that this account belongs to me, I demand that it be permanently deleted from my credit report immediately. I also request that you block this information from my credit file as inaccurate under Section 605B of the FCRA, as this is a result of identity theft. Please confirm in writing once this account has been removed or corrected."
11507,"Got about twenty calls over a two day period from an unmarked number. No messages left. on fourth day My wife received a call then my sisters ( two ) both have received numerous calls from unkown number. All three were left messages by a person named XXXX XXXX inquiring about me and a payday loan with advance america. I called the number he provided and asked him to please stop calling anyone other than myself regarding this matter. I told him I generally never pick up unknown numbers. I aksed for details, regarding the debt he stated I owed in writing. It has been over a week and my wife and sister have repeatdy been getting multiplecalls every day for the last week. With an aditinal XXXX from the caller. 
This is harrasing behavior and he is speaking to other parties ( in voicemails ) regarding this matter. He would have to have searhced for the additional information online as both my sister do not have public phone numbers."
11508,"I am unable to pay this loan because Navient/Salliemae is expecting me to pay over {$900.00} a month. They also stated that I used up all my Forbearance. I've been in contact with them since XX/XX/XXXX and although knowing about me and my co-signers financial/medical circumstances they keep saying that they have no programs to help make my payments flexible. 

I spoke to a supervisor on the phone and they told me to just pay what I can on the website. So I was able to pay {$50.00} on XX/XX/XXXX. However, Navient continues to use random numbers to call me expecting payments when they know that I am unable to pay over {$900.00} a month. They also have information showing that I did pay something in XX/XX/XXXX, however, they still threaten to send my account to collections. 

Here are the numbers they keep calling me with : XXXX TX, XXXX XXXX IN, XXXX When they call I know it's them because it's the only number that doesn't leave voice messages. They call me at least twice a day. When I answer and give them the same reason why I am unable to pay they push the calls out for another seven days."
11509,"I was a Capital One Platinum cardholder. On or about XXXX XXXX, Capital One offered me an upgrade to the XXXX card, which included a promotion : earn XXXX miles after spending {$500.00} in the first three months and some other cards with their benefits. I accepted the upgrade based on these terms. 

After completing the upgrade, and since 3 months have passed I contacted the bank today ( XX/XX/scrub>XXXX XXXX XXXX  ), Capital One informed me that I am not eligible for the bonus because I am not a new customer. At no point in the offer was it disclosed that existing customers were excluded from this promotion. 

I contacted customer service about this issue. The agent who assisted me was XXXX ( XXXX ), and I later spoke with the supervisor XXXX. Both informed me that the bonus could not be applied. 

I requested that Capital One honor the XXXX promotional bonus as advertised on their website, but the customer service representative denied my request. I am submitting this complaint to request that Capital One apply the bonus or provide documentation showing that existing customers were explicitly excluded in the offer."
11510,"Consumer Name : [ XXXX, XXXX ], Consumer Social Security Number : [ XXXX ], Consumer Date of Birth : [ XX/XX/scrub>XX/XX/XXXX ] Urgent Demand for Immediate Correction of Inaccurate Reporting : Upon reviewing my Consumer Reports, I was enraged to find egregious inaccuracies regarding alleged late payments on an account where I have ALWAYS made punctual payments. Under the Fair Credit Reporting Act ( FCRA ), Consumer Reporting Agencies are REQUIRED BY LAW to ensure the HIGHEST degree of accuracy in reporting consumer information. I have NEVER missed a payment on the following account : XXXX, XXXX XXXX XXXX XXXX XXXX  XXXX XXXX XXXX XXXX XXXX XXXX I DEMAND an IMMEDIATE and THOROUGH investigation into these blatant discrepancies within FOUR DAYS, as mandated by the FCRA. You are REQUIRED to provide undeniable evidence, such as detailed account statements, substantiating the alleged lateness of these payments. FAILURE to furnish such proof within the specified 4-day timeframe will lead to my INSISTENCE that these payments be corrected to reflect their accurate, ON-TIME status, in rigorous adherence to FCRA Section 611, which mandates accuracy and completeness in consumer reports. 

I have consistently met my payment obligations ON TIME and WILL NOT TOLERATE this unacceptable situation. RECTIFY THIS IMMEDIATELY."
11511,"My loans were transferred to Edfinancial. I have contacted them on multiple occasions through all communication outlets they offer over the past 3 months without any response. My account is showing an incorrect repayment plan duration of a 10 year repayment and an incorrect monthly payment due amount of over {$900.00}. I SHOULD be showing for the extended payment period- graduated loan repayment plan that I am on with monthly payment of {$340.00}. The company used to have a message that would appear on screen when you submitted an email that it would take 5 business days to respond. Now, there is no timeline provided of any kind of expectation for a response and just has an on screen message stating "" higher than normal volume ''. I have read many many different reviews sites with long lists of similar experiences, so I hope that the CFPB is either able to help this company correct these issues or that Edfinancial is shut down/not utilized for government student loan repayment. Loan repayment is difficult enough with the currently arduous process that was supposed to have been improved upon time of repayments. However, the process seems worse, and you aren't even able to reach anyone at the loan servicer to help with the more complicated process that is now in place."
11512,"I am writing regarding my credit report, which contains inaccurate and incomplete information that requires your attention. The reason for my dispute is that your agency has not provided sufficient information to verify the debt in question. XXXX and XXXX, another credit bureaus, have already removed these late payments from this account from their records due to an unidentified error. I am perplexed as to how you have verified this account while the other bureaus have updated it and the company also approved of updating the status of the account to closed never late after I talked to them on the phone. Therefore, I request that you correct this account from my credit file as it is inaccurate, erroneous, incomplete, or unverifiable. 

XXXX XXXX XXXX XXXX"
11513,World Finance responded to my complaint alleging I still indebted to them but failed to address rather the contract in question is the in fact the security. If World Finance loaned me money by federal banking laws they should have insurance under FDIC to ensure each customers account in case of default. Is World Finance a bank? If not what banking service loaned me the money you are alleging I owe so I may contact them to get proper documentation to prove this was actually a loan given to me because I have reservation that World Finance did not disclose that the contract is the security that they are using to trade which is subsequently the reason it is sold to outside companies because they then can use it for profits. World Finance stated they sold the contract to a debt collection company but I pulled their original business incorporation and they did not disclose to the state that they would be selling securities nor the debt collection company listed as a party of the business so what authority do they have to sell off my information or my business dealings with them. I have filed a complaint with the state attorneys general to look into your business practices because this is fraud and theft by conversion trying to force me to pay a debt I do not owe and using the same contract they they issued for profits without stating this would be done. If the contract isnt the security why is it sold to the debt collector.
11514,"On XX/XX/year> I attempted to contact Mr. Cooper Loans regarding an increase in my escrow and to request a review of my Private Mortgage Insurance ( PMI ) based on the increased value of my home. Despite making multiple attempts to reach a representative, I was unable to speak with anyone regarding my specific concerns. 

I placed XXXX separate calls totaling approximately XXXX minutes. Each time, I was continually rerouted by the automated customer service system through the main menu, despite repeatedly requesting to speak to a representative. My issue did not fall within the limited categories provided, and the system did not offer an option to reach a live agent for assistance. 

This process is unhelpful and misleading, as the automated system implies that selecting a category will connect the caller with a representative, yet I was never transferred to a real person. This lack of accessibility prevents customers from properly managing their loans and resolving important financial matters. I request that Mr. Cooper Loans improve their customer service system to allow direct access to representatives for unique or complex mortgage inquiries."
11515,"XX/XX/XXXX - Won an offer to purchase a home at XXXX, TX XX/XX/XXXX - Got per-qualification letter XX/XX/XXXX - Application submitted, we had only XXXX days for financial approval and end date was XXXX XXXX XX/XX/XXXX - Initial Disclosure signed XX/XX/XXXX - Required documentation uploaded, at this point Guidance Residential verified that my co-signed property which was in forbearance is exited with XXXX trial payments, Guidance agent XXXX only told me that if I can only show XXXX payments done on forbearance property, I will get loan XXXX XXXX  sure. But he didn't told me that the documentation also need to be completed and mortgage statement have to reflect that, otherwise I would not apply loan without ensuring those documents. We showed him XXXX payments and he was okay with that, no more question asked until XXXX XXXX and its too late to save my {$10000.00} earnest money. 
XX/XX/XXXX - Rate locked to XXXX XXXX which was higher than others. 
XX/XX/XXXX - Loan was conditionally approved, we still have XXXX days left to deny the loan but Guidance Residential still didn't have any issue. 
XX/XX/XXXX - Home was appraised XXXX - XXXX ordered XXXX- Guidance Residential denied the loan based on the Forbearance property documentation issue. 

The complain is, Guidance agent ensured that I will get loan only If I can show XXXX payments on the forbearance property, but they didn't tell me I need to have updated documentation and mortgage statement as proof, if they would told me that, I would not apply loan before I receive those documents. Now they denied me as I don't have those documents yet, and they did it when my financial approval period is over, and now I have to lose {$10000.00} earnest money. They deceived me. There should be a law to enforce Mortgage Lenders to deny loan within the financial approval time so that we don't lose earnest money. This happened XXXX times, please help."
11516,"To whom it may concern, Hi my name is XXXX XXXX XXXX, I really have hard time to access all my belongings and there are so many suspicious activities that stop me to do what Im doing, and I already spend 3 months since I have identity issues. My privacy and device is like a XXXX XXXX, I feel a lot of people without provide me anything just access my phone. Information changes, deleted, and XXXX keeping receiving new happenings, and by verified my identity I already spend 3 months, because some of the documents are very confusing and I also have English problems, so I was doing slow. But some of the identification I dont know why its so hard they keep verifying me over and over like play games. Then I got blocked then I have to wait, then someone access my phone then scammers came deleted and got my account password. Then I have to restarted doing everything. Then you guys dont give me enough time since I have many problems and a lot of BLOCKS make me even more slower. After I finished then there is new things came out. Those days are the most stressful and frustrating days in my life. Can you guys wait for me at least? Or send someone to help, otherwise its going to be the same. The easiest way is someone that can follow up to make sure Im doing good which the witness can know its me, and Im safe, and no one else access my information. Otherwise its became more complicated and I dont understand and cant follow up your speed! Then scammer access my phone, then you guys make another activity, then I follow, then scammer came again. Thats a infinite recycle, lets find out a new solution which can be easier, more simple, smarter instead that unlimited recycling. Thank you!"
11517,I have an account with Navy Federal that I have been trying to access for about XXXX  years. My sister reposted her check into my Navy Federal account. It was a legit check with legit money on it. The checked cleared and I purchased some hair from a vendor and then navy federal closed my account. I have not been able to get help with this since then. I still have the Navy Federal card. I still receive emails directing me to log in but I am blocked out. I have been to several branches that say that they can not help me but they see where the check was deposited and cleared. I have only been reaching the run around about this matter. I have proof that she needed to use my account to deposit the check because she did not have an account.
11518,"To Whom It May Concern, I am writing to dispute an account currently reporting on my credit report that remains inaccurate. The account in question is a collection listed by XXXX XXXX XXXX ( XXXX ). 

I previously disputed this account with XXXX. They acknowledged my dispute and submitted a request for tradeline deletion to the credit reporting agencies. Despite this, the account continues to appear on my TransUnion credit report. I am attaching XXXX  letter as proof of their deletion request. 

Under the Fair Credit Reporting Act ( FCRA ), 15 U.S.C. 1681i, TransUnion is required to investigate disputed information and ensure that any inaccurate or unverifiable information is removed from my credit file. 

Request : I request that TransUnion : Investigate this account immediately. 

Verify with XXXX that the account should be removed. 

Delete or remove the account from my credit report if it can not be verified. 

Provide me with written confirmation once the account has been removed. 

Please consider this dispute with the attached supporting documentation and take prompt action to correct my credit report. Failure to remove unverifiable information constitutes a violation of federal law."
11519,"THIS IS XXXX XXXX AND I AM DISPUTING THE ALLEGED ACCOUNT WITH UNITED CR CO. I AM REQUESTING VERIFICATION UNDER OATH OF THE NAME AND ADDRESS OF THE ORIGINAL CREDITOR FOR THIS ALLEGED DEBT. I AM INVOKING MY SPECIFIED REMEDY AS THE ORIGINAL CREDITOR AND DEMAND FOR UNITED CR CO TP STOP AND DESIST ALL COMMUNICATIONS WITH THIRD PARTIES ; XXXX, XXXX AND XXXX IMMEDIATELY."
11520,"I received a phone call several years ago in regards to "" student loan forgiveness '' I signed up because my payments would be high. The representative stated he was going to sign me up for the program and I would pay for 10 years. After 10 years of consistent payments toward my student loans, there would be a final evaluate on my earning versus my current salary. I recently reached out to my student loan provider because they asked if I would like to make early payments while I work on my XXXX. 

The woman at my student loan provider XXXX XXXX stated I was defrauded by this company. The name of the company is Equitable Acceptance. I requested the company stop taking money from me and they refused. They have been taking money each month for the last 2 years."
11521,"XXXX XXXX XXXX XXXX XXXX XXXX XXXX, OH, XXXX D.O.B- XX/XX/1982 SSN : XXXX I was denied a Checking account today at XXXX XXXX  XXXX based on false or incorrect information. I have a business and I need to open my business bank account. 
Please send me a CHEX SYSTEM REPORT ASASP! I am having an issue with opening a personal checking account and possibly an issue with opening my business checking account as well. There was a reporting in the CHEXSYSTEM database that I owed an old account that had already been resolved. Please see attached documents. I look forward to settling this error on my account."
11522,Huntington bank closed my account because of a dispute that was resolved in 2017. They would not give me a reason why they closed my account and they wont let me reopen an account with them when i don't owe them any money.
11523,"I sold my house in XXXX, both loans were paid recorders office and title office both show all loans paid and no leans on the sold property. 
My daughter and I bought a house in XXXX the one bank that the sold house had said that they did not receive any payment and had a lean on the old sold property. They told the realtor that they would over look the lean but I would have to pay the loan back that I had paid before. 
I 'm still paying the loan that I paid off in XXXX, the bank told me if I did not pay they would come after me and my family."
11524,"Midland Credit Management is reporting an alleged XXXX account on my credit reports even though they can not validate the debt and have admitted in writing through their CFPB response dated XX/XX/year> ( Case # XXXX ) that : They do NOT possess the original contract. 

They do NOT possess a complete billing history or account-level documentation. 

They rely solely on verification information provided by the seller. 
The account is marked Cease & Desist, yet they continue credit reporting.

They can not provide competent evidence of the debt as required under FDCPA 1692g ( b ).

These admissions show clear violations of : FDCPA : 1692g ( b ) : Failure to validate 1692e : False representation 1692f : Unfair practices 1692c ( c ) : Reporting despite Cease & Desist status FCRA : 1681e ( b ) : Reporting inaccurate / unverifiable information 1681i : Failure to reasonably reinvestigate 1681s-2 ( b ) : Furnisher failed to conduct a reasonable investigation XXXX Credit Reporting Standards : A debt lacking documentation can not be furnished A dispute can not be verified without original creditor records A Cease & Desist account must not be furnished Midland continues furnishing this account under paid/closed/collections status even though they can not legally verify ownership, balance accuracy, or contract terms. 

I am requesting the CFPB to investigate and require Midland to : Permanently DELETE the Midland Credit Management account from XXXX XXXX XXXX XXXX

Correct their internal validation procedures.

Provide a full explanation of how they verify debts without original creditor documentation.

I am attaching : The Midland CFPB response My force-removal letter My affidavit Copies of bureau disputes Proof of violations This account is unverifiable, invalid, and illegally furnished. 
I am requesting full deletion."
11525,"This account is fraudulent, I was involved in an Equifax data Breach where my personal information was exposed. I need this account removed within 4 business days according to FRCA 605b that must follow."
11526,"Equifax has recently announced that they have been affected by a cyber security breach that has allowed the personal information of millions of Americans fall into the wrong hands. According to a tool offered by Equifax to check who has been affected, it is likely that my own information was also included in the breach, meaning someone almost certainly has my personal information due to irresponsible safeguarding of said info by Equifax. This breach occurred only one month after my credit history began. My new credit history has no negative marks on it, and has a credit score of around XXXX, which makes my very concerned that my personal info will be considered "" valuable '' by potential identity thieves ; I feel as though my information is more susceptible to being used fraudulently. I am also concerned that whoever may have access to my information might not use it for a long period of time in order to avoid the 90 day fraud alert, as well as to wait until I, and many others, have let our guard down and may not be monitoring our credit reports as closely as we will be immediately after the breach. 

Equifax is entrusted with our most sensitive personal information, and allowing a situation to occur where the information of millions is given out to unknown, unauthorized persons is disappointing, and very frightening."
11527,"on XX/XX/XXXX i started a dispute regarding to incorrect information been report on my credit report with follow up letters on XX/XX/XXXX and XXXX/XXXX/XXXX none of my letters is been answer, no investigation have been made, these company totally ignore my request. i have submitted proof of my address and photo Id attached to my letters. please help me to resolve this matter as is really affecting my reputation and i cant buy or apply for a house. 

please see attached all the letters i sent to this company Thank you!"
11528,"Freedom mortgage initiated telephone solicitation to my phone line. I have since made multiple requests for a copy of their internal do not call policy pursuant to 47 cfr 64.1200 and to have my number added to their internal do not call list. 

I have not received confirmation of either as required by the CFR 's The underlying asset is a federally backed mortgage."
11529,American Express has been charging my credit card {$14.00} a month for the past 6 years for a product named XXXX I have a serious Identity Theft issue that has resulted in me being reported as deceased on all XXXX credit bureaus and a company with a data breach that exposed all of my personal information. I contacted XXXX who informed me to contact XXXX XXXX company to get a copy of the policy and proceed with a claim only to learn months later that my claim was denied and I still have these score of XXXX on my credit report stating that I am deceased. I 've had to retain an attorney on my own because this XXXX XXXX XXXX is deceptive and misleading and you wo n't know it until you have a claim and it covers nothing as it is advertised. American Express has charged me a total of {$1000.00} in the past 6 years and I demand all of my money back immediately. I 've called Customer Service for the past month been hung up on by supervisors and customer service representatives. I 'm trying to resolve this matter with American Express in a professional manner without civil action.
11530,"In accordance with the Fair Credit Reporting act National Credit System Account # XXXX has violated my rights.

15 U.S.C 1681 section 602 A. States I have the right to privacy.

15 U.S.C 1681 Section 604 A Section 2 : It also states a consumer reporting agency can not furnish a account without my written instructions"
11531,"I am filing this complaint regarding the failure of Wells Fargo and XXXX to process the reversal of an ACH transaction despite prior approval and compliance with all necessary procedures.

Transaction Details : Transaction Identifier : Trace # XXXX Date of Reversal Request : XX/XX/XXXX Amount : {$5600.00} Issue Summary : Delayed Reversal Approval : My bank submitted a Letter of Good Faith on XX/XX/XXXX, containing all required transaction details to facilitate the reversal. 
Despite this, Wells Fargo and XXXX have failed to process the reversal within the legally required 10-business-day timeframe, with no valid explanation provided. 
Unwarranted Requests for Personal Information : XXXX requested sensitive personal documents ( photo ID, transaction screenshots ), despite being a third party in this transaction. 
Due to security concerns, I directed my bank to handle the matter directly, yet XXXX continues to delay the reversal. 
Suspicious Third-Party Involvement ( Stripe ) : XXXX is now requiring me to upload my bank account details to XXXX, a payment processor that was not involved in the original transaction. 
Given that the funds were sent to a Wells Fargo account, this demand is highly suspicious and raises concerns of potential fraud. 
Request for Immediate Action : Immediate Processing of the ACH Reversal to ensure the funds are returned to the originating account.

Cessation of Unjustified Requests for personal information and third-party account setup.

Investigation into the Handling of This Reversal Request, including XXXX role in the delay and the introduction of XXXX. 
This situation suggests possible noncompliance with federal banking regulations, including the Electronic Fund Transfer Act ( Regulation E ) and Uniform Commercial Code ( UCC ) Article 4A & 3. Given the ongoing delay and improper handling of funds, I request an immediate investigation and resolution."
11532,My contract with XXXXXXXX XXXX was held for {$2600.00} for Equipment paid in full following negotiations with a third party and XXXX requirements ( paid XX/XX/year> ) to have equipment paid off in order to cancel service with my ( suspended until resolved or 12 months-end date XX/XX/year> ) XXXX account but account is still being charged and sent to a third party collections for non payment on an account that has been paid in full and requested to cancel for several months
11533,"providing my personal information to third party agencies without my consent and permission in writing.

I have not contract with them and do not owe the amounts stated.

The 3 yr debt collection statute has passed in the state.

Willful negligence to continue sharing my personal private information."
11534,"I am filing a complaint against Equifax for failing to properly investigate my disputes regarding inaccuracies and my credit report. Despite my submissions, Equifax consistently responds within 24 hours stating the account is accurate without providing any evidence of a thorough investigation. This practice violates the fair credit reporting act FCRA 15 U.S.C 1681i, which mandates a reasonable investigation of disputes. Furthermore, Equifaxs actions may also contravene the consumer financial protection act CFPA, 12 U.S.C. 5536 ( a ) ( 1 ) ( A ) - ( B ), as highlighted in the CFPBs recent administrative proceeding ( File No. 2025-CFPB-0002 ) against them for similar violations. I request that the CFPB take action to ensure Equifax complies with federal law and provides consumers with the necessary proof of investigation. 

XXXX XXXX  : inaccurate late payment reporting XXXX : inaccurate late payment reporting XXXX XXXX  : inaccurate late payment reporting"
11535,"I have been getting daily recorded phone calls from XXXX XXXX XXXX. 
When I call them back, they say I am being investigated for federal bank fraud and that I would be served. I 've also been told that they would continue to charge me 700 % interest until I paid the debt, which is n't legal in my state and that I would never be able to buy a car or get another job. 

They are also leaving the same recorded messages at my father 's house. I have never lived at that address nor have I used that phone number. 

I have these voice messages saved. 

The company gave me the address of : XXXX XXXX XXXX in XXXX, KY."
11536,"I had signed up for a {$0.00} annual fee credit card through AVANT. THE CARD WAS NEVER ACTIVATED, THE CREDIT ACCOUNTS PHYSICAL CARD WAS NEVER ACTIVATED. 

I Called AVANT on XX/XX/XXXX @ XXXX to cancel credit card account due to a monthly fee that took effect XX/XX/XXXX, first {$8.00} fee incurred for XX/XX/XXXX statement. 

Second charge of {$8.00} was posted XX/XX/XXXX after cancellation was submitted with agent via phone. Agent told me theh could not cancel and had to forward the request to someone else. 

I called in again on XX/XX/XXXX and the agent was successful in canceling the account and was not informed another monthly fee had generated within that XXXX hours between XX/XX/XXXX and XX/XX/XXXX The account was attempted to be cancelled by the customer on XX/XX/XXXX and should be refunded {$8.00} for charges posted after XX/XX/XXXX"
11537,"Since XX/XX/2018, I have been getting late fees added to my AMEX corporate account. This is a card that my company pays in full every month. Unfortunately, AMEX can not substantiate why or where the fees originated. According to them, I owe over {$420.00} in fees, but they can not tell why. 
Every month they add {$39.00} to my billing statement now adding up to {$270.00} from a {$78.00} so called debit charge that they nor I can explain. 
I called again last night XX/XX/18 at XXXX and neither XXXX or her manager XXXX were able to provide me any guidance on what's going on. Including, XXXX had me on hold for more than 30 minutes saying that they could not retrieve my statements due to a slow internet connection. Moreover, I then requested a call back to review my statements and never received one. 
They know I have excellent credit, therefore, they do not waive those fees because they I dont want to ruin my credit. They are taking advantage of my situation even though they can not explain why or when these charges were initiated."
11538,"On XX/XX/XXXX I made a cash deposit before I purchased a rental car due to mine being flooded from Hurricane Irma. That deposit has disappeared and left me with a negative balance that I worked hard to avoid. I receive overdraft and returned item fees regularly from SunTrust and am trying to avoid more. I have been unable to make any purchases including lunch and my XXXX XXXX  was declined payment due to this. I deposited {$300.00} to a teller at a branch in XXXX, SC and now I have a negative balance. I am going to incur an additional fee from XXXX XXXX. Due to the transaction not being paid on time when they tried to run it. I contacted SunTrust XX/XX/XXXX and they said they are having an issue with deposits and that there is nothing they could do. I ask that they reactivate my overdraft and guarantee that all transactions will be authorized ( I am told I have reached my limit ) or return any recently imposed overdraft or NSF fees which SunTrust refuses to do. SunTrust has left me with a negative balance and the only thing they can tell me is we are sorry and working to resolve it. I have no money available and no temporary authorizations are available. 
Whenever I am in trouble with the bank I never receive any sympathy and am given significant fees without any offer of forgiveness but I am expected to forgive them for having a banking issue. Transactions are reordered so that items are returned and fees imposed. In this situation I worked hard to avoid a negative balance and am still given a negative balance."
11539,"I received a letter regarding receiving UI benefits however I have not received the prepaid card that was supposed to to used for the purpose of receiving the benefits. When I tried to call the number provided for the Go Program Customer service I was placed on hold several times for over 30 minutes at a time each time I called. When the phone would finally get answered I could hear dogs barking in the background, or someone with a heavy accent with a very bad static sounding connection who just hung up after a few additional seconds and/or minutes of me saying "" Hello?, Is anyone there? '' This would go on each time I called. ( I have called about 30 times. ) And I have not yet received any of my UI benefits or a UI prepaid card or a direct deposit into my account."
11540,It has been five years plus since 2012 that I have been trying to get my escrow back from XXXX when they sold my mortgage to XXXX which violated my consumer rights ( letter to Insurance company to change the Mortgagor to XXXX ). Attached is a copy of the check.
11541,Received cashier check from my XXXX  Account of {$XXXX} for purchase of vehicle on XX/XX/year> Attempted to cash this check the same day at my local TD Bank they refused even though i've been a customer of TD Bank for over XXXX  years with several accounts.
11542,"I applied for a Citigold Checking Account on XXXX XXXX, XXXX with a promotional offer to receive XXXX upon completion of the requirements ( {$1000.00} debit card spend, 2 monthly bill pays in sequential months ). I completed the requirements in XXXX, but never received my points, despite the the disclosure stating that I would receive the points within 90 days of fulfilling the requirements ( approximately XXXX ). I spoke to a Citi representative via the online chat on XXXX XXXX, XXXX who opened an investigation. However, this investigation still has not been completed as of XXXX XXXX, XXXX, and I 've had to pay an additional XXXX monthly fee. Messages from Citibank have confirmed that I have met the requirements but claim that I am not elegible, despite the offer being active on my account."
11543,"M & T Bank 's website states the following when you make a payment : Extra payments : If your account is up to date, not past due, and you have no outstanding fees, additional payments made here will be applied first to any current interest due, and then to reduce your principal balance. None of the extra payments I have made have been applied to the principal balance. All have been applied to the next installment."
11544,"Ditech financial took over my greentree home loan. Every month they some how XXXX up my payment, then add on late charges. After that they call me during work telling me I owe them a more than twice as much as my normal payment. The only response from the representative is "" that 's what our records show ''. I have automatic payment, how do they seem to mess it up? So frustrated. They XXXX me off so bad I told them to come and take my home. About 2 days later they sent a representative out to my home and kicked the door in and left a note. I have tried very hard to keep right with them, they always find a way to be able to charge me extra for their own gain. I really hate greentree and ditech.."
11545,"I am not a Chime customer, but I have been receiving emails from Chime about an account I did not create. It seems someone used my personal email address without permission to open an unauthorized Chime account. 

I am a XXXX  citizen currently residing in the XXXX XXXX, and I do not speak XXXX fluently. It is very difficult for me to make a phone call to a XXXX company. 

I tried to reset the password, but I got a Something went wrong error. I contacted Chime through email twice but received only auto-responses. I also contacted them via XXXX XXXX and explained my situation. 

Despite clearly stating that I could not make an international call and needed help through chat or email, Chime refused and continued to insist on a phone call. 

I simply request that Chime investigate and permanently remove the unauthorized account associated with my email address."
11546,"Of my {$460.00} payment that I have been given through an Interest Reduction Plane this is what I pay. I do not think that I or anyone should have to pay this type of interest to get our student loans paid off. I am paying more than what I pay to get the principal paid down. This is just not fair to the people trying o get and education and find a job to live and pay off these loans afterward. 
Principal Paid : {$210.00} Interest Paid : {$240.00} Borrower Payment {$460.00} Balance {$100000.00} DIRECT SUB CONSOLIDATION LOAN Principle {$75.00} Interest {$84.00} DIRECT UNSUB CONSOLIDATION LN Principle {$140.00} Interest {$150.00} Totals : {$210.00} {$240.00} REPAYMENT Disbursement Date : XXXX/XXXX/XXXX Loan Program : DIRECT SUB CONSOLIDATION LOAN Owner : U.S. DEPT OF ED Guarantor : FEDERAL Interest Rate : 6.125 % Interest Rate Type : FIXED RATE Subsidy : SUBSIDIZED Loan Balance Original Balance : {$34000.00} Unpaid Interest : {$30.00} Current Balance : {$35000.00} Payment Information Monthly Payment : {$160.00} Repayment Term : XXXX Months Expected Payoff Date : XXXX/XXXX/XXXX Due Date Information Next Due Date : XXXX/XXXX/XXXX Days Delinquent : XXXX Loan Status : REPAYMENT Disbursement Date : XXXX/XXXX/XXXX Loan Program : DIRECT UNSUB CONSOLIDATION LN Owner : U.S. DEPT OF ED Guarantor : FEDERAL Interest Rate : 6.125 % Interest Rate Type : FIXED RATE Subsidy : NON SUB Loan Balance Original Balance : {$59000.00} Unpaid Interest : {$56.00} Current Balance : {$67000.00} Payment Information Monthly Payment : {$300.00} Repayment Term : XXXX Months Expected Payoff Date : XXXX/XXXX/XXXX Due Date Information Next Due Date : XXXX/XXXX/XXXX Days Delinquent : XXXX I and most others do believe that we could pay off our debts quicker if the interest was not placed upon us as such."
11547,Completed loan deferment packet XXXX. XXXX completed their portion and submitted to Sallie Mae XXXX. Sallie Mae informed me that an unauthorized individual had signed off on my loan packet from XXXX XXXX The unauthorized representative is a staff accountant. That staff accountant contacted Sallie Mae and informed me that the packet was processing. I contacted Sallie Mae to verify the processing. Sallie Mae was unaware of any XXXX XXXX I asked who is authorized from my XXXX to get the packet completed. Sallie Mae is unable to provide that information. Im unable to get my loan deferred while I complete my course.
11548,"Purchased a new manufactured home in 2016 from XXXX XXXX XXXX XXXX NC. 
Wells Fargo in XXXX NC financed the loan and another company called XXXX XXXX XXXX XXXX  took over the mortgage. My concern is this : I found out that the home has defects from the roof to the interior of the home to windows. these are known as latent defects by law. although there is a one year warranty, i found most of the defects after the warranty was up and by law the statute of limitations applies to this. i feel like i was conned into purchasing the home. I am a XXXX veteran"
11549,"I had a Chase credit card ( ending XXXX ) that I cancelled on XX/XX/XXXX at XXXX M.S.T. 
after contacting Chase via phone. 
I informed Chase that the card and account was cancelled and that I would NOT accept any new cards. 
They ignored it all. So, keep up my requests. I did so at least 34 times via secured Chase e-mails, multiple recorded phone calls, and 1 ( one ) letter on XX/XX/XXXX to their main office : Chase Services XXXX XXXX XXXX XXXX, DE XXXX I informed them I wanted a reply that they acknowledge the card ending XXXX and account were closed along with any bank links and that I would accept NO further cards. That, if in fact, the did not reply or issue additional cards I would contact the SEC, Federal Reserve, BBB, and State Attorney General of Arizona, and will consider possible legal action against Chase The ignored contact, letters, and calls and then issued a card ending XXXX without my permission. 

Im still receiving paperwork for this new card via the U.S.P.S. and my old ( XXXX ) account is not closed. 
It has affected my credit rating. 

Their actions are fraud! They refuse to comply."
11550,"We filled out our bank 's short sale/ deed in lieu paperwork in XXXX. We received an offer from a potential buyer in XXXX. Our file has been coming in and out of gatekeeping with US Bank since XXXX XXXX, XXXX. Our attorney has called US Bank every business day from XXXX/XXXX/XXXX to XXXX/XXXX/XXXX and there has been no change in status. We believe that the lender delay is merely a tactic to increase the amount of the underlying arrearage so that US Bank may increase their fees. We wonder if US Bank has a record of this type of glacial processing."
11551,"Ive Done just about everything to remove this Fraudulent collection and its still showing up! Ive contacted the Original Creditor, Filed FTC & Also 2 CFPB reports/ Upload copys of Reports to XXXX  and it continues to update every month its been 2+ years since Ive been trying to get this resolved WITH XXXX Credit Collections and using further measures moving forward. This collection has been hindering my Credit building and is frustrating because nothing seems to get done after Im told to follow certain steps to get 0 results!!!"
11552,"Purchased a Honda Civic in XXXX. XXXX XXXX ( finance manager ) didn't print out or email my contract. I called/emailed/showed up in person 4 days later to have my contract printed ... guess what they included without telling me?! A vehicle protection plan ( I declined all additional services in person, SEVERAL times ) so SHADY. No wonder they didn't want me to have a copy of my contract! I contacted the dealership and XXXX emailed saying that she apologized for not sending me my contract to the correct email ( she misspelled it ), and that she would have my money refunded to my account and that she hoped that I would not leave negative reviews for her mistake blah blah blah .. it's almost XXXX and nothing has been refunded. I emailed XXXX last week and she said "" it's a mystery to me why it has not been refunded '' like??? So unprofessional, so shady, would not recommend this dealership to anyone. 

Vehicle protection plan {$100.00} was charged on XX/XX/XXXX. 

I requested it to be canceled on XX/XX/XXXX and was told to send them my Honda account # to get a refund. 

I received my account # on XX/XX/XXXX and sent it to XXXX ( XXXX manager ) and she said that it could take 6-8 weeks. 

Hadn't seen any refund so I contacted her on XX/XX/XXXX - called/no answer/left voicemail and sent her an email to get an update. 

I received an email saying that "" it was a mystery why I haven't received a refund ''"
11553,"Equifax XXXX XXXX XXXX, XXXX, GA XXXX Dear Equifax, There is information that is on my consumer report as a result of identity theft. I did not provide written permission or instructions for the identified transactions to be reported on my consumer report. I am requesting that the reporting of this information be blocked and deleted. My request to block is not being made in error, nor is my request to block being made one the basis of material misrepresentation of fact by me relevant to the request to block the identified transactions. The identified transactions are not related to any transaction by me as a consumer. 

XXXX XXXX XXXX XXXX XXXX XXXX XXXX You are requred to do what I am asking and block these transactions from being reported to my consumer report within 4 days from the date of receipt of this notice.I look forward to your response. 

Thank You"
11554,My Equifax credit report is not reflecting any changes or updates that current on my other credit reports. It has not updated in years not sure whats going on but needs to report correctly to reflect accurate info as needed please help me with problem with equifax not sure what is going on with them thank you
11555,"On Monday, XX/XX/2022 I received an unsolicited Visa card from Chime, a financial technology company based in XXXX XXXX. The card was in my name and sent to my home address. On Tuesday, XX/XX/XXXX, I received a text from XXXX notifying me that my Chime Visa was in the mail. I contacted Chime via the help phone number ( XXXX ) listed on their website ( chime.com ) to close the account as I had not opened the account. 

Chime asked me to verify my information, but the email address on file was not mine, and so the customer service representative said they could not close my account over the phone. A supervisor informed me I would only be able to close it after submitting documentation, but I needed to wait for their fraud department to contact me with information on where/how to submit that documentation. I am still waiting ; in the meanwhile, someone has access to a digital financial and banking account in my name and is likely using this fraudulent identify to commit fraud. 

I asked for an alert or freeze to be place on the account in the interim. The customer service supervisor I spoke with said this happens frequently. Chime makes it easy for anyone to open an account with anyone else 's information, and the company erects unnecessary barriers to close the account."
11556,"For the past two months I have been using the Moneygram service to send my housing payments to the person who was going to rent an apartment for me in XXXX XXXX, New Jersey. This person 's name is XXXX XXXX. The monthly rent was {$690.00} which supposedly included utilities. On the apartment lease that I signed and was also signed by this person, it was established that I needed to make three payments : security deposit, first and last month of rent. Three payments of {$690.00} were made on the following dates : XX/XX/XXXX, XX/XX/XXXX, XX/XX/XXXX, and the money was picked up at the Moneygram location minutes just after the transaction was made by XXXX XXXX ( 1st payment ), XXXX XXXX ( 2nd payment ), and XXXX XXXX ( 3rd payment ). After the last payment was sent on Monday XX/XX/XXXX XXXX XXXX who was the "" landlord '' was supposed to ship the apartment keys to my address. From that moment this person has been MIA, not answering phone calls or text messages or emails."
11557,"According to my research about FCRA 605, Credit Bureaus are required by law to remove & block any items that are found to be opened due to identity theft. Again, it appears that my credit with you has been compromised, these items being reported are creating a ton of emotional & financial stress which is impacting my ability to sleep, causing problems at my job & creating unwanted stress in my home life. The following items hat you must remove are listed below : XXXX XXXX XXXX XXXX XX/XX/year>"
11558,"Citibank is mandating a lot of additional information from me claiming a "" periodic security check ''. They refuse to provide any basis for their request ( except for saying it is mandatory ) and will close the account if I do not provide the information. 

My accounts are owned by a special needs trust I opened to provide funds for my daughter, a minor with XXXX XXXX XXXX, The two parts I have issues with are the following : 1 ) Requirement to provide the total amount of assets owned by the trust. This information is private and the bank refuses to provide any basis for being entitled to it.

2 ) Requirement to provide trust documentation. I provided it to the branch when transferring the account to the trust. Citibank refuses to use that "" because it is on file with the branch so you have to now send it to us ''. This is documentation I already provided and expect Citibank to own the communication within their own organization that is needed to access it, rather than demanding that I send copies to multiple departments that refuse to speak to each other.

I spoke to Citibank about it on the phone, got no help, asked to be transferred to the complaints department, the specialist said she would transfer me and hung up."
11559,"Here is something that NO ONE is thinking about that home buyers, and especially first time home buyers are not considering when purchasing a home! I even tried to get legislators to require this, but they refused. When the mortgage crisis hit, many HOAs did very little to manage their finances. At least mine did n't. They spent a lot of money going after home owners, and collecting very little because the HOA found out it could n't collect, so we picked up the legal fees for liens. My HOA in the last 16 years relied on a defect lawsuit settlement to "" keep their dues down '', but there next to no funds to begin with. I screamed about having a reserved study for years. About 5 years ago they had one done, and we are about XXXX underfunded. There are only XXXX homes in my HOA. So very quickly, ..in a matter of a few years the HOA 's settlement money will be depleted, and there will not be enough money to fix the exteriors, the roofs, the roads, and pools in our area. These new home buyers have no idea what is facing them because they have never purchased a home before. The HOA does show them the reserves, but it does not show they the future requirements based on the reserves studies. It 's a HUGE piece of the financial obligation puzzle that is conveniently left out of the financing of ahome. So many HOAs are underfunded, that realtors would have a fit if it was exposed. So many buyers do not realize they may be buying a lemon, ..so in a few years, there may be a lot of them walking away when special assessments hit them. And if they do not approve them, ..they community will suffer. You need to do something about disclosures, ..because on a state level HOAs are not doing a thing about it because they do not need to do it."
11560,"Purchased a vehicle from XXXX. Upon acceptance, Exeter Finance took the loan. After completion of the loan, and receiving documents after possession of the car, it is clear that they manipulated the credit score and created a predatory loan. I contacted Exeter directly and spoke with someone in finance, who told me they took my score which was well over XXXX, and would entitled me to a different lender or apr, and averaged it with my co-signer, which is completely deceitful, as we were told that having a co-signer the loan is based on primary. had they disclosed this "" average '' score, which in fact is deceitful and illegal, we would have removed said co-signer as they were just on loan to establish credit. Exeter is now refusing to adjust loan and wants me to return car and reapply which then would add further inquiries and decrease score"
11561,"I had Citi XXXX XXXX XXXX for the last few years. I have recently not used my credit card due to frequent travel to abroad. Citi just closed my credit card without notifying me. My credit score dropped almost 100 point. I called them and they told me that they usually do not notify their customers. I was about to get loans and this situation impacted my financial circumstances. 
I know that some of other banks have a policy that usually notify their costumers about any actions they may take. 
I was wondering if this action is legal or illegal."
11562,"Since XXXX, I got behind my mortgage payments when the loan adjusted to an incredible payment. To my surprise, I had been given a pick a payment loan which I did not have any understanding of this loan. In addition, developed a terrible medical condition and I was not able to continue working I desperately call my lender/servicer Wells Fargo Home Mortgage requesting assistance with my loan to no avail. 
I continued to ask for assistance for a loan modification under the XX/XX/XXXX Settlement between XXXX XXXX XXXX ( who was the Attorney General back then ) and Wells Fargo for the risky adjustable rates mortgage they gave the people of California. I also had been pleaded with Wells Fargo to give me a modification under the ( HAMP ) Making Home Affordable program, I began to fax all requested and repetitive documents to the modification department for several months, I was constantly transferred to different Wells Fargo Home Mortgage representative and agents. I was distress, the anguish they kept denying my request for a modification I was in disbelieve Wells Fargo Home Mortgage made this into a nightmare I continued to plead with them and explained my difficult situation but it has not gotten me anywhere. 

I want to file a complaint against Wells Fargo Home Mortgage for the deceitful, dishonest, lies and corrupt, method with the process of my loan modification and for prolonging the loan modification which I believe I am in title due to the grounds I mention at the beginning"
11563,"XXXX XXXX is reporting an account I had with this company as a charge-off with all three credit reporting agencies when I called XXXX XXXX to ask them to update my account status to paid in full and close they told me the account was charged off, I then proceeded to ask them to provide me with a 1099C since the account was charged off they said to me that they would not issue a 1099C."
11564,I file a application for Citibank credit card. I was denied because they said I filed too many applications. The problem with that is I file XXXX applications with Citibank and was denied all 3 times. I feel that I am being discriminated againist because I am XXXX. Citi bank need to be investigated for there credit card practices approves others but denies XXXX. There practices are troubling to me because I am being denied because of the color of my skin. ca ; ; citi bank to complain and was still denied. They are not treating minority customers right and should be looked at.
11565,I have asked this company to stop emailing me to just mail me validation on this debt simply a contract between me and the creditor my signature stating I owe this debt along with any other proof that leads me to this debt collector I have never heard of and I simply just get emails back stating here 's your validation with no contract or anything I have emails I can forward to this claim I have emails in which I have asked a few time to stop emailing me and him continuous to email me I have tried to block this debit collector and it has not worked I'm still getting emails I'm feeling very flustered
11566,"The ECSI loan provider gave me a loan for XXXX with a monthly payment of XXXX per month for 10 years at 5 % interest rate. 
the file "" loan details '' shows a screen shot of the loan details. 

When I calculated the monthly payment through a free loan calculator and through XXXX and by hand ( 3 different ways ) the monthly payment should be roughly {$25.00} The file "" actual loan rate '' shows the monthly payment that this loan should be.

charging me {$40.00} instead of {$25.00} is only {$15.00} but if this is done to thousands of former students across the U.S then I believe that ECSI will potentially steal close to a million dollars over time from students.

But charging an interest rate of around 11 % but claiming to charge an interest rate of 5 %.

I have already reached out to ECSI about the over charge on my monthly payment but have had no response on XX/XX/XXXX. 

I felt obligated to share this information and so I have done so."
11567,"on XX/XX/2023, 21st Mortgage contacted me about a payment I was supposed to make. I was unable to make the payment and would have the funds by XX/XX/2023. 
The first rep XXXX wanted to adjust the payment date and called the supervisor to approve it. The supervisor XXXX came on the call and the sound faded. I apologized and said the call is fading and I can't hear you. She implied that I was lying about not hearing her. They both began interrogating me asking why I didn't make the payment as I said and that I am always late. I explained that I am not a child but a XXXX woman. She replied back that I am acting like a child. I asked to speak to her supervisor and she said she was the supervisor and there was no one to talk to. I have never been 30 days late and was made to feel less than. It was 2 against one they both ganged up on me and began verbally abusing me. She also mentioned that my file was flagged for being a difficult customer. I want to file a complaint against the reps that treated me in a very unprofessional manner. It is worth noting that the reps were XXXX  and I am XXXX XXXX. I assume because of this they could communicate in a disrespectful manner."
11568,"I opened a Chase Southwest Visa card because I received a referral from a friend that had the card. Based on the initial points offer if you used the card within 3 months and after you had charged $ XXXX on the card, I was supposed to get the southwest companion pass. Now I am being told I need XXXX points. That was not what I signed up for. I was charged {$69.00} for this card and the only reason I got the card is because of the companion pass which I am being told now that the offer was not valid this year. This is totally a bait and switch. Both Southwest and Chase are responsible and working together to defraud me. I am shocked that they are not willing to honor the offer I received. It was the only reason that I opened the card."
11569,I don't have any information other than the collection agency name radius global and a amount this just showed up on my credit report i don't remember owning anyone the amount they claim i owe. I turned everything in on my bankruptcy 2 years ago
11570,"I am requesting escalation of my case due to a failure to investigate and resolve a documented identity-theft claim in a timely and appropriate manner. 

I submitted a False Certification ( Identity Theft ) Loan Discharge Application along with supporting documentation, including a police report, FTC Identity Theft Report, a letter of non-attendance from the school, and identification records. The loan servicer, XXXX, has acknowledged receipt of these materials. 

Despite this, the servicer has indicated that no determination will be made for up to 60 days and has taken no substantive investigative action beyond acknowledging receipt of the application. There has been no explanation of investigative steps taken, no request for additional information, and no indication that the matter has been escalated internally for fraud review. 

Additionally, the servicers written statements indicate that the loan continues to be treated as valid until a final determination is made, despite the presence of multiple independent indicators of identity theft and a fraudulent Master Promissory Note. 

I am requesting that Federal Student Aid exercise its oversight authority to ensure that : A meaningful investigation into the identity theft is conducted promptly ; The case is escalated beyond routine servicing review to appropriate fraud or compliance personnel ; The servicers handling of this matter is reviewed for adequacy and timeliness ; and I am provided clarity on the status, scope, and expected timeline of the investigation. 

This request is not about payment status or servicing preferences. It concerns the lack of investigative action and escalation in a case involving documented identity theft and a disputed federal loan. 

Thank you for your assistance and oversight."
11571,"Subject : Dispute of Fraudulent Account on Credit Report Due to Data Breaches Dear Sir or Madam, I am writing to formally dispute a fraudulent account appearing on my credit report : XXXX : {$29000.00} I believe this unauthorized account resulted from multiple data breaches, including those involving Equifax, XXXX and XXXX XXXX and XXXX XXXX and the XXXX XXXX XXXX. 

XXXX Grounds for Dispute : Violation of 15 U.S.C. 1681i : Mandates that credit reporting agencies promptly investigate and correct inaccurate information upon notification. 
Violation of 15 U.S.C. 1637b : Requires clear disclosure of credit terms to consumers, which was not adhered to in this fraudulent account.

Violation of 15 U.S.C. 1681s-2 : Obligates furnishers of information to ensure the accuracy of data provided to credit reporting agencies. Reporting a fraudulent account breaches this obligation. 

Request : I respectfully request the Consumer Financial Protection Bureau to : Investigate the unauthorized CREDITACPT account. 
Ensure its immediate and permanent removal from my credit report. 
Confirm that all actions comply with the Fair Credit Reporting Act ( FCRA ) and other relevant consumer protection laws. 

Thank you for your prompt attention to this matter. I look forward to your confirmation that this fraudulent account has been permanently removed from my credit report. 

Sincerely, XXXX XXXX"
11572,"So, for my direct deposit with the company I work for, XXXX XXXX, a portion of my check goes towards a payment advance {$120.00}. When I do not take the advance they send it to my bank account on file. I use the online bank, WISE ( formerly Transfer wise ) for my travels and sending money to my bf or friends abroad. In 3 months I will be in XXXX XXXX. So I sent the deposit there to just help save the money in a place I don't touch. Wise sent me an email requesting additional information, which is fine, compliance. I get it. What I did not get is they were demanding company information for the payment advance company that is information that only a member of this company would be able to provide and they will not just provide this information to a client. When I told Wise this, they said my account would be closed, quoted law stating they have the right to withhold my deposit. I responded once again telling them I can not access sensitive company information as a client, told them to reverse the funds and close my account. They continue to double down, refusing to reverse the deposit and closing my account. I called them, explained the situation, and even the agent agreed it is weird that they're doing it but it is the XXXX department and he would speak to them and follow up. I hang up and moment later get an email doubling down again and I'm at my wits end. At this point I just want them to reverse my deposit. It's {$120.00} and I can take that to my main account with my job and keep it there. I regret ever trying to even separate it. I was trying to be smart about my future trip but now I wish I hadn't. This is a nightmare. I just need my deposit back."
11573,"I currently have my student loan through navient and have had several issues with them and have come into times were I was unable to make the monthly payment and was told I should do the forbearance, I have been told several times if I can not make the payment that month I can reapply for the forbearance again and place my account on hold. I have made payments plenty of times and it seems as if because of the interest my loan never goes down. Can you please contact me regarding this issue, I feel like this loan is never going to go away even though I 've made payments."
11574,"We are trying to close the sale of our home, XXXX XXXX XXXX XXXX, XXXX, XXXX XXXX. The title company is ready to close, but ServiceMac claims a payoff statement was sent on XX/XX/year>, but the attorney 's office ( XXXX, XXXX XXXX XXXX XXXX ) claims it was never received. Because of this deadlock, the transaction is stalling. ServiceMac verbally told us that they provided a payoff statement on XX/XX/year>, but would not provide evidence when requested. The title company ( XXXX XXXX XXXX XXXX ) has attempted to assist with no success. The buyer is an active-duty military service member who is scheduled for imminent XXXX. If we do not receive the payoff numbers by XX/XX/year>, the buyer will back out, leaving a deploying service member and his family unhoused and forcing a preventable foreclosure. We want to successfully close this transaction and pay off the debt. We need your help because ServiceMac refuses to talk with us, and the attorney 's office is not doing anything. Our agent XXXX XXXX is also not doing anything to help and has put the burden of all of this on us."
11575,I would like the credit card removed from my credit report due to me being fired from the XXXX exchange in XXXX of XXXX after I was XXXX  I wasnt able to use the card atall!!! Still cant use the card also the amount it say that I owed is incorrect due the 15 USC 1692c they have violated my rights by in lawful communication I would like this removed from my credit report thank you
11576,On XXXX i purchased various merchandise from XXXX. The merchandise came damaged. I phoned calls and was told to discard the damage merchandise and that I would be refunded in full. Weeks went by and I received no refund from XXXX. On XX/XX/2021 I contacted XXXX via live chat. I spoke to XXXX XXXX She acknowledged the previous conversation. She apologized for not issuing the refund as promised. She promised to process the refund again in the amount of {$170.00}. She provided a refund confirmation number of XXXX. I never received the refund. Next I disputed the charge with Capital One. Capital One refused the process the dispute and re billed my account for this charge.
11577,"Hello, On XX/XX/19 I ordered a sofa sectional and ottoman from Ashley Furniture. I financed it through their credit card ( supposedly Synchrony Bank ) and after 6 months, my transaction is still pending and I have not been billed for it. After I applied for their card, I never received an email or anything by U.S. mail stating how much the monthly payments would be or for how many months it may take to fully pay the bill. The only thing I ever received was the credit card itself in the mail. The status of my order is still "" pending '' and each time I call the number on the back of the credit card ( -customer service- ) the person who answers says it is going to be billed for sure at the end of the month and the bill will be due at the end of the following month. I have called each month since XX/XX/XXXX and each time the person I speak with says the same thing about each month. When I called in XX/XX/XXXX, they said it would come in the mail at the end of XX/XX/XXXX and it would be due toward the end of XX/XX/XXXX, and when I called in XX/XX/XXXX they said it would be due toward the end of XX/XX/XXXX, etc. When I expressed my concern for the bill at the end of 12 months to the customer service representative, he assured me that I would not wind up with ONE huge bill after 12 months with interest. He said "" You will have equal payments once the first one posts to your account. '' This is extremely frustrating and I will never finance furniture again nor use those two companies. I want to know what my payments will be and when I will receive the first one. I am a XXXX and have used at least 8-9 lunch periods on hold waiting for the answer to this simple request. Please look into this for me. How long do I have to wait with the account "" pending '' until I am no longer required to pay? Thank you"
11578,"I contacted Educational Credit Corporation to ask about a payment transcript they sent to me after my loans were taken out of default due to my paying the loans through a bankruptcy. I asked why the payment transcript showed that my payments made during the pandemic had been reversed back to me, but I never received them. The Customer Service rep told me that they had reversed my interest on the loan due to the COVID forbearance, but not the actual payment. I asked for a record or statement of this to be sent to me in writing. However, I never received anything in writing from the company after receiving the initial transcript. The next time I called I was told to contact XXXX XXXX as my loan had been transferred to that company. 
On my first contact with XXXX XXXX, I was told that my account had been transferred & that I was eligible for the refund of payments made during the COVID forbearance. The agent took my information & told me a check would be sent to me in the mail. After over 6 weeks of waiting for the refund, I called again & was told I didnt qualify for the COVID forbearance because of the type of loan I had. I asked why did my original loan servicer, ECMC, send me a transcript with COVID forbearance written all over it, but could not get a straight answer."
11579,"ERC Collections repeatedly calls looking for "" XXXX ''. I am not XXXX, I have told them they have the wrong number, and they agree to remove my number from their files. The calls continue, it's been nearly 3 years. At this point, it can not be caused incompetence or an honest mistake, it is willful and intentional harassment. I have no business relationship with this company, and never had."
11580,"It all started all XXXX and we started communicating more on imessage. other than that, they were XXXX not really XXXX XXXX I want clarity on my life altogether but no instead they put my life in danger especially full of darkness and negativity I want this all to be over, I want to be refunded with all my money I sent but like nothing is coming good. Ive been fighting everyday and get this fixed I was trying to make my very last payment to a specific woman but im in denial because the situation I am in crisis She really wants to me remove all these blockages and evilsThat would be the last for sure I dont have any of my money back from XXXX and cashapp. I did follow-up on Cash App every time repeatedly. I genuinely feel emotional and exhausted. My explanation is very true what I am going through right now is risky."
11581,"I am XXXX XXXX XXXX and I am submitting this complaint myself and there is no third party involved. This was a corporate account and mistakenly reported on my profile. I believe there may be an error on the payment status, payment history, and the comment to verify this information, correct this if there are errors, or remove this ASAP."
11582,"Company Names : XXXX XXXX XXXX American Profit Recovery , Inc . 
Summary of Complaint : XXXX XXXX sent a debt I did not owe into Debt Collections with American Profit Recovery , Inc . I do not have the original copy of the collections notice, but I do have the Debt Dispute Reference # XXXX with American Profit Recovery. 

I am disputing an alleged debt that was improperly sent to collections by XXXX XXXX and is now being pursued by American Profit Recovery , Inc., this complaint is in regards to both companies not being responsive. Despite my formal written dispute sent on XX/XX/XXXX XXXX, and a follow-up email sent to both parties on XX/XX/XXXXXXXX XXXX, neither company has provided any response, acknowledgment, or legally required documentation to validate the debt under the Fair Debt Collection Practices Act ( FDCPA ). 

The debt is unsubstantiated and directly conflicts with written confirmation I received from XXXX XXXX ' representative, XXXX XXXX, stating that my final invoices were waived. 

Despite multiple requests for documentation, including a breakdown of the alleged {$4600.00} balance, proof of invoicing after XX/XX/XXXX, and a complete payment history, I have received no response from either party. 

Their failure to respond constitutes a violation of the FDCPA, and they have continued to damage my business reputation by reporting an unsubstantiated debt. I am requesting immediate assistance from the CFPB to : Investigate this matter. 
Require XXXX XXXX and American Profit Recovery to provide full debt validation documentation. 
Ensure that any inaccurate reporting is corrected. 
Impose penalties if violations of the FDCPA are confirmed. 
I have attached supporting documentation, including email correspondence, prior invoices, payment records, and my formal dispute letters."
11583,"I signed up for a Paypal Credit account XXXX. I was told I would get {$40.00} off my XXXX XXXX XXXX XXXX order. I never got the {$40.00} off and I called last week and spoke with an agent at the Credit Card XXXX and they said it was because my order with XXXX XXXX XXXX XXXX was still pending, which made no sense because XXXX XXXX XXXX XXXX already delivered my order several weeks earlier. They told me to wait a week. I waited a week and its still not fixed. I talked to six different people at Paypal rewards and Credit Card and none were able to help me and kept passing me along to someone else. XXXX XXXX XXXX XXXX has no part in this {$40.00} off promotion I need this honored."
11584,"I have tried to send money on several occasions on XXXX  using different bank accounts and keep getting errors. I tried contacting customer support and went through an endless loop when I called, there was no option to get in touch with an agent. I tried reaching out through a XXXX  and was never put through to an agent."
11585,"I had a Torrid Store card with a limit of {$250.00}. I purchased some items and began paying the monthly charge every month on time. I paid off the card to XXXX, did not use it for 3 months, tried to use it and realized that my account was closed by Commenity. This not only damages my credit due to a closed card but lowers my available credit on my credit report. I reached out to the company and was offered no resolve."
11586,"On XX/XX/XXXX, I received a call from Avante USA asking my name. I did not provide this information, as the caller was rude and only asking my name. The only information the caller would provide was where they worked, nothing about anything else unless I confirmed my identity. 

I proceeded to send a debt verification letter on XX/XX/XXXX, after searching Avante USA, and finding out they are a debt collection agency. I never received any letter in the mail with a right to dispute, or any information regarding the debt. I sent the letter using UPS certified mail, and I have not heard anything back from Avante USA. 

I have disputed the account on XXXX via XXXX XXXX, and I am filing this complaint due to the lack of communication. From my understanding, I am supposed to receive notice with a 30 day dispute window."
11587,"I filed my taxes through XXXX XXXX XXXX, which the funds were sent to XXXX XXXX XXXX XXXX before being sent to me so that they could take out the fee for filing with XXXX XXXX XXXX and a digit was missing off of the account number so my funds were deposited into someone elses account on XX/XX/XXXX of 2026 so I filed a complaint through USAA XX/XX/XXXX of 2026. They stated that I needed an LOI to get my funds returned to my account so I contacted XXXX XXXX XX/XX/XXXX of 2026 asking for an LOI. They stated that they do not give LOI because the bank should have rejected the funds but the bank couldnt because it was someones actual account is what USAA told me."
11588,"I am concerned w  ith two things regarding Synchrong Bank.
# 1 The envelope they sent to an incorrect address, this address is a family member 's house, but not my address.
# 2 The Envelope contains various FDCPA/RFDCPA Envelope Violations. 15 U.S. Code 1692f ( 8 ) # 3. Please see attached letter request, waiting for a response from Synchrony Bank.
15 U.S. Code 1692f ( 8 ) - Unfair practices. Using any language or symbol, other than the debt collectors / creditor 's address, on any envelope when communicating with a consumer by use of the mails or by telegram, except that a debt collector may use his business name if such name does not indicate that he is in the debt collection business. Please find the burden of proof attached.
I do n't wish to litigate this matter, but I would be entitled to {$1000.00} in statutory damages at the very least and attorney fees should this matter not be resolved in a timely m  anner by synchrony bank."
11589,"The purchase was made on XX/XX/year>, at XXXX for {$1900.00}. I have also enrolledin the offer with 8 % cash back for XXXX. I was informed I should be able to get the cash back within 1-2 billing cycles butI still not get that."
11590,"Currently, as a federally protected consumer Im seeking proof of the alleged debt, under the doctrine of estoppel by silence, Engelhaloyalravens ( Mo ) 281 SW 715, 719, I may presume that no proof of the alleged debt, nor therefore any such debt, in fact exists. Thus, absent such proof, you must terminate this collection action and correct any erroneous reports of this debt as mine.. I am disputing the information directly with you, the furnisher of information, and I am requesting an investigation in the FCRA Section 623. The FCRA regulates how the credit bureaus handle your report under section 611 for accuracy { 15 U.S.C. section 1681-2. 
I have recently obtained a copy of my credit bureau report. The report showed a credit collection/chargeoff in the name of your company. Be advised this is not a refusal to pay OUTSTANDING Until verification or the result of the investigation is completed and sent to the individual, we are requesting deletion ( s ). If you are unable to provide me with the proper PROOF ; then you must stop attempting to collect this alleged debt and remove it immediately from my consumer reporting agencies ( CRAs )."
11591,"A person called me from a unknown number stating they were trying to find out if I would be home to be served legal papers by a process server. I asked suprisingly what legal papers. The guy said XXXX XXXX law firm. He asked if the address he was giving me was mine. I said, "" I don't know what your talking bout? '' The man calling as a process server gave me a number for XXXX XXXX XXXX. I called the number and know one answer a few minutes later a guy called back and said did someone call this number? I said, "" Who is XXXX XXXX, They guy said, who is asking. I told him who I was and he told me i owed a debt on a XXXX XXXX. I said, "" Know that car is paid off. The guy told me that i had not paid the car note since XXXX. I said, The XXXX has been paid off. Is this a scam or something? The guy began to holler at me. He told me I should pay my bills. I said, "" The car is paid for. '' He asked for proof. I had nothing more to discuss with the guy. 
I was pretty shaken by the call because the car was paid off. I have know credit issues at this time. God bless those challenged, because i have had problems in the past. I am not perfect but I don't want to feel like I am in a pool of people searching to see who they can prey on. The other thing is there has never been any credit or collections concerning the XXXX XXXX on my credit for anyone to call or have a man to come searching for my address to serve me. It is very dangerous in America at this time. I want to find out my rights and also how to make my information private. I want to be harassment free people preying on innocent folks concerning debt, public access to my name, and address, phone number, and any unauthorized person invading my privacy regarding."
11592,"On XX/XX/XXXX, I made a payment to my Capital One XXXXXXXX XXXX XXXX in the amount of {$2000.00} from my XXXX XXXX XXXX XXXX account. It took several days for the payment to post to my credit card account, which is unusual. Finally, on XX/XX/XXXX, the payment posted to my credit card account, but the account was now restricted. When I contacted Capital One, I was told that I needed to provide access to the XXXX XXXX XXXXXXXX account that I used for prior payments. I explained that I had closed that account and opened the XXXX account so I no longer had access to that account. The representative that I spoke to insisted that I needed to do a 3-way call with her and XXXX  to verify the account. I reiterated that I had recently closed the XXXX  account and furthermore, it seemed fraudulent and suspicious that she was asking me to do a 3-way call with the bank. Since then, I have made my regular payments on XX/XX/XXXXXXXX  and XX/XX/XXXX, but my credit card is still restricted so it can not be used."
11593,"On XX/XX/XXXX, I received a phone call from One main financial stating that my loan was past due. Ive been a customer from One main Financial since XXXX bhut refinanced XX/XX/XXXX. I asked the agent when did my loan become past due. Agent advised me I have been past due since XX/XX/XXXX. I make my payment in the amount of XXXX on a biweekly basis and its automatically drafted from my personal bank account. The agent did not see that I had missed a payment and placed me on hold to speak with their supervisor. I was then transferred to the Supervisor named XXXX. XXXX explained again that I had missed a 1 payment of XXXX on XX/XX/XXXX and another one XX/XX/XXXX. It has been over a year and I was never notified via mail, email or phone call of any missed payment. However, One main financial has been drafting XXXX late fee for over 18 months without notifying me. They are pulling the late charge prior to applying my payment to principal and interest first. If I had not received a phone call today, they would still be charging me fees with out any notification. I have paid over XXXX in late charges and they advised there was nothing they could do for previously paid late fees but can only adjust it going forward. This is abuse and deceptive business practices because If I would have known of the missed payment I could have rectified the issue. One main continues to collect late charges for me for their own financial gain. They are satisfying the late fee before applying my principal and interest."
11594,"To start, I didn't receive a written notification from convergent outsourcing about the debt. I sent a certified letter to validate/verify the debt dated XX/XX/2021 and it has been well over 30 days and I haven't received a reply. I did however received the return receipt showing the letter was received by the company."
11595,"I have made all payments within the alloted time period. The company made an error processing a payment and has reported me late on my credit. When i have reached out to fix this issue, CS has been very rude and unhelpful"
11596,"I leased a XXXX XXXX from XXXX XXXX. They initially reported it to my credit then when I went to buy a house, it was no longer there. This was about XXXX years after I had leased my Honda. When I inquired to Honda they said they had changed systems ( never mentioned data breech was the reason why ) and when they did that, the credit reporting disappeared from multiple peoples reports. They said they had no way to fix that anymore, but that when I paid off the lease, they could do it then. This adversely affected my ability to buy a house, because I was approved on the debt to income on my report, but then when the car issue came up I was no longer in the right range. Wasted a tremendous amount of time. I traded the XXXX in the last week of XX/XX/year>. It is now XXXX. They have reported the XXXX I bought to my credit but refuse to report the XXXX as promised. When I call, their reps know absolutely nothing about how this works said they could "" send me a pay off letter '' but can't fix the credit reporting issue. My auto score remains lower because they refuse to report my lease I had for XXXX years. I can not get them to fix it."
11597,"I documented this complaint in case XXXX and XXXX  called me and said they fixed my account, but I confirmed to them it was not fixed and is still not fixed. 

The account @ XXXX is not able to receive any payments since I created the account over XXXX  months ago. No on at XXXX  is able to help me. 

All users trying to send money to the business @ XXXX receive an error that payment was declined."
11598,"I have a credit card with Citibank. I made some charges at XXXX XXXX, and they were declined due to fraud alerts. I called Citibank and they said the issue was resolved and that I could re-do the charges and they would not be declined. I made the charges again, and again they were declined. I called back and stayed on the line with a representative while she removed the fraud alerts and said I could make the charges again. I made the charges again while on the line with the representative and was told they were fine and had gone through and would not be declined due to fraud detection problems again. The same charges were again declined the next day for reasons of fraud alert. By then, I was in XXXX and had to call from abroad to resolve the same problem for a third time. The representative I spoke to, XXXX XXXX id XXXX ) told me she agreed that I had been misled by the previous representative and that I had been told the issues had been resolved when they had not. I told her that I was now incurring international charges to resolve the problem and had to pay for expedited shipping in order to get the purchases in time for my trip here. I told they I felt they owed me reimbursement for the money I was spending to speak to them to resolve the issue, as I had tried to do so previously and had been told by a Citi representative that the issue was resolved and that the charges could be made and would not be declined, when in fact this was untrue. They declined to address the costs they had caused me in any way. I feel Citi should take some responsibility for the time and cost I incurred in fixing a problem that occurred on their end, caused by their representative telling me that she had fixed the fraud alerts on the account and that I could make the charges without any further interference from the fraud detection system when in fact this was not the case."
11599,"My USA government and state checks have been signed with a computer and printer, then deposited in accounts in which I have no access. Chase Morgan Bank- XXXX XXXX XXXX XXXX XXXX Ohio , USA has been active in covering up an embezzlement scam since 2020. No cooperation with myself or federal agencies has taken place. 

XXXX XXXX and his manager of Chase Morgan Bank- XXXX XXXX XXXX XXXX XXXX Ohio XXXX USA seem to have changed bank accounts in response to complaints and federal investigations."
11600,"I have a car loan with my husband of 50 years we have a income of {XXXX not including our rental income from our renter. Equifax deceased my credit score by XXXX points just because my HUSBAND of 50 years filed BK in XXXX  ..again our income is XXXX per year or more.they also have my birth date incorrect. 
They state that my credit score decease because my credit utilization rate is 160 % of my available credit I no not have that much credit. 

Thank you"
11601,I recently checked my credit score and I have a debt on my report of XXXX for common wealth which when I looked it up it is a collections. This does not share anything in common with any of my other debts after reviewing my scores and would like it to be discharged.
11602,"United Wholesale Mortgage first incorrectly reported me in foreclosure. I have a XXXX time close building loan. No payments are due until home is built. 

The they falsely reported me as "" up to date '' with my payments. The correct course of action would have been to report it as a mistake and clearing my credit report of missed or late payments. 

Now multiple lenders are unwilling to lend or reducing the amounts they are willing to lend."
11603,"On the XXXX XXXX XXXX XXXX XXXX XXXX XXXX XXXXXX/XX/year> calls from JP Morgan Chase were made to me everyday at XXXX. 

On XXXX XXXX XXXXXX/XX/year> I asked the caller from JP Morgan Chase to stop calling me and they replied with accusing of me of being irresponsible and ignorant and that we wouldnt be in this situation if the previous mentioned wasnt true. 

Please assist with this caller and their harassment towards me. 

Thank you in advance. 

Best, XXXX XXXX"
11604,"Hi, my name is XXXX XXXX XXXX, my bank is Chase Checking Accunt. In the date XXXX/XXXX/2015 my bank authorized a transaction of mine without any signature proof, it was with the merchant XXXX that is dealing with XXXX, they charged me {$1500.00} from my credit card without any approval from my side. My bank claims that i have already few disputes with other XXXX that scammed me so they declined my request. When i first registered to the site i gave this company my information as it was required in order to open the account, but it does n't mean that they can use this info to charge me when ever they want without my approval. Please advice what i can do here."
11605,On XX/XX/XXXX my Bank of America account was involved in fraud. {$16000.00} was taken from my account because my car was stolen with all my personal belongings. I filed a police report and on the report you see that it says what was stolen. The money was transferred through my stolen phone through XXXX. I contacted Bank of America and they told me I need a police report and I will get my money back and I did this but they denied my claim and I appealed it and I was still denied.
11606,"Due COVID-19 problem Wells Fargo Bank had offered financial assistance to their customers. Since I've been unemployed due to COVID I have decided to use their offer to skip my mortgage payments for up to 3 months. They accepted my request of XX/XX/XXXX and sent me letter explaining the next steps ( letter is attached ). At the end of XXXX when 3 months forbearance comes to end the bank asked me if I need more assistance. On XX/XX/XXXX I responded that I am ready to restore payments of my mortgage. The bank sent me another letter stating that everything is good, nothing in my mortgage has been changed, missing payments would move to the end of my mortgage payments, etc ( letter is attached ). On XX/XX/XXXX I made my payment and considered that everything is in order. However, on XX/XX/XXXX the bank capitalized the interest unpaid during forbearance and my principal balance has increased accordingly. More, they have reported to credit agencies that I did not paid my mortgage."
11607,"I paid an account with Truist via their online portal for the full amount on XX/XX/23 for {$2700.00}. SunTrust did not process my payment timely. I called SunTrust on XX/XX/23, concerned that my XXXX payment wasn't processed as made XX/XX/23 the next business day of XX/XX/23. 

I called in the payment to a representative since the payment portal would not take my monthly payment. The XXXX payment was submitted to a representative who did not see my account ending in XXXX on her system. The monthly payment was confirmed on XX/XX/23 with transaction # XXXX. 

I did not get an email notification of the error payment made by Truist for {$380.00} or the actual payment I authorized on XX/XX/23 of {$2700.00}. 

The Truits online payment portal is malfunctioning, processed payments that are not authorized {$380.00} ), and it does and did not notify me of payment in time to correct and make sure there is no late payment."
11608,"I am using this CFPB complaint as both a formal complaint and a formal dispute and request for debt validation addressed to SOUTHWEST CREDIT SYSTEMS. Attached to this complaint is my written validation request, which clearly lists the documents that SOUTHWEST CREDIT SYSTEMS must provide under the Fair Debt Collection Practices Act ( FDCPA ) to prove the debt is valid and legally collectible. This includes proof of ownership of the debt, a breakdown of the amount claimed, and a copy of the original agreement bearing my signature. 
I am submitting this request through the CFPB to ensure that SOUTHWEST CREDIT SYSTEMS receives my letter and is held accountable for responding properly and lawfully."
11609,"On or about XX/XX/year>, my phone was lost or stolen. During the period from XX/XX/year> onward, unauthorized transactions were made through XXXX XXXX using funds connected to my Dave Banking account.

I did not authorize these transactions and did not have possession of my phone at the time they occurred. Once I became aware of the activity, I contacted both Dave Banking and XXXX XXXX immediately to report the unauthorized transactions and request a refund. I provided all requested information, including transaction details and an explanation that my phone had been lost or stolen. 

Despite reporting the issue promptly, the companies failed to properly investigate the unauthorized activity and did not issue a refund. I repeatedly requested documentation showing how the transactions were authorized and confirmation of when my money would be returned, but I did not receive a clear explanation or fair resolution. 

As of today, I am still missing my funds, which has caused financial hardship. I am requesting a full refund of the unauthorized amount and written confirmation that corrective action has been taken."
11610,Nelnet which is a fasa. Form government has for years been trying to get me to pay off a school loan that has been closed down for years called XXXX XXXX It is unfair that N e l n e t expects me to pay for a college that already deemed a fake college by the government
11611,"My checking account had {$130.00} in it and someone fraudulently withdrew it around XX/XX/2023. I called Navy Federal Credit Union and they had me file a declaration of Forgery/Fraud and that they would then conduct an investigation and would give me no time line as to how long it would take. I submitted it on XX/XX/2023. 
It has been well over 2 months and I have not been contacted. When I called them to ask what is going on with it XX/XX/2023 a representative insisted I give him my card number and when I told him I did not have a card he hung up on me."
11612,"I am one of the fortunate individuals to have my federal loans discharged for fraud and school misconduct by the president and his administration on XX/XX/XXXX as the XXXX XXXX was found to have been found guilty on several counts. See link for discharge article : XXXX XXXX XXXXXXXX After sending a XXXX via the CFPB, school misconduct discharge application was received on XX/XX/year>. 

On XX/XX/year>, I sent my application, evidence and anecdotal information that the XXXX XXXX committed fraud and school misconduct through aggressive recruitment tactics, misrepresentation of job rates, etc. 

XX/XX/year> - Denial received and asked for reconsideration and additional criteria needed for school discharge. I received the reasons for denial being : "" Navient carefully considers a variety of factors in determining whether a private loan should be discharged based on school misconduct and you do not meet the requirements for discharge based on misconduct by your school. '' -- After asking for reconsideration and what evidence I needed to supply in addition to what I provided, they said they re-reviewed my application and that I was not eligible for discharge. 

Despite being forgiven by the current president and his administration at a federal level for fraudulent loans, Navient refuses to discharge loans for a fraud education I paid for. I am stuck in limbo paying for loans for a school that no longer exists and has not allowed me to move forward."
11613,"On XX/XX/XXXX, my wife paid {$600.00} for a service using our Capital One Quicksilver credit card. On XX/XX/XXXX, the {$600.00} payment was refunded. However, because the credit card statement closed on XX/XX/XXXX, the refund was not reflected in the {$7700.00} payment due on XX/XX/XXXX. We pay the full statement balance each month to avoid interest charges. As a result of this timing issue in Capital Ones billing system, the refunded {$600.00} remains included in the XXXX payment amount. We contacted Capital One twice to resolve the issue. During those calls, we spoke with two agents and two supervisors. All of them stated that the refunded amount can not be deducted from the payment due on XX/XX/XXXX. They advised that if we leave the {$600.00} unpaid ( paying {$7100.00} ), interest will accrue on that amount. Three representatives suggested that the interest may be waived when the next statement is issued ; however, no representative could guarantee that it would. We canceled the autopay for {$7700.00} and scheduled a payment of {$7100.00} for XX/XX/XXXX. Additionally, we were not provided with an email or mailing address to submit a formal written dispute directly to Capital One. As a result, we are currently placed in a situation where either ( 1 ) we pay an amount that has already been refunded in order to avoid interest, or ( 2 ) we risk being charged interest due to a billing process outside of our control."
11614,"I've consistently made sure payments are on time for this account, never letting them go overdue. I'm puzzled by reports of late payment remarks on my accounts. According to 15 USC 1666b, billing errors should be rectified."
11615,"I have a couple credit cards with XXXX XXXX, and XXXX XXXX is not reporting my on time payments to the credit bureaus even though they have posted to the accounts. Because of this, my credit scores are lower than what I believe they should be."
11616,"I discovered an unauthorized and inaccurate collection account on my credit report from EQUIFAX associated with XXXX XXXX XXXX, XXXX, account number : XXXX. This account does not belong to me, and I have no knowledge of its origin. I formally disputed this account with the credit bureau, requesting verification and removal based on my rights under the Fair Credit Reporting Act ( FCRA ), specifically Sections 611 ( 15 U.S.C. 1681i ), 609 ( 15 U.S.C. 1681g ), and 623 ( 15 U.S.C. 1681s-2 ), as well as the Fair Debt Collection Practices Act ( FDCPA ), specifically Sections 809 ( 15 U.S.C. 1692g ) and 807 ( 15 U.S.C. 1692e ). 

Despite my formal dispute and request for a thorough investigation, EQUIFAX, has continued to report this account without verifying its accuracy or providing me with documentation supporting its validity. This violates my rights under the FCRA, as credit bureaus are required to conduct a reasonable investigation and must not report inaccurate or unverifiable information. Notably, failure to comply with these requirements has been underscored by precedents such as XXXX XXXX XXXX Mortgage XXXX, XXXX XXXXXXXX XXXX XXXX XXXX, and XXXX XXXX XXXX XXXXXXXX XXXX XXXX. 

This inaccurate information is damaging my credit score and affecting my financial standing. I believe that the credit bureaus failure to properly investigate and respond to my dispute is a direct violation of the FCRA, causing me unnecessary harm."
11617,"I did a consumer credit transaction for the purchase of my home however I did not receive a meaningful explanation of the credit terms and I did not receive my right of rescission notice with rescission forms which are required material disclosures under federal consumer credit protection laws. This violated my rights under the Truth in Lending Act 15 USC 1635. MANUFACTURERS & TRADERS TRUST/ XXXX XXXX are the assignee 's of this alleged obligation and pursuant to federal law 15 USC 1641 ( c ) I have the right to rescind the consumer credit transaction against any assignee of an obligation. On XX/XX/2021, I, the consumer, exercised my right to rescind and rescinded this consumer credit transaction against MANUFACTURERS & TRADERS TRUST/ XXXX XXXX XXXX On XX/XX/2021 MANUFACTURERS & TRADERS TRUST/ XXXX XXXX received my affidavit and rescission of the consumer credit transaction. I have attached copies of the certified mail receipt and green return receipt for proof of delivery of rescission forms."
11618,"The service worked great! Until I didn't, so then it didn't. I repeatedly advise Flex that I had been let got from my place of employment, and therefore, no longer required their services and so moved forward with cancelingmy subscription/membership. As a sectionXX/XX/XXXX voucher holder, my rent is based on my income, which at that time, I had none. They've claimed I have an overdue balance of {$320.00} and now I've got some person, from a compnay I've never heard of ( XXXX ) consistently sending me emails to "" settle '' this bogus overdue balance. There isn't even anything on my credit report to support this claim either."
11619,"I am filing a complaint against cash app ( block, Inc. ) due to inadequate customer service and unfair practices, which violate the Customer Financial Protection Act ( CFPA ). Specifically, Cash app failed to take timely and effective measures to prevent and address fraud on their platform, leaving my account invulnerable and unprotected. Furthermore, their dispute resolution process was unfair and deceptive, as they did not comply with error resolution requirements under the Electronic Fund Transfer Act ( EFTA ) and Regulation E. These actions have caused significant inconvenience and financial loss, and I seek appropriate redress for these violations."
11620,"I was late on 1 payment due to being called to XXXX XXXX, and I relocated to a different state. The notifications went to the house, and even though they contacted me via phone which I figured out later. I just completely overlooked the payment. I thought I had put that particular account on autopsy. On top of that I was paying for services I never recieved. I had just bought a home and got a bathroom renovation done, but my case was open due to them not completing the work. They didn't come back for 4 months after I signed. I'm new to this and have never done a renovation so the person who did my reno told me.to go ahead and sign and he'll be back tomorrow with the part that he needed to get my shower working properly. He had come back previously so I took his word on it. Needless to say I was paying for a shower that wasn't operable. I explained to the renovation company everything, but then when I tried to explain to the finance company they said o well you shouldn't have signed and pretty much of he didn't come I should have called them.. I wouldn't have even thought to contact the finance company. I mean if I had an issue with me vehicle I would contact the dealership not the finance company so I was just super confused."
11621,"I have a checking and saving account at XXXX Bank. On XXXX XXXX, 2015 I canceled a recurring debit of {$490.00} payment from a company by the name XXXX. Meaning I no longer authorized for payments. I do n't owe XXXX I canceled my contract with XXXX in XXXX 2015. On XXXX XXXX, 2015 I had a direct deposit cleared, the canceled payment of {$490.00} was debited from my saving account on the XXXX XXXX, 2015 but, back posted on XXXX XXXX, 2015. The funds was not in my account on XXXX XXXX, 2015. XXXX Bank knows I have direct desposit bi-weekly so, the payment cleared and I was charged a fee for not having the fund in my saving on XXXX XXXX, 2015"
11622,Week before XXXX of XX/XX/2021 I received a call at work and I told the guy to remove my work number from the account he tried saying I authorized to call my work and I did not and as of today XXXX XXXX the company again contacted my work which our work numbers are only for emergency use only and the lady wouldnt say where she was calling from until the third time I asked and I asked her not to call my work number again I did not authorized
11623,"I regret to inform you that I can not accept your decision to dismiss my identity theft claim as an error or misrepresentation of material fact. It is concerning that you have taken it upon yourself to determine what qualifies as a material fact, especially considering that you do not hold the authority of a judge. 

According to the guidelines outlined by the FTC, when an FTC identity theft report is filed with a law enforcement agency, it is imperative to comply with the law. 

XXXX XXXX XXXX, XXXX XXXXXXXX XXXX XXXX XXXX XXXX XXXX XXXX XXXX XXXX XXXX XXXX XXXX XXXX 
I am willing to give you one final opportunity to process my request regarding my identity theft. Failure to do so will leave me with no choice but to seek legal recourse in the courtroom, where you will be held responsible for the damage inflicted upon my reputation, credit, and emotional well-being as a result of this issue. It is highly likely that the significance of the material facts will become abundantly clear, and you will be required to compensate me for your negligence."
11624,"It has come to my attention that XXXX XXXX has denied me twice XX/XX/2022, XX/XX/2022 of credit. I, the NATURAL PERSON, Creditor, and Applicant, am aware of the letter that was sent to me which is an adverse action pursuant to 15 USC 1691 ( c ) ( d ). As the ORIGINAL creditor, I initiated a consumer credit transaction, using my credit card pursuant to 15 USC 1602 ( L ) making XXXX XXXX XXXX an assignee pursuant to 15 USC 1691a ( e ). I DID NOT fill out a Loan Application because banks can not loan money pursuant to 12 USC 1431. Furthermore, that is an Deceptive Form identified in the FDCPA pursuant to 15 USC 1692j. I DID NOT receive any benefit from that transaction as it negatively impaired my consumer report proving the transaction did in fact go through. It shall be unlawful for any creditor to discriminate against any applicant, with such respect to ANY aspect of a credit transaction as Congress states pursuant to 15 USC 1691 ( a ). Lastly, Congress states "" No credit card shall be issued except in response to a request or application thereof '' pursuant to 15 USC 1642. This is my request! It is shocking to me that XXXX XXXX takes pride in their ignorance of Consumer Protection. As a result of the adverse action provided to me. I have lost confidence within the banking system"
11625,"My XXXX XXXX account was in good standing for years. Recently the bank added a few miscellaneous charges that totaled {$360.00}. I communicated with the bank informing them that this is not my debt. The bank said they made a mistake by paying me an extra {$360.00}. Therefore they want me to pay this amount. I do not owe the bank any funds. And even if I did, the bank made the mistake by paying me {$360.00} so that not my mistake. I have bank statements showing my account is in good standings and ever miscellaneous charge is incorrect. I am not responsible for the debt. Please tell the debt collector to dismiss this case and reinstate my lost credit scores."
11626,"This is a follow-up to my previous written dispute regarding fraudulent accounts and inquiries appearing on my consumer report. Per FCRA 605B ( 15 U.S.C. 1681c-2 ), you are required to block all information resulting from identity theft within four business days of receipt.

The following accounts and inquiries do NOT belong to me and were obtained fraudulently without my consent : ACCOUNTS : XXXX XXXX- Account Number : XXXXXXXX XXXX XXXX XXXX XXXX XXXX XXXX XXXX XXXX XXXX XXXX XXXX XXXX XXXX XXXX XXXX XXXX  XXXX, Date Opened : XX/XX/year>2024, Balance : {$0.00}"
11627,I have a private student loan financed by XXXX XXXX Navient since the year of 2010 I have made many payments on time and have recently lost the cosigner my mother and asked to renegotiate terms interest monthly payment amounts. No help of any kind little info to provide on my loan and why my interest has increased over 11 % on a loan balance of XXXX. This company is terrible and whats worse is the school it funded and I attended the XXXX XXXX XXXX is closing and I ca n't get a call or email back about getting a XXXX transcript why in the XXXX should these people get anymore of my money when this for profit was a scheme for the approval of private predatory loans with a failure rate of 50 to 90 % why should we pay back what should have never been approved for in the first place.
11628,"According to the last complaint, why did I get a claim of {$300.00}? This amount is exactly the amount in my {$4900.00}! Why claim one of them? Please explainXXXX  I have evidence to prove that it was consumed at the same time and place."
11629,"On or about XXXX submitted a lawful tender and dispute packet to the company via fax, including a complete Affidavit of Tender and Dishonor, a Declaration of Trust Interest, and supporting exhibits requesting full validation of the alleged debt, a copy of the original wet-ink contract, and proper accounting. 

The company has refused or failed to acknowledge my tender, provide validation, or respond to lawful demand within the required time. Despite being placed on notice, they continued reporting the alleged account to credit bureaus, which constitutes bad faith, unlawful collection, and commercial dishonor under federal and state consumer law. 

This dispute is on record, and their silence constitutes acquiescence. I am demanding that this complaint be recorded, my credit report corrected, and that the company be required to cease all further reporting, contact, or enforcement attempts until they comply with the lawful tender and disclosure requests."
11630,"A loan was taken out in my name, but not by myself. It was taken out through arrowhead advance. I am in the process of changing my ssn. But they had auto-withdrawn money from my account for months and i didnt realize it until it was too late to fill an unauthorized transcation form for most of the withdrawn funds. 10x ( 1 time weekly ) from XX/XX/XXXX until XX/XX/XXXX. All dates hilighted in yellow are ones taken from my account"
11631,"On XX/XX/2018, someone withdrew {$160.00} from my account at a wells fargo bank. I did not authorize this or anyone to use my card. To my knowledge, my card was in my possession ; however when I filed my claim for the false transaction, wells fargo representative stated my original card was used and denied my claim. I don't understand how it was possible for my original card to be used in XXXX XXXX, CA. On the date of the transaction, I was at a funeral 30 miles away that entire day. In short, I did not make the transaction and did not authorize it. And because I couldn't explain to their liking how the money was stolen from me, they denied my claim. I am the victim of theft and because I can't explain how it happened, they won't give me my money back. This is so unethical. I don't know who else to turn to."
11632,"I have attempted for months to close my account which this bank compromise my security. I've tried for months, now they are charging me fees. I want this acvount closed and have no apparent route to do so. I can no longer seem to log into my acvount either. The call center are way too sensituve and wait with their finger on the hang up button. They are completely unprofessional."
11633,"On the XXXX of every month I'm being charged XXXX to XXXX dollars in fees in which XXXX is for interest and XXXX is towards principal balance the other XXXX is going towards something called a customary fee... I've made these payments for almost a year now and only XXXX dollars has come off of my principal balance of XXXX dollars, if I continue to make these payments it will take 30 years to pay off this XXXX dollar loan because of this customary fee... I've done research on Title Max and found that your Bureau fined them 9 million dollars back in 2016 for it's unlawful acts in the states of Georgia, Alabama, and Tennessee, TN being the state I reside in... I've went in to speak to an agent at the XXXX XXXX XXXX location and the agent couldn't explain to me what this customary fee is and neither is it explained in their payment documents sent to me each month, this customary fee is a direct implication of predatory lending"
11634,"On XX/XX/year> I was notified that I had a collections from National Credit Systems on my credit report regarding an apartment where I previously resided. The original amount on my credit report was {$4900.00}. This was the first time I have been notified about this bill existing. I was never sent any information by my previous landlord nor National Credit Systems. I called the collections agency whom I have never spoken to nor had I received a bill from. I asked them to validate the debt and they sent me a letter that did not include when I had to pay this bill or that I had the right to dispute it. This was sent to the credit bureaus without my knowledge of this even existing or the collection agency contacting me. The credit bureaus should not have reported this on my credit report. I have made several disputes and they will not remove this collections. I disputed this collections on XX/XX/year>, XX/XX/year>, XX/XX/year>, and XX/XX/year>. The debt collector never provided any proof that they attempted to contact me or spoke to me. I'm unsure of why the credit bureaus consider this legal. After several attempts to get this removed for my credit report the collections amount changed to XXXX. They accepted a falsified document sent to them months after this was originally reported. This document came allegedly from the corporate office of my former landlord. Nothing in this falsified letter matched up to what the property manager of my former landlord had sent to the collections agency. None of the information I have was provided to me by my former landlord. It was provided to the collection agency who has sent me this information only when I have called to address why they sent this to the credit bureaus without contacting me. They have yet to answer my question. The credit bureaus have yet to remove this collections from my report."
11635,On XX/XX/XXXX I had a contractor by the name of XXXX XXXX met with me at my house for the second time concerning some work needed to be done to an XXXX XXXX a house that I owned. I asked for an estimate and work details based on our conversation of XXXXupon meeting with him on XX/XX/XXXX after going over the document I noticed some issues which I wanted to address further but as I was talking to him the door bell rung and I want to get the door. Upon returning he informed me that the stuffs mentioned would increase his labor cost since we could come to an agreement I stopped with signing of the agreement thus ended my conversation with XXXX. The next morning at about XXXX upon checking my bank account I noticed a check I had written based on the initial payment agreement that was not handed to XXXX was missing from my check book. I reached out to Chase Bank and informed them of the situation. I was told the check was cashed so I entered a claim. A week later upon checking on my claim I was told I would not be reimbursed although my check was stole by the contractor.
11636,"Midland is reporting in my credit file however it is inaccurate because it was said to be late, yet all the payments are OK. I do not think that this is mine. I did my research on what to do because it is affecting my scores to badly, I asked for documents, disclosure and where did the account come from but they failed to provide me, so I came online and researched. The plaintiff is asking the same thing that I wanted and at the end of it all the plaintiff won this case. I am talking about the Texas VS Midland Funding Case. I have learned that Midland claims to have a disclosure and an agreement that there is a Consumer Agreement for all who they are collecting from. I guarantee you that there is no such  thing that I have agreed upon to."
11637,"It appears that my credit/my file/my credit file has been compromised. Again, I was going through my records & noticed many information, accounts or items which do not belong to me. Since Im a stickler for research, I found that under section 605b of the FCRA you are required by law to remove & block any accounts or information which is found to be opened due to identity theft. The dispute items do not belong to me. Im attaching the required FTC Report for you and the bank 's records ( learned through more research both parties require ). Please block/remove these filesXXXX XXXX XXXX XXXX XXXX XXXX Date Opened : XX/XX/XXXX Balance : {$22000.00}, XXXX - XXXX XXXX  XXXX Date Opened : XX/XX/XXXX Balance : {$49000.00} If you feel there is a possibility these accounts belong to me I will require all documentation that bears my signature ( another research item I found that requires you to verify with 100 % accuracy that each account is 100 % true, accurate, correct, complete & VERIFIABLE ). If you do not provide any records & claim the item is verified please understand I will seek legal action. I do not take kindly to games nor does my attorney. SO please comply with the law so this matter can be handled swiftly."
11638,"On XX/XX/2021 BBVA locked my acct without reason. I was told conflicting information as to why my acct was locked. I emailed paperwork as they requested. ( 3x ) I have left messages for the investigator, XXXX XXXX 3 to be exact she has never returned my call. I spoke with a rep XXXX XXXX she gave me her direct email address to send info. I never heard back from her. Every time I call reps are not helpful. The call either drops or they transfer you without telling you. They have the worst customer service. To date my acct has been locked since XXXX. I received a letter stating they are investigating my acct and it will take 10 days. That was on the XXXX of XXXX. No one has contacted me regarding the outcome. And when I call reps just say I need to speak to fraud dept because they have no info to give me. Meanwhile the bank is holding my money hostage. This is illegal bad business practices. I need help. These banks are bullying people. And non one seems to be able to help. I can't pay my bills. I'd like my money and to close my account with this bank. I tried to get some resolution today and again I was transfered to another rep by the name of XXXX who I was told was the back up person to the rep handling my acct. He too did not answer the line and I was prompted to leave yet another message. Why is my acct still locked?? Why is no one returning my calls? .. Why did the letter I received said it will only take 10 days?? This is unfair!! The are holding {$13000.00} with no explanations. They never reached out to the loan company to verify."
11639,"XXXX XXXX was deleted from my report inXX/XX/XXXX, from XXXX, XXXX and XXXX after disputing unverified and inaccurate information that did not belong to me nor on my credit report. At that given time, XXXX XXXX which is the original creditor, has XXXX XXXX XXXX ( XXXX ) has the collection agency. Now, In XX/XX/XXXX, the SAME bill, is not under Diversified Consultants. This information and tactic is illegal."
11640,"On XXXX XXXX, 2025 I internationally bank wired in XXXX XXXX from TD Bank XXXX XXXX to the XXXX XXXX XXXX XXXX XXXX XXXX for a partial mortgage payoff whereby I have a mortgage with the XXXX XXXX XXXX XXXX I then sent another international wire transfer on XXXX, 2025 in Euros XXXX from TD Bank XXXX XXXX XXXX the Bank XXXX XXXX XXXX XXXX XXXX for the remainder of the mortgage payoff. Both wire transfers were received and not delivered into my XXXX XXXXXXXX XXXX mortgage account. All info on both wire transfers were correct XXXX, XXXX and referenced the mortgage account number. 
I then told TD Bank and they started an international investigation on XXXX XXXX, 2025. I received vague answers until today XX/XX/year>2025 when TD Bank customer service states that the money has returned to TD Bank XXXX XXXX but can not be deposited back in my account due to regulatory reasons."
11641,"I work for XXXX  as a XXXX  and ever since I got the debit card issued by the company, there's been a lot of charges on my account on different days and months. Specifically XXXX XXXX and XXXX. The debit card is issued by Payfare. The application name ( bank name is XXXX ). This has been going on for too long now. I tried contacting the company about it multiple times and they have no response at all. Too much charges has been taken out of my account that I did not authorized. I also contacted the card issuer and they said they will look into it and will give me reimbursement for all the money taken out but they never did. I also attached the email sent from XXXX support."
11642,"A FRIEND XXXX GOT HACKED, SCAMMER PRETEND TO MY THE PERSON AND TOLD TO INVEST A CERTAIN AMOUNT TO GET 3X THE AMOUNT. AFTER THEY TRIED TO "" HELP '' ME, THEY BLOCKED ME, AND I FOUND OUT THE WALLET HAVE OVER XXXX XXXX  IN IT. THE SCAMMERS HAVE MORE THAN ONE IDENTITY. JUST LOOK UP ON XXXX "" XXXX ''. MANY HAVE BEEN VICTIMIZE, AS MYSELF DUE TO HOW DESPERATE THE ECONOMY IS RIGHT NOW. PLEASE HELP."
11643,I filed a dispute with XXXX and Equifax about inaccurate information being reported on my credit report on XXXX from XXXX management services. its been well over 30 days and I have yet to hear back from them.i demand that these items be removed from my credit report immediately.
11644,"On XXXX/XXXX/XXXX XXXX accused me of damaging then repairing a rental car that was in my possession for a time period of 24 hours. XXXX submitted a claim with my car insurance XXXX and charged my Discover credit card the deductible fee and one-day rental fee ( a total of {$290.00} ). While XXXX investigated the matter, I contacted Discover to find out the timeline for disputing a charge. Discover told me that customers do not have a deadline for disputing a charge. XXXX found me at no fault for the accident and did not submit payment to XXXX. XXXX reported they were taking the case to arbitration. Since Discover told me I had no deadline for filing a claim to dispute the charge, I decided to wait for an outcome from the arbitration process before pursuing a dispute charge with Discover. Since it has been about 2 years and XXXX has not pursued arbitration I went ahead and submitted a claim with Discover in XXXX, XXXX. After Discover completed their investigation, I was informed that they are not able to validate the details of the claim because XXXX did not respond to the claim. Per Discover, XXXX has the right not respond to this claim, therefor, there is nothing Discover can do for me, the consumer. I feel like Discover is deceitful by telling costumers that there is no deadline to dispute a charge. Discover is misleading consumers. Not only was I a victim of fraud from XXXX but also from Discover."
11645,"XXXX XXXX XXXX XXXX XXXX XXXX XXXX XXXX XXXX XXXX XXXX XXXX XXXX XXXX XXXX XXXX XXXXXX/XX/XXXX This complaint is filed under FCRA 605B ( 15 U.S.C. 1681c-2 ), requesting TransUnion, XXXX, and Transunion to block information on my credit report that resulted from identity theft and fraud. Specifically, I seek to block the following fraudulent entries : XXXX. An inquiry at XXXXXXXX XXXX XXXX XXXX XXXX XXXX XXXX XXXX XXXX XXXX XXXX XXXX XXXX XXXX XXXX XXXX XXXX XXXX XXXX XXXX XXXX XXXX XXXX XXXX XXXX XXXX XXXX XXXX XXXX XXXX XXXX XXXXXX/XX/XXXX These accounts have led to several fraudulent hard inquiries and collections on my consumer FICO credit report. I have attached a list of these inquiries, along with a copy of the consumer FICO credit report maintained by XXXX, which includes the fraudulent items. I do not recognize any of the accounts, collections, or hard inquiries mentioned above, as they were not initiated by me and are a result of identity theft and fraud. 

I have also attached a copy of the FTC Identity Theft Criminal Complaint # ( private case number ) as proof that all the aforementioned entries are due to identity theft and fraud."
11646,"I was shocked when I reviewed my credit report and found late payment on the dates below : 30 days past due as of  XXXX   2014  I am not sure how this happened, I believe that I had made my payments to you when I received my statements. My only thought is that my monthly statement did not get to me."
11647,I've reached out to the companies and have told them that the debts I have on my credit was result in identify deft and they didnt take any serious action. Why I am reaching out to our company because Im a XXXX  XXXX  and I cant get a car or my own apartment because my credit was used on things I never even used or put my information in for and this is hurting my life Im trying to have access too.
11648,"I am writing to formally express my concerns will regarding zelles handling of dispute, particularly in light of the recent CFPB lawsuit highlighting significant issues with the platform. Despite using zelle multiple times in reporting discrepancies, my financial institution and zelle failed to investigate my claims adequately. They informed me that recovering lost funds was impossible as well as tracking these transactions. The CBPBs findings indicate that zelle not only neglected to protect consumers but has also allowed repeat offenders to exploit the system leaving users vulnerable to scams."
11649,"Our company XXXX XXXX ( chase bank account XXXX, routing : XXXX ), took a credit card payment from one of our client 's for a sum of {$5000.00} on XX/XX/2023, from our bank 'JP Morgan Chase We Pay ' through their 'quick accept ' system. The payment was approved and it was debited from our client 's bank account on the same day. Till this date, we have not received the funds in our bank account! 

We created a compliant ticket number XXXX with the Wepay team to resolve this matter and till date haven not received a positive response from them. We have been notified that our quick accept account has been closed and it will take 120 days for the bank to release the funds to us!! 

This is not acceptable, as we are a small business and bank holding on to our funds is affecting out cash flow. We have contacted the bank and they are not willing to share the reason why our account was closed all on a sudden and the funds are being withheld for no reason. Please help us resolve this matter immediately. 

Thank you very much. 

Sincerely, XXXX XXXX XXXX XXXX XXXX XXXX"
11650,"Dear Madam, Dear Sir On Thursday XX/XX/XXXX an international wire transfer was initiated from XXXX with the intent to transfer money into a Ally Bank account. The money was wired to the following account : Receiving Bank : XXXX XXXX XXXX Bank, XXXX. 
ABA/Routing Number : XXXX Address : XXXX XXXX XXXX XXXX, XXXX XXXX NY XXXX SWIFT Code or Bank Identification Code : XXXX Beneficiary Account Number : XXXX as in accordance to Ally guidelines for receiving wires from a non XXXX XXXX However, the sender of the money made an incorrect entry into the "" further credit '' field which is required to correctly forward the money into the intended Ally account Correct information : XXXX XXXX XXXX XXXX Information as incorrectly entered by the sender : XXXX XXXX XXXX XXXX Further information : wired amount : XXXX ( euros ) unique transaction ID as per the sender 's bank : XXXX sender 's full name : XXXX XXXX sender 's account number : XXXX sender 's bank : XXXX XXXX XXXX XXXX All attempts of the sender 's bank to stop the transfer proved unsuccessfull. The money left the sender 's bank account. Despite obviously incorrect recepient information Ally Bank does not cooperate in the process or returning those funds. I have already submitted a complaint on XX/XX/2018. Ally Bank 's response was that the money was received on XX/XX/XXXX, rejected and returned on XX/XX/XXXX. However, until today, XX/XX/XXXX, I have not received the money back. I will attach a screenshot of my account statement as of today XX/XX/XXXX. I will attach the original transaction and Ally Bank 's response to my first complaint. 

Essentially it looks like I am being lied to as any money sent or "" returned '' from US on XX/XX/XXXX should have been posted in my account long ago. This was confirmed by my XXXX bank. They have never received any funds back. They've been trying to get in touch with both XXXX and Ally Bank about this issue and did not receive a reply."
11651,"In accordance with the Fair Credit Reporting act. The List of accounts below has violated my federally protected consumer rights to privacy and confidentiality under 15 USC 1681. 

Account Name : XXXX XXXXXXXX Account Number : XXXX Account Name : XXXX XXXX Account Number : XXXX Account Name : XXXX  Account Number : XXXX Account Name : XXXX  XXXX Account Number : XXXX Account Name : XXXX XXXX  Account Number : XXXX and list of Inquiries. 

15 U.S.C 1681 section 602 A. States I have the right to privacy.

15 U.S.C 1681 Section 604 A Section 2 : It also states a consumer reporting agency can not furnish a account without my written instructions 15 U.S.C 1681c. ( a ) ( 5 ) Section States : no consumer reporting agency may make any consumer report containing any of the following items of information Any other adverse item of information, other than records of convictions of crimes which antedates the report by more than seven years.

15 U.S.C. 1681s-2 ( A ) ( 1 ) A person shall not furnish any information relating to a consumer to any consumer reporting agency if the person knows or has reasonable cause to believe that the information is inaccurate."
11652,I feel taken advantage of by being ignored in my arguments. It is clearly stated on XXXX that failure to investigate an item within 30 days would result in its immediate removal from my credit report.
11653,"I am filing a complaint against Block , inc, also known as Cash app due to inadequate customer service and unfair practices which violate the CFPA ( Consumer Financial Protection Act ). Specifically Cash app failed to take timely and effective measures to prevent and address fraud on their platform, leaving my account unprotected. Furthermore, their dispute resolution process was very unfair and very deceptive. As they did not comply with error resolution requirements under the EFTA ( electronic fund transfer act ) and regulation E. These actions have caused significant financial loss and inconvenience for me. I would like to seek appropriate redress for these violations. Thank you."
11654,on XX/XX/2023 a unknown collection was placed on my credit report by the National Credit System .Account with a balance of $ XXXX.I have no idea where this collection came from. Ive contacted the collection company to proove to me if they were present when that account was being open and to show me the wet proof of my signature opening this account and they still failed to provide me those proofs.This is a misleading false report on my credit.
11655,"A response, explanation, and answer should always be based upon the complaint issued. The Credit Reporting Agencies dont answer and then closes the complaints. What a slap in the face! I sent many attachments ( Form XXXX XXXX XXXX, sheriff 's report plus information on the person responsible for theft, identity theft, forgery and false pretenses. ) The Credit Reporting Agencies states they will enter my dispute into their system and review all information and any additional documentation you provide to determine next steps. The Credit Reporting Agencies did not review the attachments and closed the complaints. The Credit Reporting Agencies have found a way to circumvent the intentions of our government and the CFPB. Perhaps this is why we talk with overseas third world countries when we call. The overseas people with language barriers are the ones answering the complaints with "" form replies ''. The Credit Reporting Agencies are not American companies. They are concerned more about money than America. Where is my government? Washington has failed taking care of this country."
11656,"I have been trying to obtain a XXXX home mortgage loan for roof repair from Wells Fargo. They declined saying I was "" late '' in making payments in the fall of 2013. This is not true. During that period I underwent a loan modification process and during that process WF specifically advised me to not make payments. 

More importantly, last week I sent you an official print out of my payment history to Wells Fargo that I received FROM THEM. It shows NO late payment in the fall of 2013. 

I have also sent this official print out to the XXXX credit reporting agencies so they can correct their reports. 

Therefore, Wells Fargo should stop lying and grant me a mortgage loan for roof repairs. 

thank youXXXX XXXX"
11657,"On XXXX, I received two XXXX  transfers totaling {$1400.00} from another user who I know. I contacted the user and they asked for it back. Within XXXX minutes I returned both payments in full directly to the original sender through the XXXX XXXX Later, the senders credit card company reversed the original charges after reporting fraud. I believe that the orginal user had been the victim of fraud via social engineering. Despite the fact that I no longer have those funds and acted in good faith by immediately returning them, XXXX  froze my account and is demanding that I pay {$1400.00} again. This is unfair and improper. I was not involved in the original fraud, I did not profit, and I should not be held liable for the loss. I have repeatedly contacted XXXX  customer service, but they have not resolved the issue or unfrozen my account. I am requesting that XXXX  remove the false balance, restore my account access, and confirm in writing that this matter will not be reported to credit bureaus or sent to collections. They how now garnished money sent into the XXXX  from a new 3rd party I want access to as well."
11658,"Pursuant to 15 USC 1692g ( a ) I requested validation of debt and have not received any of the information I requested. My written consent was never given to to the debt collector to even furnish information on my credit report. Pursuant to 15 USC 1681b ( 2 ). Also Discover Bank is in violation of 15 USC 1692e ( 2 ) ( A ) for the false representation of "" Bill amount '' in the positive."
11659,"Planted home lending acquired my loan thru a modification process. They were supposed to write off a certain amount. I am not positive of the exact amount, but I know it was in stages if I kept current ( XXXX, XXXX and then another ( {$200000.00} ). Not XXXX XXXX certain of exact amount. They did indeed remove the first amount. But never the second. At the time my interest was XXXX XXXX. Now it stands at XXXX XXXX. During the XXXX XXXX XXXX I was unemployed. Not able to make my mortgage payments. Once the grace period ended I started paying and found it different to continue. They started foreclosure proceedings. I borrowed {$40000.00} and wired it to planet home lending. I have been paying my mortgage until XXXX of XXXX, when they raised my payment by {$1500.00} making it impossible to pay. I am requesting a forensic analysis of my mortgage documents to see if there are any discrepancies ( planet stated I have a {$29000.00} escrow short ) Thankyou XXXX XXXX"
11660,"1. XX/XX/2015 (? ) I cancelled autopay for XX/XX/2015 and then asked about late fee and I was told there was a 13-day grace period before late fees would be posted. Rep 's actions and info had me breathe a sigh of relief and asked to speak with his supvsr to give him a compliment. 

2. XX/XX/2015 : Autopay went thru anyway. I called again rep stated that autopay had been cancelled but had not posted on their system yet so if it did not show a reversal on XXXX to call back on XX/XX/2015. 

3. XX/XX/2015 : Called, explained the entire situation AGAIN and this time was told could not reversed because it would put my acct into late status ( regardless of 13 day grace period ). Asked for supervisor and rep was on hold too too long attempting to get a supvsr, ( acc to bank policy ) and she would have to end the call. I was not allowed to hold any longer. 

4. Called again and THIS time I was told the cancellation had to have been two business days prior to scheduled autopay for it to be effective Spoke to supervisor who told me nothing could be done. Asked for HER supvsr and was told there was no one else who could help me. 

I was ( am ) having financial difficulties as it is, and NOW my checking acct with a different bank is overdrawn and will have to pay approximately XXXX in overdraft fees! 

AND prior to this, on XX/XX/2015 ( I think ) I was taking care of a pymt and when asked to verify my address they had an address in a city and state where I have never been in my life. They said they made the correction but just in case I called again and they still had the wrong address. So far now, I think, my address is correct again. I am still waiting for an answer as to how and why this happened. Because of the wrong address, I did not receive a stmt and the reason I had to cancel the autopay to begin with."
11661,"XX/XX/year> I sent a domestic wire to my daughter for school. The wire got rejected on the same day but Chase has not returned the money. My bank stated the funds should have been returned immediately. However, Chase stated that my bank has to request the money back and that process could take several days. They also said my daughter needs to call the bank, she did and she walked into the branch. During this time, my daughter is in a different state without funds for food, transportation, etc."
11662,I AM A VICTIM OF IDENTITY THEFT.SOMEONE STOLE MY IDENTITY. ITS CAUSING ME SO MUCH HARDSHIP. I HAVE BEEN TRYING TO BUY A HOUSE AND THESE FRAUDULENT ACCOUNTS ARE CAUSING ME A HARDSHIP. PLEASE REMOVE THESE ACCOUNTS FROM MY PROFILE.
11663,"I am a W-2 employee and consumer. I do not operate a business and I do not have a business bank account. 

Giggle Finance approved and funded what they described as a business or merchant cash advance product, even though the funds were deposited directly into my personal checking account and my income is W-2 employment income. The agreement required me to certify that the account and funds were used solely for business purposes, which is inaccurate and was not verified by Giggle Finance.

Giggle Finance later admitted in writing that my application for this advance was submitted before I was eligible under their own policies and that they did not reject it, but instead held it aside and later funded it anyway. This indicates improper underwriting and approval of an ineligible application.

After funding, Giggle Finance initiated recurring withdrawals from my personal checking account. I revoked authorization and placed a stop payment with my bank. After my authorization was revoked, Giggle Finance continued withdrawing funds by switching from ACH debits to charging my debit card, without my consent or any new authorization.

I disputed these transactions with my bank as unauthorized electronic fund transfers, because they occurred after authorization was revoked and because this was a consumer account, not a business account. The bank informed me they could not recover the funds, but the withdrawals continued despite my revocation.

In summary : I am a consumer, not a business The product was misclassified as business financing The application was ineligible and improperly approved Funds were deposited into a personal account Authorization was revoked Giggle Finance continued debiting by switching payment methods without consent I believe Giggle Finance engaged in unfair and deceptive practices by misclassifying a consumer transaction as business financing, approving an ineligible application, and continuing to debit my account after authorization was revoked."
11664,"The bank sent me a solicitation to open new checking account that would issue a {$200.00} bonus after compliance with several steps. The exclusion listed in XXXX XXXX XXXX was listed as it has to be available only to new customers including holders of the so-called XXXX XXXX accounts. The offer pertains to ING online bank products which CapitalOne acquired several years earlier. The listing pertains only to XXXX XXXX accounts and it does n't mention INC XXXX accounts. When I contacted the bank supervisor about this I was told that my name was on the list although I admitted that I do not qualify for the offer extended to me. He then reaffirm his position that I should apply for the account anyway and that the bank will make an exception to its restriction on case by case basis. When I requested that email be sent to that effect, reaffirming this position, he refused to do so. 
Questions : 1 ) Why Capital One sends offers to people stating that they were pre-selected for the offer while in the same time knowing well they do n't qualify for it? 
2 ) Why the XXXX do not clearly state that ING XXXX accounts held prior are the disqualifying factors putting instead the "" XXXX XXXX & gt ; ''"
11665,"XXXX. My XXXX has XXXX accounts with Regions bank ( checking, debit card, savings ). This complaint is regarding the checking account. Utilizing the online banking interface, each transaction was categorized ( with several custom categories ) and had a memo field inserted to designate the exact purpose of the transaction, which provided the basis for monthly financial statements, budgeting, and tax filings. Regions recently upgraded their online system and stripped all customer entered data, which resulted in the loss of all categorization and memo fields. Current and historical data has been reduced to only the date and amount, all customer entered data has been lost."
11666,"Ocwen as the servicer and/or acting on behalf of the investor or any other entity DO NOT have documents for enforceable interest as stated under the National Settlement Consent Order. Therefore, I 'm requesting a Mortgage lien release on the property immediately and a refund for all 182 monthly principal and interest relating to the loan from XXXX XXXX through XXXX XXXX and all items need to be omitted from our credit report because they are not factual a ) Please provide a complete pay history for the life of the loan. 
b ) I 'm in receipt of your recent Annual Escrow Account and would like a detailed explanation of the various charges. A copy of the same is attached hereto. Specifically I 'm inquirying about the specific fees and charges : - {$1900.00} for Projected ending Balance and "" $ XXXX for "" Actual Ending Balance '' Please explain this amount What portion is attributed to taxes and insurance etc? 
Is there a force placed policy on my account? If so please provide a copy of the forced place insurance policy and any and all notices you sent me prior to force placing insurance policy on the property. 
{$3400.00} in the Mortgage/Hazard insurance What type of mortgage insurance is this for? 
Please provide a copy of the mortgage /Hazard insurance policy Please provide a copy of the title insurance I was charged for Please provide a copy of tax and title certificate that I was charged for Interest rate Explain how the interest rate was calculated Maturity date Please Explain how the Maturity date was calculated Please provided Loan Report."
11667,"XXXX has been trying to contact me repeatedly for debt either not owed due to fraud, threatening me about seizeing property I dont have. Recently last week I told them Im very sick and have had XXXX of XXXX XXXX on my XXXX and not working at the account for XXXX shouldnt be owed due to have XXXX  XXXX multiple times not working having to stop working my kids XXXX XXXX me constantly in and out the XXXX XXXX XXXX XXXX due to XXXX XXXX. I lost my home I lost everything in my home. They repeatedly call either from different number and demanding me to contact other numbers to make a payment of {$1800.00} that I dont have. All American lives were at risk and I was fighting for mine. Before I even knew I had XXXX  I had XXXX  and just thought I was sick. But my kids were bringing it home from school so thats why my Dr wrote a note to the school stating my kids needed to go on Virtual due to the XXXX XXXX  I had already with my XXXX XXXX. Please remove this debt and stop calling me."
11668,"XXXX is showing that I have a XXXX XXXX XXXX XXXX at XXXX XXXX XXXX XXXX, XXXX, FL XXXX, Phone : XXXX ( XXXX ) XXXX - XXXX.The mortgage does not belong to me, I never applied for it or never enjoyed it, furthermore, I was living at the time overseas. According to the report, the account was opened on XX/XX/XXXX. The original mortgage amount was for {$29000.00} and the remaining balance is for {$25000.00}. The mortgage amount is {$500.00} and has been paid ( struggling ) monthly by someone, but stopped payments altogether in XX/XX/XXXX. After I have tried before to calling to XXXX  and XXXX to try to get the issue resolved but I have been unable and got as response that "" after they investigation they concluded that the debt was mine ''. It was impossible to get it resolved. 

Recently I was able to pay a visit ( had to go in person ) to the address before described ( XXXX XXXX XXXX ) given that I was unable to get it resolved by phone or email and was promised that they were going to investigate the issue. A week later I got the following answer from XXXX XXXX XXXX : '' Thank you for contacting XXXX XXXX XXXX Financial Services Department. Pursuant to your request, we have concluded he investigation, XXXX XXXX XXXX does not have your information on our records. Management recommends that you reach out directly to Experian and XXXX and process a dispute of the information they are reporting ''. 

I would like to have the wrong information deleted from my report as it does not belong to me and it creating a lot of stress and it is not allowing me to buy a car or a house with a decent score."
11669,"I am current on my mortgage with Valley National Bank. I received two mortgage statements dated XX/XX/year>. One of the statements stated I was XXXX  days delinquent and owed {$13000.00}. It said I was subject to fees and foreclosure. I am an XXXX XXXX XXXX XXXX This terrified me that I might lose my home and my payments had been going to the wrong place. My son called the bank and there was a recorded message that some statements were sent in error and should be ignored. However, I have not received a letter from the bank that this was an error. I have not been able to talk to a person since wait times on the phone are in excess of 30 minutes. The other statement I received was correct and indicated only the regular payment of {$790.00} was due."
11670,"I had dental services from XX/XX/2012 to XX/XX/2012. At the time I was covered under XXXX. I paid for the remaining balances with my credit card. I submitted paper work for the dentist to be paid directly from the insurance carrier ( XXXX ). You will note that is what happen on the claim form. The dentist indicated that "" XXXX paid patient '' at the bottom of the claim form bill. 

I was contact recently and ask to pay a bill that was supposed to be paid by the insurance company back in XX/XX/2012. I have subsequently changed employers and insurance carriers. The insurance company does not keep records back that far. 

I have asked for a canceled check from the insurance company to show that I cashed any check. They do not show one being cashed my me and the collection agency can produce any documentation showing that I received payment ( other than the handwritten note at the bottom of the bill page ). 

I am being as to pay for a service almost XXXX years later with no indication that the bill was submitted to the insurance carrier ( rejected or paid to me XXXX. 

This wrong and unethical. The credit collect agency it threaten to submit this claim to the credit reporting agencies to "" damage my credit ''. This is also wrong. 

The person that made this "" threat '' was XXXX or Credit Counsel, Inc ( XXXX, XXXX, FL XXXX ). Email : XXXX."
11671,"I have been a victim of XXXX fraudulent charges in a row on my TD bank which happened XXXX XXXX, 2016. I noticed those transaction on XXXX XXXX, on my ATM mini statement and right away reported the matter to my local TD bank branch in XXXX, CT. They have told me they 'll investigate the matter and that they 've promised my funds will be back to my account in about 10 days. This incident has drained my funds and I was slapped with a {$70.00} overdraft fee which I vehemently protested because I 'm not liable for this. I kept calling TD bank hoping to give them pressure to settle this problem, I have so much bills that was hanging in the balance. Greatly this has put me in a bad side thus putting all my bills on hold. Ten days had passed and nothing has happened and all they tell me is false promises. I need my account and my money back. Wish this bank call the attention of it 's customers for such unusual transaction ( happened at an interval of XXXX minutes in one day for XXXX fraudulent transaction ) I just do n't want TD bank give me false promises, it seems to me they 're not doing enough to help their customers."
11672,"Both my wife and I have opened new accounts, they were unwilling to change the deposit tier so I have attempted to transfer money from my account to her account a number of times and they have placed numerous security holds on the transactions. I have called numerous times to lift the holds only to have them placed on the account again. They have not been willing to lift the holds or offer any explanation for denying me access to my money."
11673,"Subject : ** Complaint Regarding Credit Bureau Non-Compliance with FCRA XXXX XXXX XXXX  Dear CFPB, I am a victim of XXXX XXXX, also known as "" false imprisonment. '' Under the Fair Credit Reporting Act ( FCRA ), specifically [ 15 U.S.C. 1681c-2 ( a ) ], credit reporting agencies are required to block negative information on a credit report resulting from human trafficking upon receipt of appropriate documentation. 

I provided the credit bureaus with all necessary documentation, including proof of my status as a trafficking victim, and requested that the negative items related to this situation be blocked from my credit report. Despite my submission, the credit bureaus negligently failed to comply with their legal obligation to block the disputed items. 

This failure to act has caused ongoing harm and is a direct violation of the FCRA. I am requesting that the CFPB take action to hold the credit bureaus accountable for this negligence and ensure they fulfill their legal duty to protect victims of human trafficking. 

Thank you for your assistance in resolving this matter. 

Sincerely, XXXX XXXX"
11674,"This Comenity account is showing on my credit report as the last stepping stone of fraud prior to what appears to be a fraudulent life insurance policy in my name thru XXXX XXXX XXXX. This bank shows on my XXXX dispute of an address I never lived at that I disputed the date for 'Comenity Bank XXXX XXXX is XXXX XXXX XXXX. The XXXX XXXX XXXX XXXX inquiry shows XXXX XXXX XXXX.

I reported this to the FDIC however I lost access to the email address I used to file the complaint ( XXXX ) Please inform me what's going on with this cause it looks like this is a credit card or checking account that was used to make a fraudulent life insurance policy in my name, ironically right before everywhere I go weird nefarious things have been occurring."
11675,"The following complaint is being written because I feel like there has been some unfair practices exercised by my mortgage company which is Security National Mortgage and the appraiser hired by them to conduct an appraisal on my home for the purpose of removing my Primary Mortgage Insurance ( PMI ). Initially after four months of requesting an appraisal on my house it was only granted after I filed a complaint with the Attorney General for the state of Tennessee. I was charged almost a {$1000.00} dollar to pay for an appraisal that was chosen by my mortgage company. I was informed by my mortgage company that my PMI could only be dropped, if my LTV was 75.00 % because my loan wasn't more than five years old, although in my closing documents it states that my LTV has to be 80 %. The appraisal was conducted on XXXXXXXX XXXX XXXX and on XXXXXXXX XXXX XXXX I was notified by Security National Mortgage that I did not meet the criteria because my LTV was only 75.70 % and not 75.00 % as a result of the appraisal. Upon reviewing the appraisal, I notice a couple of things that didn't add up, such as the square footage of my home and some comps that the appraiser used that were almost a year old. I found this odd because two previous appraiser had the square footage higher and closer to what the XXXX XXXX  Tax Assessor has recorded. I also, notice the appraiser chose two houses outside of my subdivision that had been appraised almost a year ago and less in value when there were two comps within a mile of my house that he could have used. This concerns me greatly, because I had a market analysis done on my home and it appears the appraiser may have under valued my house by more than a {$100000.00}. I have attached a copy of the dispute submitted to Security National Mortgage along with one previous appraisal conducted on the house at the time of purchase."
11676,I was sold scam tickets to XXXX XXXX XXXX XXXX XXXX. Seller claimed to have tickets and convinced me to use PayPals friends and family setting so I couldnt revoke payment after processing. He had no such tickets. I have screenshots of our interaction that I can provide I tried making a claim with PayPal but was denied
11677,"I am writing to formally express my concerns regarding Zelle 's handling of disputes, particularlyin light of the recent CFPB lawsuit highlighting significant issues with the platform. Despite using Zelle numerous times and reporting discrepancies, my financial institution and Zelle failed to investigate my claims adequately. They informed me that recovering lost funds was impossible and that tracking these transactions was unfeasible. The CFPB 's findings indicate that Zelle has not only neglected to protect consumers but has also allowed repeat offenders to exploit the system, leaving users vulnerable to scams. The lack of accountability and transparency is unacceptable and raises serious concerns about consumer safety."
11678,"Hi sir/madam Am started to using SBI cashback credit card on XX/XX/XXXX Sales executive offer me 'The Cashback SBI Card has no application cost. But, beginning with the second year, you will be required to pay an annual/renewal cost of RsXXXX XXXX which is waived if you spend RsXXXX XXXX  lakh in the preceding year. so am applied. card deiliverd in XXXX 
Bill generated XX/XX/XXXX, am checking the statement its included annual fee XXXX, I have SBI delivered Envelopes, its inside Exclusive Benefits Letter Clearly Mentioned 'Renewal Fee of Rs. 999 + taxes is applicable from Second year onwards which can be reversed on reaching annual spends of RsXXXX XXXX lakh ' ( Referring image below attached ) I am requesting that the error be corrected, that any finance or other charges related to the disputed amount be credited to my account, and that I get an accurate statement."
11679,"Midland Credit Management contacted me about an invalidated debt and made threats to me as a natural person and my reputation as a consumer. They have unlawfully put a negative remark on my consumer report pertaining to this invalidated debt and caused me great injury and harm, because I am being denied for credit. There are multiple FDCPA and FCRA violations Midland Credit Management has made in their attempt to collect this debt from me. 

I am fearful that Midland Credit Management will continue to make threats against me and harass me in relation to the alleged debt. I have sent Midland Credit Management a cease and desist and validation of debt to bring an end to this matter immediately. I have also invoiced Midland Credit Management, for multiple consumer rights violations. Pursuant to 15 USC 1692k."
11680,"I have no knowledge of this debt as I have always had medical insurance! I was never contacted by the debt collection agency regarding this debt that I do not owe. They are reporting negatively on my credit and I have no knowledge of this debt. I never had a contract with this debt collector for any debt. Please provide proof from the original creditor that this debt collector owns this debt and has the legal authority to collect it or delete this account. 

FCRA 15 U.S.C 1681"
11681,On XX/XX/2017 someone applied for a Barclays Credit Card with my Information without my consent which resulted in an hard inquiry on my XXXX Credit Report. I contacted Barclays Bank Delaware themselves and tried to resolve the issue but couldnt.
11682,"On XX/XX/2021, XXXX transferred funds to me to the incorrect bank account. The funds were sent in my name through trace # XXXX. The funds were placed into a USAA bank account that does not bear my name and is not associated with me. XXXX will not take any action until the funds are returned, and USAA refuses to return the funds. The amount of the transaction is {$2700.00} and were placed into account XXXX. I filed a dispute with USAA and they denied my request to send the funds back to XXXX."
11683,"Went to XXXX  at XXXX XXXX XXXX XXXX in XXXX XXXX NV for me. Date of service was XX/XX/year>. I received my first physician bill on XX/XX/year>. However on XXXX XXXX. I got a letter in mail telling me I have a medical bill in collections of the amount of {$1700.00}. 
I wasnt given enough time to resolve it before it went into collections ( less than XXXX  days ). Wasnt informed that this bill was getting sent into collections. Only time company reach out was to let me know I have remaining balance through text only. Not by mail or email either. Spoke to representative from XXXX and they were telling me that the XXXX  day countdown start at the date of service which isnt true its the date of the first bill that was sent. I feel like wasnt give enough time to solve this bill and wasnt given any notice of bill getting sent to collection was unfair"
11684,"I signed up for an American Express platinum delta airlines card Card ending in XXXX. When I went to use the card I was repeatedly denied access to the Delta Airlines club. This is in contradiction to the terms of the card, which states that I am allowed to enter the club. I was also denied access to affiliate clubs in a number of international locations including most recently XXXX XXXX. The card also allows for baggage credit on Delta Airlines. Delta Airlines repeatedly did not allow for this credit. And American Express did not honor these credits. When I complained. I called to cancel the card and was told by the AMEX REP would be absolutely no penalty, and or no clawing back of The card also allows for baggage credit on Delta Airlines. Delta Airlines repeatedly did not allow for this credit. And American Express did not honor these credits. When I complained. I called to cancel the card and told there would be absolutely no penalty, and or no calling back of prior benefits. American Express then sent me an on-site email telling me they have the right to do this which is bogus. I would like the {$250.00} that I paid for the annual fee to be refunprior benefits. American Express then sent me an on-site email telling me they have the right to do. 
this which is bogus. I would like the {$250.00} that I paid for the annual fee to be refunded, and well as any benefits to be reinstated. 

I also signed up for an American Express platinum card to replace this card. American Express will not honor this refund I will cancel the NEW card, which costs $ XXXX. 

I was on hold for over 40 minutes XXXX  XXXX the CS rep how threaten to hang up on me until I asked for a supervisor. that a supervisor never came to the phone and DID NOT CALL ME BACK AFTER 48 HOURS"
11685,"Hi, this is XXXX XXXX. I was in a sudden move about a month ago. I need a loan because the apartment came with so many extra fees. This was my first personal loan ever. I got an offer for a loan for {$950.00} but the repayment is {$5700.00}. The interest rate is 700 %. Im not sure if this is even legal. I just need some assistance before it ruins my credit. However the loan agreement expects me to pay XXXX a week for the next few years! I need to know something I can do about this loan. Its like theyre gauging and this should definitely be illegal. It puts people wayyyy further in debt. Please point me into the right direction."
11686,"My PayPal account received a withdrawal email notification, but the withdrawal could not be completed. I contacted PayPal customer service many times and kept waiting for me. Is there any problem with withdrawing my money?"
11687,Last year i spoke to LVNV FUNDING LLC regarding an amount that was not used by me. The amount was XXXX that i was told someone in Connecticut was using at the time. I spoke to the company and i was told by XXXX XXXX XXXX that someone was using the card in Connecticut.The card was not in my possession.XXXX XXXX XXXX decided to report on my credit. I have never been to Connecticut before.I reported the card to XXXX XXXX and nothing was done i was told someone used the card in Another state and no one fixed the issue instead they reported an amount that was not used by me.
11688,"XXXX XXXX, XXXX, XX/XX/1984 This CFPB complaint has been filed to request pursuant to FCRA 605B ( 15 U.S.C. 1681c-2 ) that you, the TransUnion credit reporting agency , block information appearing on my consumer credit report that is the result of identity theft and fraud within 4 business days of you receiving this complaint. This fraudulent, inaccurate, and false information consists of XXXX  XXXX XXXX, XXXX  XXXX XXXX, XXXX  XXXX XXXX, XXXX XXXX XXXX, XXXX XXXX XXXX XXXX XXXX XXXX XXXX XXXX XXXX XXXX XXXX XXXX XXXX XXXX XXXX XXXXXXXX, XXXX, XXXX. 
These accounts have resulted in several fraudulent hard inquiries and fraudulent collections appearing on my consumer FICO credit report. All of the aforementioned accounts, collections, and hard inquiries are the result of identity theft and fraud. I have attached a copy of FTC Identity Theft Criminal Complaint XXXX as proof from the US Federal Trade Commission that all of the aforementioned consumer credit accounts, collections, and hard inquiries are the result of identity theft and fraud."
11689,"Subject : Request to increase the approval credit limit I have been using credit cards of Capital One Bank for a bit of time, I have 3 credit cards open in good standing and one credit card closed in good standing, thats currently 5 years old. I have always had a good solid record of paying all my credit cards bills on time with your company. Due to my current situation. Based on my complaint, I would like to request you to increase my approval credit line to at least {$1000.00} or {$1500.00} for account ending in XXXX which is my XXXX credit card for good credit. Please note that this isnt a credit line increase that I am requesting, it is based upon my approval notice. 

My job requires me to travel more than usual. I know that my company will sponsor my travel expenses but there are so many such expenses that I will have to bear from my pocket. I apprehend that I would fall short of money if I used a credit card for this purpose. Therefore, I am in dire need to get an approval in my credit line of {$1000.00} - {$1500.00} but if not Im cool with my {$500.00} credit limit. I am attaching a list of all my job title and current income as an attachment. Thanks again for your consideration and God bless us all and stay safe."
11690,According to the FCRA Section 605B it is illegal to report information on my credit report without my permission. I gave no permission for this company to report any of my info. Please remove from my credit report. Thank you.
11691,"I opened an account with a check drawn from XXXX XXXXXXXX XXXX, it took them up to 7 days to verify its legitimacy, I received a text that it was verified and my funds would be available and that I could activate my debit card. I proceeded to do so and used the card a couple of times ( maybe 3, in very small amounts ) I then received notification that my account was being closed and that I had to call the fraud unit. Fraud unit gave no real answer, I was transferred to a Fraud Specialist who told me my funds were being returned to me and my account was now closed because of suspicious activity ( named ). After waiting for the check, I called to check on the status 3 times, no answer, no timeline, nothing. They stated they were unable to give me any updates, then again stated they were waiting for confirmation that the check was legit after they had already told me it was, released my funds, gave me a debit card, activated it and allowed me to use it!

This made no sense when I told them the story, they again referred back to the fact that they have no update for me, no timeline to return my money, no answers.

They are holding my funds for no reason, they have no answers to any details of suspicious activity, they closed my account and are holding my funds hostage. This is an outrage!

You are kept on outrageous hold times, some of the agents are quick and hostile when you question them, they transfer you endlessly to other Ally staff insisting that they are the ones that can help me, when they dont!"
11692,"Since XX/XX/2019, we have attempted ( with my elderly Dad as co-borrower ) to enter an application for Loan Modification with Mr. Cooper on our residential mortgage. Both of us went through all of the steps that Mr. Cooper required and submitted all documentation requested. It has now been 5 months and they refuse to even clear the hurdle of the application phase. I have submitted documents on numerous times only to be told its on hold due to the underwriter requires something else and we have no control over what they are requesting. I have been in constant contact with the Loan Representative ( who  has changed to a different person twice now ). I have used their online system, I have faxed documents and I have emailed some directly but I continue to be told we need more documents or other outrageous requests. The most recent outrageous document request by Mr. Cooper in XX/XX/2019, is for a copy of the mortgage statement to be submitted, that belongs to my wifes home for proof of residency for me? They think they are going to drag her into this fiasco by demanding her personal documents and she has nothing to do with this! Its not her mortgage we are trying to modify. How can this company do that to my family? I am in dire need of resolution to save my Dads remaining sanity, health and our home where my family was raised and lived all these years!"
11693,"Good Morning, My attached auto loan information is attached. A USAA representative contacted me today (XX/XX/2024 ) to inform me that my XXXX payment was returned. I did not find this information out until this morning when I talked to the USAA representative. I should have received some kind of notification that my XXXX payment was returned so I could have taken care of it then, until now when a USAA calls this morning demanding payment for a payment I thought was already made. USAA only calls when a payment is already past due. 
Also, I am not satisfied with the customer notification process or alerting when a change is made or an event occurs that affects the customer 's account. I was informed by the USAA representative that the notification is sent through the app, which would not be of any help since I do not receive any notification to check the app for new messages from USAA. I am writing to request that I be notified through email ( XXXX ) or phone through text or voice ( XXXX ) when there is any event that affects my account. 
I am also requesting that I be sent payment alerts when a payment is upcoming due or past due. Please send me these notifications to help me stay on top of this account. Your customer service has made it difficult to stay on top of my auto loan. 
Also, I am not able to see any of my payment history when I log into the app. When I check Recent Transactions, I only see what has been applied to the principal and interest on my loan. This is not sufficient, a customer should be able to see a payment history of payments they submit. 
I was told that a late payment would be applied to my car loan, but I believe this is unfair since you never adequately notified me that the payment was returned in the first place. 
I will be submitting a payment on XX/XX/2024. 
Thank you.XXXX XXXX"
11694,"The following Account has never been late and the credit bureaus are reporting inaccurate information. As well as many other inaccuracies in their report. 

I have previously requested that you investigate this information and you have failed to correct the errors you are reporting on my credit report. Now its not time to update, I demanded that you IMMEDIATE DELETE this INACCURATE information from my credit report. 

ACCOUNT : XXXXXXXX XXXX XXXX XXXX # XXXX In accordance with the Fair Credit Reporting Act, They have violated my rights. 15 U.S.C 1681 section 602 A. States I have the right to privacy. 15 U.S.C 1681 Section 604 A Section 2 : It also states a consumer reporting agency can not furnish an account without my written instructions"
11695,"I have disputed several transactions on my card- some were credited others have not been credited. I last reported a charge for XXXX over the phone, I never received a letter stating that it was being investigated and Wells Fargo won't allow me to check older transactions that may still be fraud. I have paid my account in full to avoid the interest charges for charges that are not mine. I have never allowed my account to be delinquent, but Wells Fargo has not done their absolute best to protect me and I'm not sure how many other fraudulent charges I've paid by mistake."
11696,Everytime I call customer service they won't help me plus they don't respond wen I despute my transaction.... the amount is {$9500.00} in total... I would love to gain all my money back... I have posted a few of my receipts but not of them thank you for your assistance I have been with since XXXX I'm so terrify about they service
11697,I tried to contact santander usa about my auto loan they hung up on me which is pretty consistent with other people 's reviews I purchased a car from XXXX have recieved XXXX items on account number anything like that I have auto pay plus which they surely are taking money out of my account I have no way of knowing were that money is going they have on auto pay plus thaf santander is the active loan and they have my vin number
11698,"PayPal is allowing people to hack the account. When you dispute the payment, it comes back in favor of the scammer. I disputed a charge from service farouki because its not a charge from my money that was authorized. PayPal came back saying I paid for the service and the charge is valid. There is no service or merchandise, just somebody hacking accounts and taking money from them."
11699,"On approximately late XX/XX/year>, XX/XX/year>, and XX/XX/year>, I contacted Bank of America by phone on three separate occasions to report that I was at risk of identity theft and a potential XXXX swap fraud on my account. Each time, bank representatives acknowledged my concern and promised to send dispute forms and documentation to my email address so I could formally initiate the dispute process. No email, forms, or follow-up communication were ever sent after any of those three calls. As a result of Bank of Americas failure to act on my repeated warnings, unauthorized transactions were processed on my account. When I later attempted to dispute those transactions, Bank of America denied my claims despite having been notified in advance of the identity theft risk and having failed to fulfill their own promise to send dispute paperwork. I have an active FTC Identity Theft Report filed on XX/XX/year>, and a police report filed with the XXXX XXXX XXXX XXXX. I notified Bank of America before and during the period when the fraudulent activity occurred, and the bank took no protective action."
11700,"In accordance with the Fair Credit Reporting Act XXXX XXXXXXXX XXXX has violated my rights.

15 U.S.C 1681 section 602 A : States I have the right to privacy.

15 U.S.C 1681 section 604 A section 2 : It also states a consumer reporting agency can not furnish a account without my written instructions."
11701,"I've tried multiple times to resolve my complaint with PennyMac Loan Services but they continually fail to do so. Their "" Priority '' Complaint Specialist, XXXX, will say anything to get a problem to go away and refuses to acknowledge all of PennyMac 's negligence. When applying for a highly time critical purchase loan for an investment property, the company failed several times to properly and timely communicate, additionally to accurately address my file. The company filed to accurately review my file, did not respond five ( 5 ) times during an open application during this critical time period - it was not until the sixth ( 6th ) attempt that someone did return my call. Most recently another team member, XXXX ( XXXX ) XXXX, was to also to contact me to further discuss this matter. Naturally he never called. Very typical for PennyMac. I don't see how this this company has a license to lend or really do anything. There are laps and failures at all levels. 

Never properly reviewed my financials, never contacted me with any questions, and later I found out that they double counted a mortgage payment and my auto payment. - Note that XXXX called this ( multiple times ) a "" Complex '' review. 
Six ( 6 ) attempts to reach someone during my application. The first five ( 5 ) were never returned. XXXX refuses to acknowledge this ; probably to the gross negligence that it was on their part. 
No other company who reviewed my financials had any problem and even said I could qualify for much more. 
Only declined after I have filed complaints. Retaliation by PennyMac.

Unfortunately they caused me critical time that significantly impacted me financially in addition to a great deal of stress. 
Most recently another team member was supposed to contact me. NEVER called. Not that I expect anything different from him, just continues to show the character and lack of leadership at PennyMac."
11702,On XX/XX/18 and XX/XX/18 Ditech my mortgage company sent me letters saying I had to increase my flood insurance at XXXX XXXX XXXX otherwise known as XXXX XXXX XXXX or they will find me insurance and it could be expensive. I immediately took action calling and also leaving messages at least five times with XXXX at my flood insurance company. She refused to call my mortgage company but she told me the old policy had to be paid off first before any changes could be made. I called and emailed Ditech at least five times giving them this information. They finally told me the flood policy would be paid off from escrow within five business days after I got a notice of cancellation because it had not been paid by XX/XX/18. My flood policy expires on XX/XX/18. On XX/XX/18 my flood insurance called me and XXXX had me pay a small amount ( less than {$40.00} ) for the extra coverage on my policy by credit card even though I said I have an escrow account for this. On that same day I got a letter from Ditech dated XX/XX/18 accusing me of ignoring their warning letters concerning flood insurance and informed me it will cost me {$210.00} ( includes XXXX XXXX  ) and this would be on top of the {$340.00} or so I already pay for flood insurance. Since then I have called Ditech ( again ) asking to speak to a supervisor but was told by customer service that nothing could be done until another escrow analysis takes place ( that includes the higher insurance they got me ). I emailed them yesterday twice with no reply so far. I am reaching out to you because this is the third mistake my mortgage company has made in a year and I dont have much faith in them to resolve this matter correctly.
11703,"I am submitting this complaint against TRANSUNION regarding inaccuracies in my personal information as reported in my credit report. 


Details of the Dispute : 1. Incorrect Name : My current legal name is XXXX XXXX XXXX but it is incorrectly listed as XXXX XXXX, XXXX XXXX XXXX XXXX, XXXX XXXX XXXX, XXXX XXXX XXXX XXXX, XXXX XXXX, XXXX XXXX XXXX, XXXX XXXX XXXX XXXX, XXXX XXXX XXXX, XXXX XXXX XXXX, XXXX XXXX, XXXX XXXX, XXXX XXXX XXXX, XXXX XXXX XXXX on my credit report. I request that my name be updated to reflect the correct information. 

2. Outdated Address : My current residential address is XXXX XXXX XXXX XXXX XXXX TEXAS XXXX while my credit report shows an outdated address of XXXX XXXX XXXX XXXX, FL XXXX. I request that my current address be updated accordingly. 



Supporting Documentation : I have enclosed copies of supporting documents to verify the accurate information provided above, including : A copy of my driver 's license or passport displaying my correct name. 
A recent utility bill or bank statement showing my current address. 
A copy of my phone bill or any official document that displays my correct phone number."
11704,"Per complaint XXXX XXXX, 2017 : # XXXX, I would like to add supporting dockets. When, XXXX, from card services said she was in XXXX XXXX ( where my dispute is ), I felt that by her calling me back on an automated service return call. That, XXXX, making me hold while she sits there, was punitive with me. Maybe, XXXX, knew I was had a credit card dispute. Case number XXXX. I was aggressively evicted from XXXX XXXX XXXX XXXX XXXX XXXX, 2017. I had pre-booked, XXXX XXXX, 2017 through XXXX, from XXXX XXXX XXXX, 2017 and flew from XXXX XXXX. After thinking about the phone call, I feel that, XXXX, knew too much and was acting punitively toward me and there was not a need for XXXX to be that punitive with me. There has to be another way. The Bank needs ot implement a cheat sheet with numbers and extensions. I feel so helpless without the right number. And feel ganged up on because of the way the people act toward me is like they can do any old thing to me and then hang up. And, it makes me very angry. They retaliate. I 'm tired of their insinuations!"
11705,I am currently in review for a loan modification and have provided all the paperwork that my mortgage servicer has requested. I also have a foreclosure sale scheduled on XXXX/XXXX/15 and need help getting it pushed back.
11706,"On XX/XX/2022, Paypal sent me an email notifying me of a questionable money request with a XXXX phone number to call. I logged onto my Paypal account and the identical message and XXXX phone number was there. Since it was on my Paypal account, I called the number and was connected to the supposed Paypal Fraud department. The "" Paypal Fraud '' agent told me hackers were attempting to access my BofA bank account and he needed to secure the connection between Paypal and my bank account. He instructed me to move money via XXXX to a virtual account, he would secure the Paypal-Bank connections , then the money would be moved back. I made two XXXX transfers totaling $ XXXX when my family overheard me, they urged me to stop. 

It was a scam. I immediately filed a claim with the XXXX Fraud department. I cancelled the questionable Paypal money request, and severed the connection from Paypal to my Bank, and then closed my Paypal account. I sent the original questionable email to XXXX and filed an ic3.gov report on XX/XX/2022. 

The Bank ( XXXX ) denied my claim as they could not recover the funds from the receiving Bank XXXX XXXXXXXX XXXX  ). The bank suggested I contact the "" receiver '' and request my money back. The phone numbers provided to me on XX/XX/2022 by the "" Paypal Fraud ' agent, now known to be a scammer, are no longer in service. Paypal refuses to take responsibility even though the information was imbedded into my Paypal account- saying the money transfers were outside the Paypal platform. 

I have not heard anything from ic3.gov to date. I have written an email to a local investigative reporter to possibly alert others of this scam. 

I would appreciate anything your agency can do to help me recover my {$1900.00}. Thank you."
11707,"I've had a XXXX EXCELLENT relationship with American Express Cards with 100 % on-time payments. In 2023, with the economy and the increased cost of living, I had trouble making a few payments right on time, but still ALWAYS made the payment. I had auto payment setup and for much of the year, it worked well, There were certain months where timeframes did not line up, and the funds became unavailable within the window of payment. When this happened, I received an email notification from AMEX, and I would immediately resolve the issue and manually make the payment. In XXXX of 2023, AMEX abruptly cancelled ALL my cards including ones in good standing ( while my family was travelling. I found out mid-travel with my family of young kids ). This caused a MASSIVE disruption in our lives and that my cards were cancelled. I spent weeks attempting to resolve this with AMEX to no avail. I have the ENTIRE funds in needed to completely solve the issue, and ended up making the payment to clear my balance, but AMEX was unwilling to work with me to reinstate my accounts. I have no balance with AMEX, but the sudden end to a XXXX relationship affected my credit score significantly."
11708,"Citi closed my credit card account ending in XXXX on XX/XX/2026. At the time of the closure, I had Citi ThankYou Points with an estimated redemption value of approximately {$1500.00}. After the account was closed, the points disappeared or became inaccessible. I did not receive clear advance notice that these earned rewards would be forfeited immediately after the account closure. I contacted Citi, but the issue has not been resolved, and I have not received a clear written explanation of why the points were removed or what specific policy Citi relied on."
11709,I signed up for solar from a salesperson named XXXX and was promised a sign on bonus of XXXX after installation my solar panels have been installed since XXXX and I still have no solar or no bonus and I now have two bills I am paying for
11710,"My identity has been compromise, account that I do not recognize had been placed in my name, I am requesting for this accounts to be block from my credit as they do not belong to my, an FTC report had been file and it's attached to this complaint, a police report will be filed as is requested by FCRA. None account holding inquiries and any address other than my current should be removed, opt me out of all pre-screening offers and opt me out of your systems."
11711,"This is my second complaint about this company. They have inaccurately reported to the credit bureau AGAIN and negatively impacted my credit. The company has responded to my previously complaint # XXXX with LIES. I have NOT received any communication from this company regarding the debt or my ability to dispute the debt. 
As per their communication to your office they indicated Sunrise sent multiple written correspondence detailing the account and containing all required disclosures, but we were never able to reach Ms. XXXX via phone '' This is not factual information. My rights under the FCRA are not communicated by phone. I have never received communication from this company. 

Further your company reported this information excessively. 
Your response on XX/XX/21 stated "" Sunrise has also sent a deletion request to the credit bureaus to which it reports on behalf of the creditor to remove any negative trade-line it may have reported Sunrise will no longer be involved unless we can be of assistance to your office or the consumer directly '' Now. LESS than 30 days from the company statement, this information was reported again to the credit bureau. This furthers my claims of excessive collection activity. 
Cease and desist with this predatory practice. 

REMOVE THIS INFORMATION and STOP PROVIDING FALSE STATEMENTS TO THE CFPB. I WILL PURSUE MY RIGHTS TO SUE YOUR COMPANY FOR VIOLATION OF MY RIGHTS."
11712,"I had FFEL loans at Navient that I made about $ XXXX in payments towards. I was approved for BDTR under SVC. I did not qualify for a refund of those payments because they were FFEL "" commercial '' loans.

I was never warned that I would lose all rights to a refund in any circumstance, including BDTR. Lenders lobbied to make all of the same terms and conditions as Federal loans so that the government could not offer better rates and take profit away from them. 

No borrower received any better rate or service by staying with Navient, the interest rates are the same. There was no benefit for borrowers, in fact many of the benefits that Federal loans have, were taken away. And Navient has a long history of manipulating and neglecting borrowers.

With those things in mind, why are they still getting away with no refunds? 
They are Federally insured and backed, would they not get paid back anyway? 
Why were nearly all of the benefits of federal loans taken away, while offering nothing in return to compensate, like better rates etc.? 
Why would the Holder 's rule not apply here? 
XXXX XXXX and Navient never explained that a commecial FFELP was actually the worst option for borrowers. In fact I was given little information at all about it. 

It is beyond criminal that Navient has been getting away with so much for so long and profiting from it. Why does the DOE and CFPB not do anything about it? 

Navient needs to honor all approved Borrowers Defense approved loans by discharging AND REFUNDING all payments to everyone that has been duped and manipulated into these financially crushing loans."
11713,"In accordance with the fair credit reporting act. The list of accounts below has violated my federally protected consumer rights to privacy and confidentiality under 15 USC 1681.

Account name : IQ Data International IN and account number IQD0NA Account name : XXXX XXXX XXXX and account number XXXX 15 USC 1681 Section 602 A : States I have a right to privacy.

15 USC 1681 section 604 A section 2 : It also states a consumer reporting agency can not furnish an account without my written instruction.

15 USC 1681 section 2 : A person should not provide information about a consumer to a consumer reporting agency if they know or have reason to believe the information is inaccurate. This also applies if the consumer has notified the person that specific information is inaccurate, and the person has the consumer 's address on file for such notices."
11714,"Re : Complaint Regarding Inaccurate Credit Reporting by Chase Bank To Whom It May Concerns, I am filing a complaint regarding Chase Banks inaccurate reporting of a charge-off on my account ending in XXXX. 

On XX/XX/XXXX, I received a written notice from Chase confirming that my application for a Debt Management Program ( XXXX XXXX ) had been accepted. The letter stated that my first payment of {$310.00} was due by XX/XX/XXXX. I made this payment early, on XX/XX/XXXX, and continued to make regular monthly payments thereafter : XX/XX/XXXX {$310.00} XX/XX/XXXX {$310.00} XX/XX/XXXX {$310.00} XX/XX/XXXX {$310.00} XX/XX/XXXX {$310.00} XX/XX/XXXX {$310.00} ( and ongoing thereafter ) Despite meeting the DMP requirements and continuing to pay, Chase reported my account as charged-off on XX/XX/XXXX. This reporting is inaccurate and misleading. At that time, I attempted to resolve the matter directly with Chase, but they refused to work with me. 

Most importantly, the account was fully paid off on XX/XX/XXXX. Despite this, the charge-off notation remains on my credit report, which is causing significant harm by limiting my access to credit and interfering with my ability to grow a new business. 

I respectfully request that the CFPB require Chase to : Correct this inaccurate reporting with all credit bureaus, and Remove the charge-off notation from my credit history, as it does not accurately reflect my payment performance or the fact that the account was fully satisfied. 

Thank you for your assistance in resolving this matter. 

Sincerely, XXXX XXXX XXXX"
11715,"I am filing a complaint against Cash App ( Block , Inc. ) due to inadequate customer service and unfair practices, which violates the Customer Financial Protection Act ( CFPA ). Specially, cash app failed to take timely and effective measures to prevent and address vulnerable and unprotected. Furthermore their dispute resolution process was unfair and deceptive, as they did not comply with error resolution requirements under the electronic fund transfer act ( EFTA ) and regulation E. These actions have caused significant inconvenience and financial loss, and I seek appropriate redress for these violations."
11716,"I am not liable for this debt with XXXX XXXX XXXX XXXX  XXXX  and I do not have a contract with ARS plus they did not provide me with the original application like I asked. 
Account No : XXXX Amount Disputed : {$1000.00}"
11717,"I sent in a dispute letter via online and certified mail on XX/XX/2024 stating To Whom It May Concern : I am writing in regard to the above-referenced accounts and transactions. 
Credit Consultants Association 336 CREDIT ACCEPTANCE CORP - ( reported balance {$13000.00} ) REPOSSESSED and sold to an auction for {$9000.00}. Im requesting that it be removed from my report, the information and balance reported is inaccurate. This vehicle was repossessed by XXXX XXXX in the State of <LOUISIANA> and resold. Under the laws of the State of <LOUISIANA> UCC <Your stats UCC code, you will need to look this up> and State XXXX  and XXXX statutes a deficiency can not be claimed unless all of the required notices were properly and timely given and all of the allowable redemption and cure time limits were adhered to. 

Please provide copies of the legal notices and proof of the commercially reasonable manner of the resale of the subject vehicle. If no such proof is provided within 14 days from receipt of this notice, the alleged claim of a deficiency will be considered null and void and any continued collection activities, or continued reporting of this invalid claim on my credit reports, will be considered a violation of the FDCPA and FCRA. In addition, if you singularly or severally fail to comply with the above requests, I reserve the right to seek damages against all parties, under all available state and federal statutes and UCC 9 remedies."
11718,"In XX/XX/XXXX, I received a letter from Cooling & Winter Attorneys about a debt that I do not owe them. I responded back to the letter within 30 days as requested. I asked for them to verify the debt and send me all original signed documents. They did not send me any documents with my signature. Instead they sent me a copy of some documents they got from the XXXX County court. The court documents show a total balance of {$2100.00} for all costs but Cooling & Winter document says the balance is {$2600.00}. The fair debt collection practices act says that a creditor must provide me with original documents if I request them. They must verify the debt before attempting to collect the debt. They are also in violation for trying to collect more than the original balance. This debt was disposed XX/XX/XXXX and they are still trying to collect on it."
11719,I have contacted them they so nothing..they suppressed my credit report for numerous years when I filed bankruptcXXXX XXXX XXXXXXXXwhich they got paid what I was behind they also did a modification that added everything I had paid to the back of the loan pushing my date many years in a 30 year mortgage ... I pay them they are not reporting I show no mortgage on my credit report They also added all my late fees to XXXX 's payment since I have been complaining to them over the last few months ..they never do that..they are horrible ..I have had my mortgage since XXXXt was sold to XXXXXXXX XXXX XXXX  their sister company..it 's not with XXXX XXXX ... .nothing but stress and years of them taking advantage of me..
11720,"On XX/XX/year>, I noticed a wage garnishment of {$310.00} per paycheck, totaling {$620.00} per month, without proper prior notice or documentation proving the debt is mine. This garnishment is allegedly connected to a debt under the U.S. Department of the Treasury. 

According to CBE Groups response, they claim to have sent an initial notice on XX/XX/year>, and a wage garnishment warning on XX/XX/year>, both to an old address belonging to my parents, which I no longer reside at and did not authorize for communication. I never received either letter, and this address was not confirmed or verified with me. 

On XX/XX/year>, I submitted a formal written dispute and requested debt verification. To date, I have not received any documents verifying this debt, nor have I been shown evidence that I am legally responsible for it. 

I am requesting : 1. Immediate suspension of wage garnishment.

2. Full verification of the debt in writing.

3. A refund of garnished wages if the debt is found to be invalid or misapplied. 

This violates my right to due process and proper debt validation."
11721,"I received a letter from Capital one to recover my funds. Capital One denied my claim although the amount of wire was due to Fraud/Scam. CapitalOne fraud department did nothing to recover my scammed funds except request wire recall without any internal investigation of follow up. MY COMPLAINT WAS NOT HANDLED JUSTLY AND APPROPRIATELY. 
I do not think they even followed your own processes. After this event, CapitalOne closed by account. since I was a scammed victim, CapitalOne terminated my banking relationship with them. There was no resolution with this situation. I am very disappointed this was not resolved. CapitalOne only responded only after I filed a complaint number XXXX. I believe, had CapitalOne was vigilant in their Fraud department, I may have recovered some of my money. Losing {$20000.00} to a scammer is no laughing matter. CapitalOne denied my claim for reimbursement and closed my case without any resolution nor communication prior to closing my case. I sent the fraud department my evidence which they did not even reviewed. In addition, CapitalOne failed in following up with XXXX XXXX  to reclaim my funds."
11722,"Subject : Identity Fraud Report Related to Equifax Data Breach Dear EQUIFAX I am writing to formally report an incident of identity fraud that I believe is connected to the Equifax data breach that occurred in XXXX. As you are aware, this breach compromised the personal information of approximately XXXX XXXX individuals, including sensitive data such as Social Security numbers, dates of birth, addresses, and more. 
Since this breach, I have experienced suspicious activity that leads me to believe my information was compromised. Specifically : 1.I tried the dispute online, but had no success due to the information on your files is inaccurate and incorrect.

2. You never updated my profile with the correct information I mailed to you in XX/XX/XXXX. 
3.You stated you VERIFY the Creditor information and it's ACCURATE, But these COLLECTIONS ACCOUNTS are FRAUDULENT due to YOUR BREACH OF MY INFORMATION and I filed an FTC IDENTITY FRAUD REPORT ON ALL COLLECTIONS ACCOUNTS.

4.ENCLOSED is an COPY OF MY FTC REPORT NUMBERS.

5. This Breach has Damaged my Life in All Forms possible.

To mitigate further damage, I have taken the following steps : 1. Placed a fraud alert and/or credit freeze with the credit bureaus. 
2. Contacted the affected institutions like XXXX AND XXXX to dispute fraudulent charges or accounts. 
XXXX. I TRIED TO CONTACT EQUIFAX BUT THE REPRESENTATIVE WOULD NOT DISPUTE IT OVER THE PHONE. 
Enclosed, please find COPY of relevant documents, including : FROM FTC Thank you for your attention to this matter. I trust that the FTC will continue to hold Equifax accountable and support consumers like me in safeguarding our identities."
11723,"I am writing to formally dispute the unauthorized inquiries listed on my credit report, which are fraudulent in nature, these inquiries appear on my credit file.

As a victim of identity theft, I have taken all necessary steps to address this issue, including contacting the institutions associated with these inquiries and providing comprehensive documentation to substantiate my claims. Despite this efforts, your bureau has yet to resolve this matter satisfactorily.

It is essential to note that the fraudulent nature of these inquiries has been confirmed by the respective institutions, and they have assured me that these inquiries were erroneous and should be removed. Furthermore, please removed these unauthorized inquiries from their records.

Therefore, I am perplexed and concerned by your bureau 's continued reporting of these fraudulent inquiries. This ongoing issue not only undermines the accuracy of my credit report but also causes significant distress and potential financial harm to me. 
XXXX XXXX XXXX inquiry Date XX/XX/XXXX XXXX XXXX XXXX XXXX inquiry Date XX/XX/XXXX XXXX XXXX XXXX XXXX inquiry Date XX/XX/XXXXXXXX XXXX XXXX XXXX"
11724,"I called to open a dispute and provided the information the requested. Once I opened a dispute the merchant requested I return the product. I returned the product with the label provided by the merchant and they never refunded me. 

When I contacted capital one they then said that I shouldn't have used the merchants return label and I should have paid to send it back. I also should have requested a signature to prove they received it. I asked them to send me information outlining these requirements and they said that it wasn't available to me. I then asked where on your XXXX XXXX  XXXX does it say that and they said it doesn't. 

They then said it's a request from XXXX. I said ok can you show me where XXXX  outlines that information and they couldn't. 

So at this time I opened a dispute for a vendor not able to returning goods. Once I opened the dispute the vendor waited until the very last minute for the 30 day dispute time and responded to capital one. After that they then sent me a return label so I could ship the product back. They said that after receiving the product they would process a refund in 5 business days. It has been 2 weeks and I have no communication from the vendor and no way to reach out to them. Capital one said shouldn't have used their return label and I am out of luck."
11725,"In XX/XX/year>, we requested for phones for our family, ( which turn out to be a financial nightmare XXXX XXXX  ), however few days after receiving the phone we returned the whole phone because they never meet our expectation, XXXX acknowledged the returns, ( see attached return confirmation letter ) and post return confirmation a refund was issued by XXXX  however few months later despite the fact that we have return their equipment and they XXXX had also issued a refund XXXX XXXX XXXX had noticed that another department from XXXX had continue to charge us monthly services fees. 
in XX/XX/year> We contacted XXXX by phone, asking them to stop charging and debiting our account and we also requested that they refund all the money taken, they agreed to do so in 45 days, but instead of doing that, they continue to charge/debit our account, we called them again and again, nothing happened so we closed the account, upon closing the account they started writing us to pay and told them that what they were doing was fraud, they agreed to close the account and refund all the money they debited which was about {$2000.00} and some fraction. 
But to our surprise the collection letter and phone calls started coming, we simply ignore it thinking that XXXX XXXX XXXX correct it but my surprise I find my XXXXXXXX XXXX XXXX XXXX XXXX"
11726,"I am writing to formally express my concerns regarding Zelles handling of disputes and particularly in light of the recent CFPB lawsuit highlighting significant issues with the platform despite using Zelle numerous times and reporting the discrepancies my financial institution, and Zelle failed to investigate my claims adequately, they claimed recovering lost funds was impossible and tracking these transactions was unfeasible. The CFPBs findings indicate that Zelle has not only neglected to protect consumers, but has also allowed repeat offenders to exploit the system, leaving consumers vulnerable to scams. This lack of accountability and transparency is completely unacceptable and raises serious concerns about consumer safety."
11727,"I am writing to dispute the following inaccurate item that still appears on my credit report : Creditor Name : XXXX XXXX  Account Number : XXXX XXXX This item was recently investigated and removed from my credit file by Transunion after the furnisher failed to verify its accuracy. I have enclosed a copy of their deletion results for your reference. 

Under the Fair Credit Reporting Act ( FCRA ), all consumer reporting agencies must maintain accurate and consistent credit files. Since another major bureau has already confirmed this account to be inaccurate/unverifiable, I request that you delete this entry from my report immediately. 

Please send me written confirmation once this correction has been made."
11728,"On XXXX I made and online one time payment for the balance on my BoA card, {$10000.00} for my bill that was due on XXXX The billing peroid ends on XXXX On XX/XX/XXXX, BoA tried to double bill me the same {$10000.00} and it was declined because I didn't have an extra XXXX in my account. I think they tried a couple times. I was told that this is the normal course of business, essentially that they ignore the payment ( which I was prompted to make ) They took that {$10000.00} and carried it through to my november bill, showing up as a credit and then as a charge on my card. In essence, they added {$10000.00} to my bill. When they billed my card on XXXX that amount included this extra XXXX. They now say I am past due, charged fees and stopped my card. Even with the additional XXXX there was enough in my account to cover the double billing. They are borrowing XXXX and charging me interest."
11729,"On XX/XX/XXXX I was notified by my credit monitoring service that my retail Fortiva account had been closed and a new general purpose XXXX had been opened in its place. This resulted in a XXXX point drop to my credit score as it included an account closure, hard inquiry, and new account opening. I spoke with several representatives and was eventually told that they had sent one email to advise of the change on XX/XX/XXXX. After locating the email it is labeled as a "" Notice '' and suggests that my account would be "" converted '', but makes no mention that my previous account will be closed and a hard inquiry will be run on my credit report to perform these changes. It also does not state why this change was to take place as the retail company and Fortiva are still partners. These are deceptive and unethical practices all in the name of supporting a new credit line through Fortiva and amplifying their sign ups. I was never asked to sign or agree to anything, only to opt out of what appeared to be an account update."
11730,"I submitted a complaint back on XX/XX/2021. 
I am not the owner of the account that is being referred to. This account is not mine, I have reached out to your company and left my contact number with Southwest Credit System"
11731,"I got a first time Auto Loan through XXXX XXXX, and I paid my loan on time. Then they transffered my loan to Westlake Financial and both are still on my credit as a whole loan. The interest rate is  too high. And the car is only a XXXX with 85,000 miles on it. I struggle to pay my car payment every month, and I just realized recently how much interest is owed on the car. The car is overpriced, and the company"
11732,"XX/XX/2021 Equifax credit reporting service I should them exactly what was wrong ( fraud ) on credit report and they said they investigated but did nothing. I asked to see how and who they did investigation with and told known of my business. They are committing federal crimes that start with FCRA. I told them about a XXXX dollar collection with XXXX XXXX XXXX. but they did nothing. This company says I owed univeristy of Maryland XXXX dollars off of XXXX XXXX dollar stay. This company never sent bill, never calked me, cant produce what bill is for and it is then calked fraud. Every other agency deleted from this colkection company but equifax. They are just asking them ( i think ) if debt is right and not asking for information needed to prove ut is a collection. I would have paid in one second not to take 40 hours to tell them this company diesnt care it us breaking the law. 
2. American XXXX has me on charge off and late payment but with no proof either. I can write same things but just go back and see how equifax is breaking federal and state laws. 
3. XXXX had feaud account 7 years and 4 minths ago but equifax want take off my credit. They sent whoever a new card because whoever did it driver XXXX dollars in one month so they sent new card snd it doesnt show what hapoened before new card was sent too XXXX. It needs to go and alk things that goes with XXXX on credit report. 
Last 4 different companies made hard inquireys that were fraud or got info trying to get loans off my name. 
FCEA says equifax needs signature, ids and proof it was me that tried to get lians. I will tell uou whst companies got fraud on inquierys. 
XXXX XXXX, equifax mortgage, XXXX XXXX XXXX and XXXX XXXX all were fraud to try to get loans and made hard inquierys. Equifax is in XXXX and doesnt avide by usa law. If they did this infomartion would be off repirt like the ither 2 repirting agencies."
11733,"A transfer was made into my personal bank account that appeared on my statement only as Phone Transfer. The transaction description did not identify the originating account holder or organization. This transfer later became the basis for a criminal allegation against me. An organization reported the transaction to law enforcement as a theft and alleged that I had taken the funds. As a result, I was accused of theft and prosecuted. Because the transaction involved my personal bank account and directly affected me, I requested records from TD Bank to understand how the transfer was initiated. Specifically, I requested documentation that could identify : the origin of the phone transfer authentication used to authorize the transaction call logs or transaction records associated with the telephone banking request TD Bank refused to provide these records and stated that the information could only be obtained through a lawyer or subpoena. The criminal case related to this allegation was later dismissed in XX/XX/year>, and the funds at issue were restituted in XX/XX/year>. However, during the investigation and prosecution no bank authentication records identifying who initiated the phone transfer were presented. Because the transaction directly affected my personal account and had serious legal consequences for me, I believe the bank should provide basic information explaining how the transaction was initiated and authorized. I am requesting that TD Bank explain : -why records related to a transaction affecting my account were withheld -what records exist identifying the origin and authorization of the phone transfer and provide copy to me and the relevant authorities to demonstrate who did the transaction -whether TD Bank maintains XXXX XXXX or call records related to the transaction"
11734,"XX/XX/XXXX XXXX XXXX XXXX XXXX XXXX XXXX XXXX XXXX, Fl, XXXX SSN : XXXX DOB : XX/XX/XXXX XXXX  XXXX. XXXX XXXX XXXX, GA XXXX Experian XXXX. XXXX  XXXX XXXX, TX XXXX XXXX Fraud Victim Assistance Department XXXX XXXXXXXX XXXX XXXX, PA XXXX Dear Sir or Madam : I am a victim of identity theft. The information listed below, which appears on my credit report, does not relate to any transaction ( s ) that I have made. It is the result of identity theft. 
EXPERIAN XXXX XXXX XXXXXXXX XXXX XXXX XXXX XXXX XXXX XXXX XXXX XXXX XXXX XXXX XXXX XXXX XXXX XXXX XXXX XXXX XXXX XXXX XXXX XXXX XXXX XXXX XXXX XXXX XXXX XXXX XXXX XXXX XXXX Please block this information from my credit report, pursuant to section 605B of the Fair Credit Reporting Act, and send the required notifications to all furnishers of this information.

Enclosed are the following : A copy of my Identity Theft Report and proof of my identity.

A copy of section 605B of the Fair Credit Reporting Act, which requires you to block the fraudulent information on my credit report resulting from identity theft within four business days and to promptly notify the furnisher ( s ) of that information.

I appreciate your prompt attention to this matter, and await your reply. 
Sincerely, XXXX XXXX Enclosures Identity Theft Report Proof of identity : Copy of Credit Report Fair Credit Reporting Act Section 605B [ PDF ]"
11735,"I contacted M & T Bank on or around XX/XX/XXXX regarding my delinquent auto loan. During that conversation, I was told that if I made a payment, my vehicle would not be repossessed. I relied on that statement and made the payment. Despite this, my vehicle was repossessed shortly afterward without notice. After the fact, I was told my account was approximately 75 days past due. However, this was not communicated to me in a way that made it clear repossession could still proceed despite my payment. I was given a clear assurance that making a payment would prevent repossession. I relied on that representation to my detriment. I called them and they insisted that they have done nothing wrong even though I did not receive any text, calls, emails, or letters regarding my car being in danger of repossession after XX/XX/year>. They in fact told me today XX/XX/XXXX that yesterday XX/XX/XXXX was the cut off date for the car to be repossessed. I did not get any warning of this, nor did I get a call or anything regarding the repossession today and nevertheless did I get this information when I made the payment on XX/XX/XXXX. They said the best they can do was not make me pay the late fees. there is also nothing on my statements regarding the days past due like they said, and there is no letter regarding the days/repo. I am requesting : Return of my vehicle without repossession-related fees, or reimbursement of those fees A full explanation of why repossession occurred despite the representation made A review of call recordings from XX/XX/XXXX This appears to be a case of misleading or inconsistent information that caused financial harm. The representative I spoke with on that day was XXXX I have proof of payment on XX/XX/year> date of repossession is XX/XX/year> last XXXX digits of the loan are XXXX"
11736,I have been trying to make mortgage payment with Loancare servicing for several days and not able to do so due to massive breach in the system. I have not been updated and still waiting update to make payment and make sure mortgage is not late and current.
11737,"I was approached to refinance my home and take equity money out of it. The person who contacted me said he needed {$1500.00} to cover the appraisal and other fees. I sent a bank check and nothing has ever come of this..... I am behind in my mortgage now because of this. The person I sent the bank check to has never gotten back to me and it has been months. I have reached out to the person and the phone is never answered. 

The bank check went to : One Main Home Loan the address is XXXX XXXX XXXX XXXX XXXX XXXX XXXX XXXX, California XXXX. The person I was dealing with is named XXXX XXXX and his phone number is XXXX and his email is XXXX. 

The check was sent on XX/XX/year> and recieved by XXXX on XX/XX/year>. I have called and emailed him many, many times and he does ot respond. Many emails have been sent as well"
11738,"on XX/XX/XXXX I applied for a credit card through First Progress, I never received this card despite receiving an email that it was approved on XX/XX/XXXX I received an email that the First Progress credit card applied a payment to the account payment center - I do not have access to this credit card account as I've never received the card. This caused my credit to jump from XXXX to XXXX on XX/XX/XXXX I called First Progress ; the customer service line transferred me to the fraud department- they did not believe this report of fraud, it took at least 20 minutes to convince them that this was happening. They supposedly flagged it for fraud on the transactions and froze the account on XX/XX/XXXX I received an email that my credit has decreased significantly - from XXXX to XXXX on XX/XX/XXXX I called XXXX and they had a fraud alert attached to my accounts and advised me to called a credit bureau - I have an account with XXXX so I also called them on XX/XX/XXXX XXXX XXXXlagged my credit for fraud and advised sending in this fraud report"
11739,"My XXXX credit score is around XXXX +/- as my debts are paid in full every month. I made the mistake of answering the first call as I was expecting a call from someone not in my contact list and I didn't know the number from which they would call. That's how Portfolio Recovery figured out that "" someone is home ''. I've blocked their number on my XXXX but they call back. They must have the wrong name or number but I don't want to get into an argument with knuckleheads. The number they call from is ( XXXX ) XXXX and the callerID shows "" XXXX ''"
11740,credit card was settled on XX/XX/2022 for the amount of {$710.00} card is still showing on my credit report for {$1100.00} I received the 1099-c of cancellation of debit I have contacted the company and the credit reporting but no one has helped
11741,On XX/XX/23 I was contacted by a company fraudulently called XXXX XXXX about a debt that I do not owe and that legal action was being escalated through the courts for collection. The mistake I made was verifying my information with this fraudulent company before I realized it was a scam!!!
11742,"I received a billing statement from a Concora Credit for an Indigo credit card. The bill reflected that I owed them {$170.00} for an annual fee and an additional {$2.00} for "" credit protection fees ( Please note that there were no other charges on the statement and the payment due date was listed as XX/XX/2024 ). The bill reflected an annual rate of XXXX XXXX! However, I never signed up for this credit card nor did I ever receive a credit card in the mail from them. I did call them and tried to get the account closed but they asked for my social security number and I refused to give that to them. They also asked for the account number of the card but that was not on the billing statement so they said that they could not help me. I have since written them and demanded that my account be closed and the account XXXX  out. I also advised them that I would be reporting them to the CFPB- I believe that this firm is scamming innocent consumers and needs to be stopped!"
11743,"To : Consumer Financial Protection Bureau ( CFPB ) XXXX XXXXXXXX XXXX Washington XXXX DC XXXX Subject : Formal Complaint Unjustified Police Call by HSBC Bank USA XXXX XXXX XXXX ) on XX/XX/year> Dear Sir or Madam, I am writing to file a formal complaint against HSBC Bank USA regarding an incident that took place on XX/XX/year>, at the HSBC XXXX XXXX in California. 

On that day, I visited the branch to deposit a check into my account. There was a misunderstanding between myself and the bank staff regarding the check deposit process. I spoke in XXXX, and due to language barriers, the communication became unclear. Instead of providing clarification or assistance, the bank staff asked me to leave and called the police without justification. 

I was calm and cooperative throughout the situation. However, the police arrived, and I was taken to the police station for questioning. This incident caused me significant emotional distress, humiliation, and fear, even though I had done nothing wrong. 

I believe the bank staff acted unprofessionally and inappropriately by escalating a simple misunderstanding into a police matter. Their behavior reflects discriminatory treatment and a failure to follow proper customer service protocols. 

I respectfully request that the Consumer Financial Protection Bureau investigate this incident and require HSBC Bank USA to : 1. Provide a written explanation for why the police were contacted ; 2. Review its staff training and customer service procedures ; 3. Take corrective action to prevent similar situations from happening to other customers in the future. 

Please confirm receipt of this complaint and provide a response regarding the next steps. I can be reached at the contact information listed below. 
My name is XXXX XXXX I was use hsbc 5 years my Account Number XXXX XXXX my phone number XXXX my email XXXX Thank you for your time and attention. 

Sincerely, XXXX XXXX"
11744,"In the quiet humdrum of everyday life, a sudden jolt shattered the tranquility : I had become a victim of identity theft. Like a thief in the night, unseen hands had stolen my personal information, plunging me into a bewildering maze of uncertainty. With each fraudulent transaction and unauthorized account, the breach of trust cut deep, leaving me grappling with the unsettling reality of a violated identity. Yet, in the midst of chaos, a glimmer of resilience emerged, a resolve to reclaim what was rightfully mine and restore the harmony stolen by unseen adversaries. These are the following accounts need to be removed XXXX XXXX XXXX XXXX XXXX XXXX XXXX XXXX XXXX"
11745,XX/XX/year> XXXX XXXX XXXX XXXX of XXXX is denying application XXXX XXXX  account name finances by error in XXXX artificial intelligence robot. violated copyright of legal name issued from bank asset XXXX XXXX  and XXXX XXXX XXXX. adjusted web page with a red box income verification that doesn't apply to customers approved application account name extension of credit with birth-given name. Unnamed company associates deny customer finances and claim customer 's name requires an income verification against sole ownership to self. The customers wealth surpasses numerical value as a free and clear name and demands explanations beyond education XXXX national anthem from the customer 's name visible space character dictator to cuban republic of pirate to pirate flag. I keep getting sabotaged by associates without a XXXX name.
11746,"Im currently trying to receive relief under Louisiana state SCRA laws. Ive attached my original request on XXXX XX/XX/XXXX and follow up email on XXXX XX/XX/XXXX requesting update on case. No response has been received. 
The original email is pasted below Sir or Maam : Pursuant to the Servicemembers Civil Relief Act ( SCRA ) 50 U.S.C. App. Section 527, this letter is my formal written request to reduce the rate of interest to six percent ( 6 % ) for the above referenced account. While I did enter this obligation after entering XXXX XXXX on XXXX XX/XX/XXXX, I did enlist into the XXXX XXXX XXXX in the state of Louisiana, which is my Home of Record and a Key Provision state. 

Louisiana has enhanced consumer protection beyond what is included in the XXXX XXXX through state statues and applied these additional protections to service members on federal XXXX XXXX. 

Louisiana ( LA ) XXXX XXXX XXXX ( XXXX ) Limits on creditor interest rates. XXXX XXXX states : Notwithstanding any provision of law to the contrary, no creditor in connection with an obligation entered into on or after XX/XX/XXXX, shall charge or collect from a person, or spouse of a person, who is on XXXX XXXX interest or finance charges exceeding XXXX percent per annum during the period that the person is XXXX on XXXX XXXX. 

Furthermore, this relief should be granted as outlined inSubsection XXXX of the same statute Upon receipt of the written noticethe creditor shall treat the obligation in accordance with Subsection A of this Section, effective as of the date on which the person is on XXXX XXXX. 

Under the XXXX, any interest more than 6 % per year shall be forgiven. Additionally, any payments shall be reduced by the amount of interest forgiven which is allocable to the period of such payment. 

If you have any questions or concerns, you maXXXX contact me at ( XXXX ) XXXX or XXXX Respectfully Submitted, XXXX XXXX XXXX XXXX"
11747,"I am filing this complaint because I was a victim of identity theft, and Chime wrongfully denied my Regulation E dispute despite clear evidence that the transactions were unauthorized. 

On XX/XX/year>, someone gained unauthorized access to my Chime account, transferred {$530.00} out, and then immediately changed my phone number and email address locking me out of my own account. This was documented in Chimes own system alerts.

Evidence I provided to Chime included : -FTC Identity Theft Report -Proof of an unauthorized login from an unfamiliar location -Emails showing my phone number and email were changed immediately after the fraudulent transfer -Chime system alerts confirming a login from a new device/location -My normal login earlier that morning from my usual IP/location -Screenshots of account takeover activity -Evidence that I could not have authorized the transaction because I was locked out immediately after the hacker changed my credentials Despite this, Chime denied my claim and stated no error occurred, which is incorrect and a violation of : Regulation E ( 12 CFR 1005.6 & 1005.11 ) Under Reg E, consumers are protected from unauthorized electronic fund transfers especially when account takeover occurs. Once a fraudster changes contact information and takes control of the account, the transactions are necessarily unauthorized.

Chime failed to : Properly investigate my claim Consider clear takeover indicators Follow federal error-resolution procedures Provide a reasonable explanation for their denial This denial has caused severe financial hardship, and I am requesting that the CFPB intervene to ensure Chime reopens the case and reimburses the {$530.00} stolen from me as required by law. 

I have also filed a police report with XXXX XXXX XXXX. Case number : XXXX"
11748,"I was approved for a payday loan from the following business : Check Into Cash, address XXXX XXXX XXXX, XXXX XXXX, XXXX XXXXXXXX on XXXX, XXXX XXXX. I've been using their payday loan service for a number of months and each time I receive a payday loan they refuse to give me the proceeds in cash. Regardless of what day our time I go to their location they tell me that they do not have the cash on hand to give me the full payday loan in cash. Instead, they offer me a XXXX XXXX XXXX  card in which they put half the amount of the payday loan on the card and then give me the half in cash despite having a sign posted that says I am entitled to receive my payday loan in cash. This leads me to believe that if I do not accept half the loan on the XXXX XXXX XXXX  card and half the loan in cash that I will not receive the payday loan. There are posters and flyers all over their office location to promote the XXXX XXXX card which is loaded with fees and has no real customer service available to help with disputes. This has gone on for 10 consecutive months and I have not received a single XXXX  in penalties from them ( Check Into Cash XXXX XXXX XXXX, XXXX XXXXXXXX XXXX XXXXXXXX ) for which to the best of my knowledge, I am also entitled for refusing to pay me in cash."
11749,"On XXXX I made a purchase of {$3000.00} from XXXX with their store branded credit card. The purchase was of a sofa, a dresser and smaller decor items. I received the decor items on XXXX which had a combined value of {$62.00} less any taxes due. Being larger items, the sofa and dresser required a bulk shipping agent to deliver. Their total combined value was {$2300.00} less any taxes due. In addition to the {$2300.00} for the furniture, XXXX levied a {$410.00} shipping and handling fee for the use of the bulk shipping agent. In total, {$2700.00} is the pre tax amount charged on my store branded card. For the next 2 months, the bulk shipping agent would open delivery window dates for the furniture to arrive to my door. On 4 separate occasions I would select a date within their window, take a day off from work to prepare only for the shipper to cancel delivery. Over the course of two months I contacted XXXX XXXX separate times to have the issue resolved and each time they were XXXX helpful. Fed up, I contacted XXXX on XXXX and was able to escalate the issue far enough to where a representative, in writing, confirmed the cancellation of the remainder of my order and stated that a refund will be placed on my store branded credit card once the company received their shipment. This led me to file a transaction dispute with Synchrony Bank, XXXX XXXX XXXXXXXX XXXX for their store branded credit card, on XXXX. Since I have never taken ownership or possession of the furniture items, and the fact that XXXX, in writing, had agreed to cancel the shipment and issue a refund, I felt I had no obligation to continue making payments. On XXXX, Synchrony declined my dispute. I had it reopened on XXXX. It was declined a XXXX time on XXXX. I had it reopened on XXXX. It was just declined for a XXXX time on XXXX which has led me to the CFPB. How can I be responsible for paying on an item for which I have NEVER had possession of?"
11750,"helloi went to XXXX school in XXXX fl. I took out a sallie mae loan so i can afford it. I called them today to find out how i could pay down my principle, but they said that all extra money goes to future interest. Im struggling to afford the payments and i feel like a serf from the high middle ages. My complaint is that paying on principle is not an option, i feel like this should be illigal. After all they say they are committed to help me dream, invest and succeed. Or is that just for their shareholders. thank you"
11751,I have done multiple disputes against a XXXX XXXX XXXX account that shows delinquent status. Transunion is the only credit reporting agency that shows incorrect information marking my account as delinquent. I have disputed this directly with XXXX XXXX XXXX through XXXX and they responded stating that the information is correct on their end. They are NOT reporting any delinquencies during the time the account was opened with them. Please dispute the delinquency on the attached Mortgage account.
11752,"I contacted XXXX back on XX/XX/XXXX I was told that my loans would go automatically go back forbearance until I receive a determination. It is now XX/XX/XXXX, my loans are now back into repayment. My Borrower Defense to Repayment is still valid an should be processed in a timely matter."
11753,"I moved out from XXXX XXXX at XXXX XXXX XXXX, XXXX, Va XXXX on XX/XX/2019. On XX/XX/2019, I received a handwritten itemized note trying to get move out fees totaling {$1700.00}. I disputed with XXXX XXXX on XX/XX/2019 on their charges. I did not receive any response from XXXX XXXX instead I got a call from someone calling from ( XXXX ) XXXX who said he represented XXXX XXXX to collect {$1700.00} from me. He threatened to report to the credit bureaus if I dont pay it at that time. He also said my daughters credit file will be messed up. Of course, credit file is a big deal to a fresh graduate from XXXX XXXX. I refused to speak with him. I emailed to XXXX XXXX immediately on this. They confirmed that they had appointed National Credit Systems to collect the money from me. This company never sent me any correspondence prior to calling me on XX/XX/2019. As of today, I have not received any correspondence from National Credit Systems. I am very worried that they are going to ruin my daughters credit file since she was also on the lease. Please help."
11754,"I am an XXXX XXXX military member who got orders to move to XXXX from XXXX. At that time over 2 years ago I requested a short-sale as I was unable to pay for the mortgage. I was told on several occasions that my account was not eligible for a short sale and they constantly threatened foreclosure. Over a year later I found out from my command that not only was I eligible for a short sale due to my PCS orders to move it would be an easy process. I again reached out to Citimortgage and argued this point at that time they agreed that I was eligible for the shortsale, Since then it was approved. I had a buyer for the amount that they requested. Later i found out that the decided to changed the amount. I lost that buyer not at a higher price of XXXX, they are not asking for more documentation like I need to reapply for the shortfall. This is overwhelming. I am a military XXXX XXXX and my wife is dealing with severe health problems."
11755,"I had a Wells Fargo Everyday Checking account that had been fee-free because I met the prior waiver condition of maintaining at least a {$500.00} minimum daily balance. My XXXX, XXXX, and XX/XX/XXXX statements still showed no fee being charged, and my account remained above {$500.00} during those periods. Later, Wells Fargo changed the fee-waiver requirements so that the minimum daily balance requirement increased from {$500.00} to {$1500.00} for fee periods beginning on or after XX/XX/XXXX, and the monthly service fee increased from {$10.00} to {$15.00} for fee periods beginning on or after XX/XX/XXXX. The notice of this change was placed inside my monthly statements in a page-3 disclosure section rather than through any clear separate alert tied to my checking account. I received statements electronically in the app only. Although I did review statements before the fees were first applied, I did not notice this buried disclosure and did not have meaningful awareness that the account terms had materially changed before fees started being deducted. As a result, Wells Fargo charged me a $ 10 monthly service fee on XX/XX/XXXX, and then $ 15 monthly service fees on XX/XX/XXXX, XX/XX/XXXX, and XX/XX/XXXX, for a total of {$55.00}. After I contacted Wells Fargo, the bank refunded only one {$15.00} fee on XX/XX/XXXX, as a courtesy, and refused to refund the remaining {$40.00}. I believe the disclosure was not reasonably conspicuous in practice and that the fee change was not communicated in a way that gave me meaningful awareness before repeated charges occurred. I am requesting that Wells Fargo refund the remaining {$40.00} in monthly service fees and review its disclosure practices for account fee changes."
11756,"My husband and I bought a XXXX XXXX Van brand new from XXXX XXXX off the XXXX XXXX. My husband insisted on buying the van on the same day I was diagnosed with XXXX XXXX after being at my XXXX XXXX office for four hours. 
We traded in my XXXX XXXX XXXX that had XXXX miles. I was not in my right mind making a decision on a new car ; let alone {$600.00} a month note. 
Then a year or so later, we got it refinanced under Chase Bank for the remaining balance which made it {$540.00} a month. Still too high for me. 
I've been struggling trying to pay this van off. It was ( I think originally ) bought at {$37000.00}. I've been out of work off and on. I regretfully been using the money for in-between times until I could go back to work. Now, I'm battling with XXXX  ( XXXX XXXX XXXX XXXXXXXX ) beyond Stage XXXX and on XXXX. I thought I was almost through paying on this car. Now Chase Bank is saying I owe {$10000.00} in fees and late payments. Omg! I just want to be finished paying for a night mare van note that I never really wanted. 
Please help dispute Chase Auto Finance. 8 years is too long to be in debt to a car. XXXX, XXXX"
11757,"Barclays view master credit card. 
Credit card last four number is XXXX. 
Credit card company charge $ XXXX for convenience on my credit card. 
Its Fruad was not authorized by me. 
I file a complaint to credit card about this fruad entry at credit card Fruad department. 
Finely credit card company says its valid entry but its fruad on my credit card."
11758,"On XX/XX/XXXX I was taken to a website that I thought was for a breathing machine I just received. It ended up being a scam and charged my credit card XXXX and XXXX. These charges were pending for 7 days and when I called to let the credit card company know they told me I needed to wait until these amounts actually got charged to my account. They did charge to my account so I called the bank XX/XX/XXXX at XXXX a.m. and was on hold for about XXXX mins and I was speaking to someone outside of the USA. They transferred me to the USA and I waited on hold for another 30 minutes and spoke to a woman that said I would need to speak to customer care to dispute a charge. She transferred me and I was on hold for 2 hours. I hung up very frustrated. What kind of a corporation has their customers wait that long? 

Last night, XX/XX/XXXX while I was sleeping they left a message about some fraudulent activity on my account. I called XX/XX/XXXX at XXXX in the morning and got an animated voice stating that I was trying to make a purchase for XXXX at a computer store. It said to press 3 if this wasn't you and I did. It proceeded to transfer me and I waited about 15 minutes on hold and actually got the same person I spoke to in the morning. She said if I needed to make a dispute and cancel my card I would need to speak to customer care and proceeded to transfer me at XXXX and I was on hold for over an hour. 

I want to cancel this card!!!! I want my dispute completed, but most importantly I want this card canceled, please!!!! 

The credit card is BJ 's Mastercard through XXXXXXXX XXXX which I think is held through XXXX XXXX?"
11759,"Hello, I am writing this complaint to let proper staff be aware that I have been charged overdraft fees for every transaction that have been made. I am currently enrolled in the Oops program but fees are still being charged. Also, when funds are available on the account, I use them but days later the account shows it wasnt. If this can be resolve, email, or dial by phone XXXX"
11760,In XX/XX/XXXX XXXX of my kids tested positive for XXXX  and they were out of school for a month so i had to take time out from work to care for them. My mortgage company did not care. I still had to pay on time no exceptions. I now have tested positive for XXXX  XX/XX/XXXX and i even lost my job because of the sickness and lingering issues and symptoms. Not only am I required to still pay my mortgage but my mortgage has also gone up due to escrow! Its extremely difficult and i have no idea what to do
11761,My home was purportedly sold on XX/XX/2020. I appealled my eviction and also filed a federal lawsuit. My indigent status after eviction made it hard ro pursue lawsuit. I have a 1098 and letters from XXXX and XXXX firm claiming to have excess money from the sale of my home in my Shellpoint acct # XXXX but substitute trustee sale was done under my XXXX acct. # XXXX. Also Title is still in my name through XXXX title company. My home has been abandoned by new owner and has been severely damaged to the point the city of XXXX XXXX intervened and demolitioned one of my structures. Lien placed in my name. Also there is a number of complaints on my home.
11762,"The problem arose when I tried to change the bank account from which my monthly mortgage payment is taken.     I spent hours over 3 days trying to change the account online, as well as talking to a number of people on the phone. I eventually found out that what I thought I could do myself online could n't be done.     Chase wasted a lot of my time and would n't do anything but apologize on the phone and offer to send me a letter of apology, which would n't even be signed by a person.  <P/> I did n't pick Chase to service my mortgage so I ca n't take my business to another company."
11763,"I went into Chase bank on XXXX XXXX XXXX XXXX XXXX GA XXXX. I applied for a business loan for the second time in two years. On XXXX XXXX, 2017 I got a letter from them that denied me. They said that it was for the following reason of derogatory personal public record or collection filed along with a few other. They also said that they relied in whole or part from a report from XXXX and my credit score showed XXXX. I pulled my credit and XXXX showed XXXX and XXXX XXXX score. I also have no derogatory public records as of XXXX/XXXX/17. I want to have CHASE investigated because I have been with them 13 years and want to know what criteria is needed to get a loan because I feel like I am being discriminated against. I am also seeking legal counsel on this matter. I can email someone supporting documents. 

XXXX XXXX"
11764,On XX/XX/year> I requested a copy of the Forward Flow Agreement to verify that the debt was purchased significantly lower than the amount they say I owe them. And further they have put a lien on my primary residence
11765,"To Whom It May Concern, I was looking on XXXX for a loan to cover some educational expenses ( I am in XXXX  school ) and have reached my federal loan limit. I applied to and was accepted to "" XXXX ''. I read the fine print as it was stated only to be stunned that when I was "" approved '' for the loan the information returned was not consistent with the original agreement. I was approved for a XXXX dollar loan and the returned information that was falsely returned stated that I was responsible for an interest rate of : "" 894.8297 % '' besides being a decimal point, it is a violation of the "" Usary act '' to charge this amount of interest. Additionally, it stated I incurred a finance charge of "" {$2800.00} '' ( for a XXXX dollar loan ) and a total amount of payments of "" {$3700.00} ''. This is insane! I am going to my bank tomorrow to close the account for good. I am calling this company tomorrow to indicate that I want to return the loan in full immediately! Furthermore, this arbitration agreement states the company is "" Silver Cloud Financial , Inc. is an economic development arm of, wholly owned by, and controlled by the XXXX XXXX XXXX XXXX XXXX ( the "" Tribe '' ), a federally recognized and sovereign XXXX XXXX XXXX Tribe. This means that your loan is provided by a sovereign government, and the proceeds of the business fund governmental services for the members of the Tribe. "". I am not a XXXX XXXX and this surely can not be legal."
11766,"Background In early XXXX, I was deceived by individuals operating under the fraudulent platform "" Impression '', who offered a fake employment opportunity. Under their direction, I transferred a total of {$5800.00} USD via Remitly, funded directly from my XXXXXXXX XXXX  account, to XXXX debit card accounts under the fraudsters control. 
Upon discovering the fraud, I promptly contacted both Remitly and XXXX XXXX  Remitly informed me that a refund may be possible if XXXXXXXX XXXX initiates a wire recall request for the transactions. However, despite repeated requests, XXXXXXXX XXXX has failed to take action or assist in initiating the necessary wire recall. 
Dates : XX/XX/XXXX ( {$1800.00} ), XX/XX/XXXX, ( {$2000.00} ) XX/XX/XXXX ( {$2000.00} )"
11767,"I was paid by the maker of a check drawn from a XXXX account. I deposited this check into my Chase checking account. Chase transferred the funds from XXXX to Chase, but refused to credit my account. In addition, they have now frozen and closed my account. They have refused to provide any explanation as to why they have done this. They also refuse to contact the maker of the check, or XXXX. The result : 1 ) the maker has had the funds withdrawn ; 2 ) I do not have the funds ; 3 ) Chase refuses to make these funds available to me. I believe that Chase has committed fraud. I have contacted Chase by phone and in person and they refuse to provide information of any kind to me."
11768,"I have made consistently on-time payments, of which I am certain. However, I am unsure why this company is reporting me as late in certain months, which should not be the case. According to USC 1666b, any billing errors should be rectified, or they will owe me {$1000.00} for each account reporting inaccurately."
11769,"I believe the following accounts on my Equifax report are inaccurately reported, and I request a full review and correction where necessary : XXXX ( Account # XXXX ) Date Opened : XX/XX/XXXX Balance : {$0.00} The reporting for this account is incorrect. I request verification of this item. 

XXXX ( Account # XXXX ) Date Opened : XX/XX/XXXX Balance : {$0.00} I believe this account is not accurately reported, and I request a review of its status. 

XXXX ( Account # XXXX ) Date Opened : XX/XX/XXXX Balance : {$0.00} There are multiple entries for the same account. Please verify and remove any inaccuracies or duplicates. 

XXXX ( Account # XXXX ) Date Opened : XX/XX/XXXX Balance : {$0.00} As above, this entry XXXX be incorrect or a duplicate. Please review. 

XXXX XXXX ( Account # XXXX ) Date Opened : XX/XX/XXXX Balance : {$0.00} XXXX dispute this entry and request that it be reviewed for accuracy"
11770,"I was a resident at XXXX XXXX XXXX XXXX apartment complex in XXXX, MO. When I moved out XX/XX/XXXX I paid all applicable fees ( rent and included utilities ) and had a {$0.00} balance. XX/XX/XXXX I received a collections notice from Fair Collections and Out stating I had a debt of {$140.00} due to XXXX XXXX. I immediately called and advised this was not my debt as my balance was paid when I vacated the property to the property manager XXXX XXXX. I also made a call to XXXX XXXX XXXX XXXX and spoke with XXXX as XXXX XXXX was no longer with the company, who advised I have a {$0.00} balance and the debt was an error. Since this I have not received any collections calls but this debt is still reporting incorrectly on my credit report. I spoke with the debt collector on XX/XX/XXXX and asked to send proof that this debt belongs to me and was advised they don't do that. They only have to verify with XXXX XXXX and if they say I owe it then that is what they go by but no one can send me any proof that this debt is factual."
11771,"Dear Sir or ma'am, Today, I spoke to a representative from Equifax to dispute a dismissed Chapter XXXX bankruptcy on my credit report, which was filed in XXXX 2006. 

However, He stated to me, "" This is Federal Law and it Can not Be Removed ''. Hence, I can not dispute this item. Subsequently, he gave me the phone number to the Federal Trade Commission at XXXX. I explained to him XXXX and XXXX gave me a suspense date of seven years for this public record, and could not explain the discrepancy of their-Equifax differentiation of ten years. 

Ultimately, my complaint is for Equifax to remove this derogatory public record as the other XXXX credit bureaus have done."
11772,I have called him I have call Paypal and I have told them about it several times that my my face shut my account down because of the funds that I receive and they have nothing to do with the casino flight pass that rush you have the pictures and nothing was done about it they say everything is OK on it in but it was not and I call I didnt know what else to do and my car is still not right they have took money off of the machine and theres more money than that which I have it documented I reached out several supervisors and let them know about it everything feels to be OK on their end but its not on my end but no one never mentioned to me about giving me another debit card or account number but since Ive talk to those supervisors I got a card in the mail the XXXX XXXX XXXX and the car still has the same card number is nothing different the CVC number account number the card number everything seems the same and nothing has been done I cant receive money to cash out on casino games I have like XXXX XXXXOn the lottery scratch off and I cant use the my PayPal card to cash out its an invalid account so I dont know what else to do I took my XXXX XXXX XXXX XXXX XXXX off because they shot my car down because they said they can pay {$1500.00} I have it on video but unfortunately I have to go back to my phone to find it because I videoed it and itll show you the money about Paypal
11773,This account was not opened by me and I did not give authority for it to be opened. I was a victim of the XXXX data breach and my personal information was compromised. Ive submitted a theft report containing this information to the credit bureaus and the company reporting to the bureaus.
11774,I sent a wire Transfer from my XXXX account to my Wells Fargo account. Wells Fargo claims they have not recieved the wire transfer. Opened up an investigation at XXXX and they confirmed through the Fed Reserve that the money is intact at Wells Fargo. Also Wells Fargo sent a message to XXXX saying they received the wire but they are refusing to release the funds.
11775,"In XXXX XXXX XXXXXXXX I was informed due to my escrow increase my monthly payments were going up {$460.00} monthly. I have asked several times why such a large increaased since my total escrow due for XXXX is only an increase of {$130.00} annually from total paid escrow in XXXX. They keep throwing the same document in my face without answering the question. Every year I'm told I have a shortage and my payment conitues to go up. But a {$5500.00} shortage, this appaers to be missmanaged or I'm being taken advantage of. 
On XX/XX/XXXX I had an escrow balance of - {$270.00}, then in XXXX I had a shortage of {$5900.00}. 
Total paid escrow in XXXX was {$6700.00}."
11776,"I'm sending this letter to have inaccurate information deleted that's reporting to XXXX, XXXX and XXXX. I've tried to have Regions Bank and the credit bureaus to delete numerous 90 day late from XX/XX/XXXX to XX/XX/XXXX when my account was closed on XX/XX/XXXX"
11777,"Please remove all inaccurate personal information off my credit report, old address, old names old phone numbers and old drivers license and old jobs because those jobs would be inaccurate as well thank you My address XXXX XXXX XXXX XXXX, Ohio XXXX XXXX Please delete old drivers license from XXXX XXXX Attached is a notarized letter from landlord Respectfully"
11778,"I opened a savings account with Marcus by Goldman Sachs. Due to an error in the account setup, my date of birth is incorrect, and I am now blocked from accessing my funds. I attempted to resolve this through customer service by phone, chat, and email, but received no meaningful response. The issue has caused financial hardship. Im requesting assistance to correct the information and access my money."
11779,"I was informed by SunTrust on XX/XX/XXXX that The premium ( MPI ) will be eligible for deletion after XX/XX/XXXX and when your principal balance reaches a LTV of 78 % or % XXXX However, I received a statement from SunTrust Mortgage yesterday stating that As of XX/XX/XXXX your home has gained sufficient equity to eliminate the FHA monthly insurance premium I do not appreciate being given contradictory information. Apparently, SunTrust 's marketing staff and the persons administering its mortgages dont communicate with each other."
11780,"I am a representative payee for my son. I was told in XX/XX/2021 that I can not have a debit card. I dont live anywhere close to this bank. We live in MO the bank is in CA. Since they took the card away, I now have no access to the account. I want to know why if social security administration authorizes me to take care of this account why does the bank get to make the decision as to how I pay his bills and manage his account. I have managed this account for 13 years and always had access to a debit card. I need access to his account via a debit card and the bank should not be able to tell us we cant."
11781,"I received a phone call from XXXX, a rep of the Loss Mitigation department of my lender, Citadel Servicing Corporation, on XX/XX/2022, informing me that he had received notice from upper management that Citadel has finally signed up to participate in the California Mortgage Relief Program. 
I immediately contacted the XXXX rep and shared the great news and also requested for my application to stay active so that they could contact the servicer. 
However, on XX/XX/2022 I received another phone call from the same representative that advised me that Citadel has decided to not sign up for the program and therefore, my application will probably become inactive. 
Today, after numerous attempts to get a straightforward answer, Citadel 's Consumer Advocacy rep, XXXX XXXX XXXX, confirmed that the upper management at Citadel has decided to not sign up for the California Mortgage Relief Program. 
I informed Citadel that I will report this incident to multiple watchdog government agencies as this shady conduct from Citadel has become all too familiar. 
Furthermore, Citadel stated in a past correspondence that I owe about XXXX for the forbearance period I was placed under during the XXXX XXXX shut and lockdown. However, the correct amount for the XXXX months of forbearance I was approved for and also have a written contract for is {$50000.00}. 
Currently, I have sent in the Loss Mitigation Package for their review and am also actively working with a new lender to move my loan from this horrible banking institution. 
I have also requested multiple times in writing to please be informed on who is currently the owner of my loan. 
Unfortunately, I have not been given any information."
11782,"My name is XXXX XXXX XXXX, aka XXXX XXXX. I have a credit card account with Macy 's American Express, and I am a platinum member, which means I make many purchases throughout the year and earn some perks. 

Of the many purchases I made, there were two specific purchases which I disputed which have not been resolved. I will detail the two purchases below : The first is a dispute for {$80.00} ; purchase made on XXXX XXXX, 2025, totaled {$130.00}. 
The second dispute for {$100.00}, purchase made on XX/XX/scrub>, 2025, totaled {$110.00}. 

What I purchased was very expensive makeup by a designer called XXXX XXXX, who make overpriced lipsticks, which come undone, and you end up with a lipstick cap but no lipstick! I told this to Macy 's when I disputed these charges, and their response was, return the lipstick! And refused to credit my account. 

First of all, there is NO lipstick! I do not know if they deliberately do not read disputes or fail to understand them. When the lipsticks came apart, all I was left with was the decorative caps. And further, I confirmed with the staff at my local Macy 's store in XXXX XXXX, California, that even IF I had been able to salvage the lipstick, they do NOT accept used lipsticks for return."
11783,"I have made a payment plan to catch up my payments of {$740.00}. I have made the second payment on XX/XX/2016. Bank of America keeps sending people to my house even though, I have requested them not to, and they have agreed to stop doing it. But I found something on my door a note that somebody has left telling me to contact them. Bank of America is discriminating against me because I am a single female, they refuse to apply the payments that I have made. Another thing that Bank of America has said that I 'm behind for XX/XX/XXXX payment. I saw on my last statement that {$520.00} Bank Of America has put in the un applied funds besides toward the payment."
11784,"Subject : Identity Theft Fraudulent DiscoverBank Credit Card Account XXXX XXXX Credit Bureaus XXXX of the Issue : Dear CFPB, I am filing this complaint as a victim of identity theft. A fraudulent DiscoverBank credit card account has appeared on my credit reports without my knowledge, consent, or authorization. I have never opened this account, never applied for it, and have never signed any documents associated with it. 

Below are the details of the account in question : Creditor Name : XXXX Account Number ( last digits ) : XXXX Account Type : Revolving Account Type Detail : Credit Card XXXX Code : Individual Account Status : Derogatory Monthly Payment : {$0.00} Date Opened : XX/XX/year> Balance : {$450.00} Payment Status : Collection/Charge-Off I respectfully assert that this account is the result of identity theft, and I request an immediate investigation into the matter. This account is fraudulent, and its presence on my credit reports is unjust and damaging to my financial well-being."
11785,Hi Ive been a XXXX bank customer for about a year now with a XXXX  credit card. I currently have a payment due of {$100.00} since I had missed a months payment. Today ALONE I have received 3 phone calls and I am in XXXX so its only XXXX XXXX!!!! They call from a bunch of different phone numbers and the past few days theyve been calling from an unknown number and they refuse to tell me who they are until I confirm that I am who I say I am which Im not comfortable giving my info over the phone until I know who Im speaking to. Theyve called me two days before my payment is even due to remind me. I feel like Im dealing with the mob. My credit card is not in collections so to be HARRASSED from XXXX until XXXX XXXX   over {$100.00} is absolutely obscene. Yesterday was 8 phone calls and Majority of the time the person on the phone is nasty and Im at the point where Im going to cancel the card so I dont have to deal with the harassment anymore. Its affecting my quality of life being tortured by a credit card company. My limit is {$500.00} so I can only imagine how they harass people who have much higher limits.
11786,"USAA has to do a better job of contacting it's most Veteran customers who suffer from XXXX and other issue. For example XXXX XXXX calls their customers. On the eve of the worst Pandemic of my life time USAA decided to side on the side of its Ticket Broker associates XXXX over it's own long term customer of approximately 8 years. I purchased my tickets using a USAA debit card XX/XX/2020 from XXXX  for the amount of {$280.00}. I had entertained the idea of selling my tickets and on a XXXX search XXXX appeared. There website requested a Card in which to make a deposit. Almost 3 days before and the day of when I was awoken by a ticket broker I declined to sale my ticket and attended the event. Sometimes after the event approximately 30 days after my purchase XXXX debited my account {$280.00} and an additional {$200.00}. USAA does not have an email to send documents instead yout are directed to upload documents on an App that does not work. Based on there location, I can assume that my Ethnic sounding name and that the show was headlined by XXXX XXXX was all that they took into consideration when debiting my account without a phone call ot text which is standardized communication. The Coronavirus and my inability to access funds has severely taken me into a depressed state that saddens me. I would like my funds today so that I can buy diapers, tissues, water, and food. THANK YOU"
11787,"We were alerted that someone tried to open a bank account via XXXX XXXX XXXXXXXX. WE shut it down and tried to freeze our credit at transunion, Experian and XXXX. And since then they have unfrozen my credit and changed my log in!"
11788,"Various attorneys continue to claim a mortgage in my deceased father 's name. There is no such debt and they have no claim. This fraud loan with PennyMac must be on XXXX of your databases somewhere, these attorneys make assumptions and start moving to foreclose. One office XXXX ( XXXX XXXX XXXX XXXX filed a trustee sale on my home XXXX months ago acting as a Bank, Beneficiary, and Trustee. This has to stop, I need your office to stop this fraud."
11789,I sent {$800.00} to Select Portfolio Services Inc. to pay my mortgage. I did that using using XXXX XXXX online bill pay. Select Portfolio Services claims they never received the money which was electronically processed by XXXX XXXX on XX/XX/year>. Ive contacted XXXX XXXX and they provided me with a trace number which they said is proof the Select Portfolio Services received the {$800.00} on XX/XX/XXXX. Ive contacted Select Portfolio Services numerous times and provided them with a bank statement and a trace number using an email address they said to use. Every time I call them I get the run around. At first they said it would take them XXXX business days to research it. Then I followed up and was told it could take up to XXXX  months to review it. On my most recent phone call they asked me to fax a bank statement to the company cashiering dept. which I did. Ive tried many times to explain to them that the trace number I provided to them is proof that they received the {$800.00} payment but almost 4 months later they still have not applied that to my mortgage balance.
11790,"I am not the Guarantor of these accounts listed below. I demand they be deleted as were on my other credit reports. 

XXXX XXXXXXXX XXXX XXXXXXXX Account number XXXX balance {$1600.00} Credit limit {$1300.00} XXXX XXXXXXXX XXXX  XXXX Account number XXXX Balance {$1100.00} Credit limit {$850.00}"
11791,"XX/XX/2020 This complaint is against PayPal Credit Card for deliberately ignoring my dispute of a billing error on their statement dated XX/XX/2020 in violation of section 1666 of the Fair Credit Billing Act ( FCBA ). 
On XX/XX/2020, I contacted PayPal Customer Service by phone and spoke with a Customer Service Supervisor named XXXX. I informed Ms. XXXX that I am calling to dispute an amount listed on the XX/XX/2020 billing statement because I believed it was a billing error. My dispute was based on PayPal Credit ACCOUNT Agreement section titled YOUR BILLING RIGHTS SUMMARY and the FCBA.

After receiving my dispute, PayPal was required by FCBA to take the following actions : 1- Provide written acknowledgment within 30 days of receipt of the dispute.

2- Conduct an investigation of the disputed amount. 
3- Provide me with a written explanation or clarification after having conducted an investigation, not later than two complete billing cycles of the creditor ( in no event later than ninety days ) after receipt of the dispute. According to section 1666 of the FCBA, the written explanation should set forth the reasons whether the creditor believes the account of the obligor was correctly shown on the statement, or whether there was an error.

It has been more than 90 days since I contacted PayPal Customer Service and submitted my dispute. However I have not received ( 1 ) an acknowledgment letter within 30 days and ( 2 ) I have not received a letter explaining the results of the investigation and whether PayPal Credit has found the amount in dispute a billing error or not.

PS : THIS COMPLAINT IS ONLY ABOUT PAYPAL CREDIT IGNORING MY DSIPUTE. THIS COMPLAINT IS NOT ABOUT THE DISPUTED AMOUNT. I RETAIN THE RIGHT TO SUBMIT A DIFFERENT COMPLAINT ABOUT THE DIPSUTED AMOUNT IF NEEDED."
11792,"I recently read an article on XXXX RE : If you had a Wells Fargo account between XXXX and XXXX, you might be XXXX of the XXXX XXXX customers who qualify for damages, says the Consumer Financial Protection Bureau ( CFPB ). 

As part of a {$3.00} XXXX settlement, Wells Fargo has agreed to pay more than {$2.00} XXXX directly to customers harmed by "" illegal activity, '' ranging from incorrect overdraft fees to wrongful foreclosures- I am XXXX of these people. I reached out to Wells Fargo, as the article advised and my information no longer exists in WellsFargo 's database. My loan and info was purged from their system. So, the article said to fill out this form next. 

I attempted to refinance and because of WellsFargo 's illegal practices, they stole my home and foreclosed. They had even advised me to stop paying the up to date and current mortgage. 

I want the damages that are owed to me."
11793,"On XXXX/XXXX/2017, XXXX XXXX of XXXX ( VENDOR ) XXXX XXXX XXXX XXXX or XXXX XXXX ) XXXX issued a credit card credit to my XXXX Mastercard account using credit card processor : Elavon Inc. XXXX XXXX XXXX, XXXX XXXX XXXX GA XXXX USA https : //www.elavon.comXXXX I believe that Elavon Inc. is holding these funds for an unreasonable period of time in order to earn interest on them and profit from them while denying access to them to me. 
I also believe that if this practice is taking place with all transactions it handles, that the profit generated and the corresponding damages suffered by the affected public must be substantial. I believe this practice is illegal or, at least, immoral and is without any business justification. 
I also believe that Elavon misrepresented the disposition of the funds in question when they explained how funds from credits are handled in my phone call with them today. ( below ). 
Elavon : "" The funds involved are immediately sent to the Federal Reserve and that the receiving bank must claim these funds from the Federal Reserve '' I have no issue with the vendor or with my own credit card issuing company, Attached is the running dialog with the vendor, XXXX regarding the issuance of a credit to my credit card account in the amount of {$83.00} on XXXX/XXXX/2017."
11794,"As stated in a previous complaint against BAM Trading services, XXXX XXXX  XXXX. My account was locked on what has been confirmed by my bank as not an action that they had initiated. Moving forward my account was locked without reasoning. at the time of this lock I had {$950.00} in USD and a little under {$12000.00} in cryptocurrency that would fluctuate between $ XXXX depending on the trend. I tried for about 60 days to get unlocked sending 2 videos as per the request of Binance.US and sent my bank statement twice. That was my first visit to the XXXX website where I launched my first complaint. They answered rather quickly and made it seem like they would actually take some action. They finally responded to a message. Then right when the wait period before the complaint was closed had expired, they stopped answering. again. So about a week later I read online that I should try to SELL my assets instead of trade them. This worked. OF course this cost me about {$50.00} and I sold it at a low of {$10000.00}. I was okay with it because I would rather be in USD than a volatile coin. This is when the unthinkable happens and my {$950.00} that was in USD previous to my selling the coins I had was deleted from my account and all that remained was the {$10000.00}. Still no contact, still cant withdraw, still filling out complaints that seem to go nowhere. Binance will acknowledge in public eye, but then continue the suspect/criminal activity as soon as they get the opportunity. Since then I have written the CEO 's and other C-Level employees and continue to get ignored. False promises by them and XXXX. These companies are criminal organizations and need to be fined and sanctioned. They are ruining peoples lives and thumbing there nose at the customers that lined the pockets of their CEOs."
11795,"XX/XX/XXXX New servicer per letter from XXXX XXXX ( Loan number XXXX ) on XX/XX/XXXX will be Sortis starting XX/XX/XXXX. To date I have not received any official letter from Sortis. ( Sortis Financial Inc, XXXX XXXX XXXX XXXX, XXXX XXXX, XXXX, Texas XXXX. I have had a housing counselor since XX/XX/XXXX ; he called Sorits last week on XX/XX/XXXX and was told that my mortgage had not been transferred yet and the information was not in the system ; therefore he could not verify my original loan information : {$120000.00} and payments are {$1100.00}. I was advised to wait until he talked with Sortis before sending a payment. I got a call from my homeowners insurance agency on today stating that Sortis wanted to escrow my account ; but I have not heard from Sortis officially. 
Spoke to my homeowner policy agency today. The caller to my homeowners policy agency was XXXX XXXX from XXXX XXXX XXXX XXXX or Sortis, at XXXX. They wanted to escrow my account, but they only wanted to pay the only the balance of the account ; not for a full year ; they were going to overnight a check. Still I have not heard from them and I told my homeowners policy agency not to make any changes. 
I contacted my housing counselor and he was in touch with Sortis and they said they acquired the loan this past Friday, and that is why I had not received anything from them yet. They said my new loan number will be # XXXX. They told the housing counselor to call back in a few days and they will start modification procedures. 
I am concerned because : # 1 Sortis called my homeowners insurance policy agency before any official paperwork was sent to me ; # 2 XXXX said the loan was transferred on XX/XX/XXXX but Sortis said they did not acquire it until XX/XX/XXXX. 
I will continue to work with my housing counselor and would like to get a loan modification with a lower interest than 11.2 % and payments less than the {$1100.00} that I am paying currently."
11796,"On XXXX XXXX, my XXXX XXXX was stolen in XXXX XXXX XXXX XXXX XXXX Between XX/XX/year> and XX/XX/year>, XXXX unauthorized wire transfers totaling {$20000.00} were sent from my Chase business bank account to XXXX domestic bank accounts I do not recognize, to people I do not know. 
- XXXX wire transfers of {$9800.00} and {$10000.00} to an account of XXXX XXXX XXXXXXXX in XXXX, XXXX ( recipients name/address/email/ last XXXX of account # available ) were validated both by Chase services at XXXXXXXX XXXX XXXXXXXX time on XX/XX/year>. These large amounts should have needed verification. 
- XXXX wire transfer of {$1000.00} to XXXX XXXX XXXX XXXX, MO happened to another recipient on XX/XX/year>. ( recipients name/same address than the bank/ last XXXX of account # available ) Under Regulation E ( 12 CFR 1005.6 ) and UCC Article 4A , I am protected against unauthorized electronic fund transfers. I suspended my phone line with XXXX on the day of the theft XX/XX/year>, which is within the two-business-day window required, and notified Chase on XX/XX/year>, when I was back home and able to check on my accounts money was actually stolen ( my passwords are strong passwords automated with facial recognition on the devices ). 

These transfers were a massive departure from my normal banking history and i never use wire transfers. Chase failed to follow commercially reasonable security procedures by allowing XXXX large-sum wires to be processed in rapid succession from a device that had been compromised. Despite filing a police report to the XXXX XXXXXXXX XXXX XXXXXXXX ( Case # XXXX ), a police report to XXXX XXXX XXXX  XXXX XXXX XXXX # XXXX ) a FTC report ( Case XXXX XXXX ), and a FBI IC3 report ( ID # XXXX ), Chase has denied my initial claim and hasn't provided written information concerning the last wire transfer."
11797,failure to provide continuity of contact in a timely manner. on several occasions over the past couple of weeks both via e-mail and telephone I have asked Ocwen to contact me regarding questions I had about their loan modification offer. to date they have failed to contact me regarding.
11798,"Hi, I can't believe you guys are taking advantage of me. I AM VERY UPSET the credit bureaus have not responded back to me about my investigation. I sent a letter, it's more than 60days. I need these accounts deleted or updated. These are the items I demanding to be deleted immediately : 3. Validate Account XXXX XXXX XXXX XXXX Account Number : XXXX Please remove it from my credit report. 

4. Validate Account XXXX XXXX XXXX XXXX  Account Number : XXXX Please remove it from my credit report. 

5. Validate Account XXXX XXXX XXXX XXXX Account Number : XXXX Please remove it from my credit report. 

6. Validate Account XXXX XXXXXXXX XXXX Account Number : XXXX Please remove it from my credit report."
11799,"Worked with a Mortgage Broker for New Penn Financial to finance a home through FHA since XX/XX/XXXX. Received a pre-approval letter XX/XX/XXXX contingent on credit, income verification and proof of closing funds. Found a home and entered into contract XX/XX/XXXX with an extension to close on XX/XX/XXXX per Seller 's request. On XX/XX/XXXX, after being on three weeks of leave the Mortgage broker states HUD declined application because I was never qualified to begin with. Lost Escrow Down Payment because Mortgage Broker failed to furnish commitment letter/Loan Approval within 30 days of contract. Lost Home Inspection and Appraisal as I never would have paid for these contracts had I known I was not qualified. I was promoted XXXX officially XX/XX/XXXX which is less than one year requirement for income data. Per mortgage broker HUD stated they would have made a 6 month XXXX s ) exception therefore it was no surprise of my financial situation. I had everything on track to close even saving twice the closing cost only to find out I was never qualified. I sent a certified letter requesting reimbursement of money lost and have yet to receive acknowledgement of receipt of letter. Please help."
11800,"I am writing to formally express my concerns regarding XXXX handling of disputes, particularly in the light of the recent lawsuit highlighting major discrepancies with the platform. Despite using XXXX on numerous occasions and report numerous discrepancies my financial institution and XXXX failed to investigate my claims adequately. They informed me that covering lost funds was impossible and tracking these funds was out of their scope of reach. The CFPBs findings have reported that XXXX has neglected to protect its users and opened the doors for repeat offenders to continue to exploit the systems. Leaving users like myself to feel vulnerable not only feel vulnerable but are very much vulnerable."
11801,"On XX/XX/XXXX, I leased a XXXX XXXX XXXX from XXXX XXXX XXXX The dealership advertised a lease offer with a monthly payment of $ XXXX with {$4000.00} due at signing. After negotiation, I agreed to a $ XXXX lease with {$2000.00} from my trade-in and {$500.00} cash due at signing. 

At no point during the negotiation or signing process was I informed that VW Credit Leasing , Ltd. would claim the {$7500.00} federal EV tax credit on my behalf. The lease agreement does not explicitly state that the tax credit would be applied to my lease, nor did I sign any document acknowledging that I elected to transfer this credit. 

In XX/XX/XXXX, I attempted to file my XXXX tax return using XXXX, but the IRS rejected my return, stating that the XXXX  tax credit had already been claimedpresumably by VW Credit Leasing , Ltd. I immediately contacted XXXX XXXX and VW Credit Leasing to request clarification and proof that I had agreed to this arrangement. 

VW Credit Leasing refused to provide an answer and redirected me to Volkswagen of America. 
XXXX XXXX 's General Manager later confirmed verbally that the {$7500.00} XXXX tax credit was included in the {$8000.00} lease rebate, but they have not provided written confirmation or any document proving I was informed before signing the lease. 
I have now made multiple requests for written documentation clarifying how the tax credit was applied, but neither VW Credit Leasing nor the dealership has provided any formal response.

How This Affected Me I was denied the ability to claim the {$7500.00} EV tax credit on my tax return due to VW Credit Leasing appl
ying it without my consent.

The lease documents do not explicitly disclose that VW Credit Leasing would claim the credit, making this a lack of financial transparency.

Had I known VW Credit Leasing was taking the credit, I would have structured my lease deal differently. 
I suffered financial harm due to misleading financial practices by VW Credit Leasing and XXXX XXXX."
11802,Rocket have violated all of my consumer rights. They disregard all the formal notices I sent them. On XX/XX/XXXX of XXXX I sent a notice. of right to cancel. on XXXX XX/XX/XXXX XXXX XXXX I sent a revocation. of power of attorney. on XX/XX/XXXX. XXXX. I sent a cease and desist. on XX/XX/XXXX. XXXX. I sent a respa request. All of these notices got Ignored. rocket is violating the. legal notices.
11803,"In accordance with the Fair Credit Reporting act XXXX  Account # XXXX Department of Education XXXX XXXX, has violated my rights. 
15 U.S.C 1681 section 602 A. States I have the right to privacy.

15 U.S.C 1681 Section 604 A Section 2 : It also states a consumer reporting agency can not furnish a account without my written instructions"
11804,"I opened accounts for promotional bonus offer and funded on XXXX. The bonus was for XXXX . You needed to keep on deposit for 60 days and the within 90 days of account opening you would receive bonus. 

Upon calling I was told they are short staffed and its a pandemic and it will take longer. 

I called and asked for a supervisor who said basically it is what it is and I would just have to wait. I asked for a manager and was told someone would call me back. As of a week later no response. The company is still running their promotion so obviously this is false advertising if they were truly behind they would stop the promotion I escalated via email and only received a generic we will get back to, you. I have waited well over 100 days for this bonus. I believe the company is in violation of their promises and false advertising. 

I even called the corporate number and was told no executive can speak with me, I had to submit an email and wait for response. No one has been helpful either with chat or at least 5 phone calls"
11805,"I am writing to formally complain about a series of unauthorized charges on my Bank of America account, totaling {$350.00}, which have caused significant financial strain for me and my family. 

Since becoming a member in XXXX, I have had no issues until now. Recently, I was charged {$89.00} for a XXXX subscription that I did not authorize. After contacting XXXX, they advised me to reach out to my bank for resolution. Although I received a temporary credit on XX/XX/XXXX, my claim was denied on XX/XX/XXXX, with the reason stated as a recurring charge. This is false, as I had never authorized any such recurring payment. 

Additionally, I was charged {$15.00} monthly for an XXXX XXXX membership that I had already canceled. After discovering that the account was linked to my XXXX daughter 's email, I assumed it was resolved. However, I continued to see these charges on my account. Despite my efforts to rectify this directly with XXXX, they confirmed that I had no ongoing membership. 

Throughout this process, I have repeatedly contacted both XXXX and Bank of America for assistance. I was initially provided a credit of {$250.00}, which was later denied based on the claim being considered delayed. I was informed that my claim was denied because the transactions were deemed authorized by me or someone I allowed to use my card. 

I find it deeply disappointing that Bank of America would allow such significant funds to be removed from my account without proper verification or support, especially when I have clearly stated that these transactions were not authorized. As a single parent with XXXX children, this has put me in a difficult financial situation, leaving me with no funds until my next pay period. 

I request that you investigate these charges and reconsider the denial of my claims. It is imperative that I receive a fair resolution in this matter. 

Thank you for your attention to this urgent issue"
11806,"XXXX XXXX XXXX is reporting a collection account on my credit report that I do not recognize and do not believe belongs to me. 

I formally requested debt validation and proof that I am legally obligated for this account. Specifically, I requested a copy of the original signed agreement, full payment history, and proof that XXXX XXXX has legal ownership of the alleged debt. 

I have not received any documentation validating this debt. 

Despite failing to provide proper validation, the company continues to report this account to the credit bureaus as verified. 

Reporting a debt without providing validation after a written request violates my rights under the Fair Debt Collection Practices Act and the Fair Credit Reporting Act. 

If XXXX XXXX can not provide competent evidence that this debt is mine, I am requesting immediate deletion of this account from all credit reporting agencies."
11807,On XXXX I sent a letter regarding inaccurate and unknown things on my credit report. To this day over 60 days later I have not received a response back. I feel like I'm being taken advantage of and that I'm not being taken seriously. Section 611 ( a ) states that failure to investigate these items within 30 days gives a reason to immediately remove those items from my credit report and it has been over 60 days so they should be removed expeditiously. I demand these accounts be deleted immediately or I will file for litigation due to the stress you have caused me. My information was also impacted by the Equifax data breach and may have got in the hands of the wrong person.
11808,"I received a XXXX Form for the XXXX tax year regarding Cash App activity that occurred on an unauthorized Cash App account that was opened using my personal information. This is reporting in the amount of {$12000.00} using my name, address and SSN, however I have never used CashApp nor ever opened a CashApp account. On XX/XX/XXXX I contacted CashApp via phone call to provide this information and inform them that someone opened a fraudulent account under my identity and they provided me with a XXXXXXXX XXXX and stated someone will reach out via email. Did not receive an email so called back for an update on XX/XX/XXXX and they informed status is still pending. I called back on XX/XX/XXXX at XXXXXXXX XXXX  and spoke with XXXX who informed they do not provide tax assistance and I should reach out to a tax professional. Informed they will send an email. I received the generic email from CashApp indicating I should reach out to a tax professional and then on XX/XX/XXXX I received an email that my case has been closed."
11809,"I opened a business checking account with huntington on XX/XX/year>. The account had a promotion that if I deposited XXXX dollars by day 30 and held through day 90 I would receive a {$1000.00} bonus for fulfilling these requirements. I did this, but the bank has not paid out the bonus. I have emails that state I signed up for the promotion and have fulfilled the bonus requirements. 

I have attached the email I got when opening account and the pdf attached to that email with terms of offer."
11810,"Hello, there. I am a customer with Exeter Finance XXXX XXXX XXXX XXXX XXXX XXXX, TX XXXX I wanted to make a complaint regarding the repossession of the vehicle in question on XXXX XXXX. I have tried to make a payment on XX/XX/2022 on my account with Exeter Finance. They said that due to my account status that they can not accept an online payment at this time from me. This is the first time I have been not able to make a online payment, and this is after I expressed that I don't want them harassing me 4 times in one hours as they did before when they called me repeatedly US Code 1692d ( 5 ). I am willing to pay the bill and they still repossessed my vehicle, putting me in a bad situation and limiting my ability to make income for my family. 


They said that they sent a letter of collection activity in XXXX, but I told them that I never revived it. The representative then said that it's not his problem because they did what they were supposed to do. I want to complain because this goes against my rights as a consumer according to US Code 15 1681 ( a ) ( 1 ) ( A ) and because of the non disclosed subject regarding the finance charge in US Code 15 1638 ( a ) ( 4 ) .The biggest complaint I have is that I have tried to pay the bill online and they refused to accept it, then they had a towing company repossess my car. It's illegal and the remedy I am seeking is :"
11811,"RoundPoint Mortgage purchased our loan from XXXX earlier this year. The payment process was seamless and our automatic payments continued to be transferred from our account to RoundPoint. No payments were missed or deferred. We can provide all bank account withdrawals as well as payments to RoundPoint. We started to get letters stating we were delinquent/late as well as missing payments. I spoke with a representative regarding the first letter we received and was told that there were some small issues regarding the transitioning from XXXX to RoundPoint but that we were in fact in good standing. We again started getting more letters regarding late payments. We called, emailed, and filled out the contact sections on their site. No response from the emails, no results from the calls, as well as being on hold for long periods of time just to be disconnected. We are being assessed late charges as well as negative marks to our credit hampering possible future loan needs. 

* sorry don't have exact dates of communication"
11812,"Sometime in XX/XX/XXXX a loan was issued in my name which I did not apply for or sign for. I found out about the loan from my credit report after {$600.00} of interest had accrued. I called Sallie Mae to inquire as to how they could allow someone to take a loan out in my name without my signature or notifying me. I was told someone had my information and I was stuck with the loan, it was my problem. As interest was accruing and I feared my credit report would be damaged I had to take out a loan to pay Sallie Mae in XX/XX/XXXX. I never received a promissory note, loan terms of agreement or any communication from them regarding this loan prior to it being reported to the credit bureau. I felt like the response I received was very irresponsible and left me feeling angry, taken advantage of, hopeless and without recourse."
11813,"When I was in Cathay bank, they told me to get a line of credit, which was completely free, and it's a good protection just in cause I need the money sometime. 
So I applied, later on, the bank bought me home insurance which is the 3X of the price I used to pay. They didn't send me any insurance doc, and I don't even have a loan with them. Here are the inquiry : 1. We dont have a collateral with Cathay. What are they protecting?

2. They can withdraw your HELOC if we arent qualified anymore.

3. The insurance you bought is 3X than what we used to pay for.

4. No insurance document or policy was sent to us once the insurance was purchased. 
5. When XXXX signed the Agreement to provide insurance, nobody explained to her what she was signing."
11814,"Citibank closed my credit card account without any warning. I called them and asked to re-open. They stated that it would require a hard credit pull just for them to evaluate if they will re-open my account. I asked them for an alternative way which would not burden my credit history with a hard credit pull, and they claimed they do not have any alternative processes. They asked me to either agree to the hard credit pull or apply for another card ( requiring a hard credit pull )."
11815,"My daughter sent me {$10.00} from her Chime account. When I received the money the advertisement showed, Join Chime today and get an extra {$15.00} automatically added to your Chime Checking Account. I joined XXXX XX/XX/2023, but I never received the {$15.00}. I called a couple days later and spoke with a representative that said I would receive the funds the following week. I never received it. I called today and was given the complete runaround and was laughed at because I was inquiring about {$15.00}."
11816,"On XX/XX/19 I called navient to see about getting my payments increased so I could pay my student loans faster as I saw that in the 3 years I have been paying them they have not got down in terms of amount owed. The person I spoke with said that the only way to increase my payment was through additional paperwork as I am on an "" income driven repayment plan ''. I then told the customer service rep that I would like to pay around XXXX $ A month and she said the highest I could pay a month is XXXX . She then told me I could place my account in forbearance. I had sent in an application for borrowers defense and they immediately put my account in forbearance and I had called and told them no, I want to continue to pay the loan until my application was processed. I had to argue with them to continue to repay my loans instead of being put into forbearance."
11817,"Bank of America offered mortgage loan with 10 % downpayment, during the loan final approval process they requested 20 % instead otherwise they would have canceled the loan when we agreed for the 20 % they did not change the rate which should have changed from 4 % to 3.75 % and continued to stall by asking for the same document multiple times, we had to extend the closing twice, and still have not giving final approval, it has been 5 weeks since they accepted the loan application. we want them to fund the closing this week otherwise we will lose the property."
11818,"Account was added to my collections account XXXX XXXX and XXXX. XXXXXXXX XXXX  total amount {$550.00} opening date XX/XX/2020. Ive never received documentation or bills from this insurance carrier. I made initiative to call and very collections and when was their an option to settle or dispute, no results no options given."
11819,"Previously, I opened a secured credit line with Capital One : On my credit card and also on my account, the name associated with the account is XXXX XXXX XXXX. I am XXXX XXXX XXXX. 

Therefore, a week an half ago, I opened a checking account. I told them that I noticed that my account said XXXX XXXX. There are at least XXXX XXXX XXXX in the world, and my father is XXXX XXXX XXXX, and He also goes by XXXX XXXX. 

Do you the problem? As I wish that my debit card and my account information state XXXX XXXX XXXX like my credit card with capital one. 

I wish to know why my debit card states XXXX XXXX when I am XXXX XXXX XXXX. Also, I wish to change it to XXXX XXXX XXXX, and I told Capital One the same story. 

Thank You."
11820,"XXXX was claims of debt owed ; however, no mention of interest that should be accruing to the balance owed. original creditor overpaid time without notification when no claims were requested for the time paid."
11821,"On XXXX XXXX, 2021 I found out my Wells Fargo Business Savings was debit {$1700.00} for a XXXX payment with a name XXXX XXXX. I check my Wells Fargo Business Checking account online regularly. Since I don't use the Business Savings Account I did not pay attention to its transaction activity as often as my Business Checking account. I do not recognize this large withdrawal and I don't know this personal either ; so I called Wells Fargo customer services service line right away. At first a Rep. told me it takes about 10 days for them to do the investigation. After 18 days I called again customer service rep. told me my dispute denied because I have to report the unauthorized transaction with 3 days and I need to contact XXXX credit card directly. I scheduled an in-person appointment at Wells Fargo XXXX XXXX office . The banker at that location told me I have to report the dispute within 24 hours after the transaction debited my account and she was not able to help me at all. I called the bank customer service line again finally I got a processing number for this payment. I called XXXX Credit Card but they told me my bank has to contact them for this kind of fraud issue. I had to ask for a supervisor in order for me to get some help. XXXX is the supervisor at XXXX Credit Card Dept. he didn't believe me when I said Wells Fargo could not help me at all. We did a three-way calling with Wells Fargo ; after the call he understood the frustration I had to go through and promised me he will try to help me. So far I still have not heard anything from anyone. I don't have a XXXX credit card."
11822,I alerted Cash App about transaction ID # XXXX it happened XX/XX/XXXX at XXXX Paid this person to no avail I did not receive any product or service this was fraud this person committed using Cash App and or XXXX XXXX  the amount was {$1000.00}
11823,"I am submitting this complaint to the CFPB because I am a victim of identity theft and a lawsuit has been filed against me by XXXX, XXXX XXXX XXXX, XXXX on behalf of Midland Credit Management , Inc . The complaint alleges that I owe debts I do not recognize and never authorized. The accounts involved are XXXX XXXX, XXXX. account ending in XXXX with a balance of {$28000.00} and XXXX XXXX, XXXX. account ending in XXXX with a balance of {$6100.00}. I am not the debtor for these accounts ; my personal information was used fraudulently. These accounts were reported to credit bureaus and the lawsuit was filed without my authorization, causing harm to my credit, reputation, and financial opportunities. The reporting and collection actions violate 15 U.S.C. 1681b for furnishing without permissible purpose, 15 U.S.C. 1681e ( b ) for failing to maintain maximum possible accuracy, 15 U.S.C. 1681i, and 15 U.S.C. 1692 of the FDCPA regarding proper debt validation. I request that the CFPB investigate this matter, hold the responsible parties accountable, ensure the fraudulent accounts are removed from my credit file, and take appropriate action to vacate or dismiss the lawsuit. This identity theft and the associated lawsuit have caused significant financial and emotional harm. I urge the CFPB to act promptly to prevent further misuse of my personal information and stop these unlawful collection and reporting practices."
11824,"I was unaware that late payments was reported to this account. I disputed it on XX/XX/2021. I thought it would be a quick fix being that I've never made a payment late. It was not! To my surprise an authorized representative of Local Loans reported to XXXX  that the late payments were correct. 
I mailed Local Loans 2 separate notices to properly validate their claim of actual late payments. 
I would like for Local Loans to provide proof of any late payments to assist with correcting this error, or remove their account if choosing not to correct the late payment error. 

I will upload proof of error also"
11825,On XX/XX/2023 they charged me for three {$60.00} transactions in overdraft fees. I checked on the fees and they corrected it to {$35.00} and there were only two overdraft transactions. There was not a notification or apology. the event makes the Wells Fargo Bank untrustworthy. I collected information on how to file a complaint. The process seemed daunting but to my surprise it was not too bad.
11826,"I am filing this complaint against cash app. I bought a TV from someone XX/XX/XXXX and spent {$270.00}. When I received the TV it was internally cracked. I submitted a cash app dispute the same day due to this scam. Within the next 2 days, they sent me an email back saying theyre unable to prove this was a scam. I sent them documentation to prove this. Cash app did not investigate my dispute throughout and denied my refund. I should be compensated my {$270.00} sent for a TV because I did not receive the correct merchandise. I also attempted to reach out to the person who sold me the TV. The person who sold me the TV admitted he had a broken TV and a working TV. He obviously sold me the broken TV which is included in the messages. I attempted to also dispute with XXXX XXXX XXXXXXXX and without throughout research, they denied the claim as well. I feel as though this is a violation of my consumer rights to receive fair and good product."
11827,"I have been receiving unwanted mail directly to my address for several years now. Weeks ago I had called discover and opted out of mail and marketing. With the agent I also made sure my information was erased from their system. Now several weeks later I have received more spam mail to my home address. I just called discover for a second time at their customer service line XXXX ( XXXX ) XXXX and after three transfers and opting out of mail/marketing once again, I was told I might still receive mail. I have never been associated with the company discover in any way. I wish to stop receiving unwanted mail. It is ridiculous how much time and effort I have had to put into this. I just wish to be left alone by discover and for my information to truly be deleted from their system."
11828,"I am filing a complaint against Cash App/ Block , Inc. due to inadequate customer service and unfair practices which is prohibited via the CFPB Act. Specifically Cash App has failed to take timely and effective measures to prevent and address fraud on their platform. Leaving my account information vulnerable and unprotected. Furthermore their dispute resolution process was unfair and deceptive and did not comply with error resolution requirements under the XXXX act and regulation A. These actions have caused significant inconvenience as well as financial loss. I seek appropriate redress for these violations."
11829,"I am filing this complaint because TransUnion is preventing me from disputing inaccurate information on my credit report, which violates my rights under the Fair Credit Reporting Act ( FCRA ), specifically Section 611 ( 15 U.S.C. 1681i ). 

The most urgent issue is a XXXX XXXX XXXX XXXX XXXX  XXXX. XXXX ) filed in the XXXX XXXX XXXX XXXX  XXXX It was voluntarily dismissed on XX/XX/XXXX. Despite this, TransUnion continues to report it as an active public record. I have attached the official XXXX of XXXX from the XXXXXXXX XXXX XXXX When I attempted to dispute this item through TransUnions website, the system blocked me from submitting the dispute. 

In addition, I have tried to dispute several other inaccurate negative items on my TransUnion credit report. These include accounts I do not recognize and derogatory items that appear outdated or unverifiable. 

These errors are adversely affecting my life, including credit denials, high interest rates, and housing barriers. I rely on accurate credit reporting for basic financial stability, and TransUnions failure to allow proper dispute resolution has left me with no recourse.

I request that the CFPB : Investigate TransUnions failure to provide an accessible dispute process.

Require TransUnion to accept and fully investigate all disputed items, including the dismissed bankruptcy. 
Provide documentation on how these items were verified. 
Remove any information that is inaccurate or can not be verified in compliance with the FCRA. 

Thank you for your attention to this matter and for helping restore accuracy to my credit file. 

XXXX XXXX XXXXXXXX XXXX XXXX XXXX XXXX XXXX XXXX XXXX XXXX XXXX XXXX XXXX XXXX XXXX XXXX XXXX XXXX XXXX XXXX XXXX XXXX XXXX XXXX XXXX XXXX XXXX XXXX XXXX"
11830,"In accordance with the Fair Credit Reporting act XXXX XXXX XXXX XXXX XXXX XXXX XXXX XXXX XXXX XXXX XXXX XXXX XXXX XXXX has violated my rights. 15 U.S.C 1681 section 602 A. States I have the right to privacy. 15 U.S.C 1681 Section 604 A Section 2 : It also states a consumer reporting agency can not furnish a account without my written instructions. 15 U.S. Code 6802 Except as otherwise provided in this subchapter, a financial institution may not, directly or through any affiliate, disclose to a nonaffiliated third party any nonpublic personal information, unless such financial institution provides or has provided to the consumer a notice that complies with section 6803 of this title. 15 U.S. Code 1681b Subject to subsection ( c ), any consumer reporting agency may furnish a consumer report under the following circumstances and no other : In response to the order of a court having jurisdiction to issue such an order, a subpoena issued in connection with proceedings before a Federal grand jury, or a subpoena issued in accordance with section 5318 of title 31 or section 3486 of title 18. 18 USC 1028A provides that aggravated identity theft occurs when a person commits a crime and also knowingly transfers, possesses, or uses, without lawful authority, a means of identification of another person."
11831,Ally Financial wrongfully raised my APR rating and i believe it had something to do with racial profiling and did not properly insure that credit acceptance was applied. They did not communicate and payment options to help come current with the car note or send a letter of repossession. They just took the vehicle.
11832,at XXXX my social security check showed that it was in our account giving us balance of XXXX there was two pending charges of XXXX and XXXX which was subtracted to give us our balance of XXXX no other pending charges were shown. at XXXX on the same dateXX/XX/XXXX 5 hours later a new check for XXXX appeared a check forXXXX appeared ach debit for XXXX appeared we were assessed two XXXX fees then the ss deposit was placed as pending and the XXXX charge was taken out giving us a balance of XXXX chase bank changed the order of items coming in to account fromXXXX to cause them to create a negative amount in our account so they could assess us two XXXX charges. the check for XXXX and check forXXXX never showed up tell after the XXXX ss deposit was made. chase changed the order of the items to be able to charge us two XXXX charges
11833,My direct deposit came into my account as well as a withdrawal hold fees from the NC Tax was attached I asked bank to remove the fees but never did instead i accessed fees to my account in which turned into a collection matter I was harrassed by the bank to pay fees while my account was on hold the hold was released and the bank still held my funds.
11834,"We began with, XX/XX/XXXX, US BANK in XXXX XXXX CA to complete a refinance ( advertised loan at 3.5 % and no fees loan amount at {$1900.00} a month ) of our home mortgage, since our mortgage with XXXX increased to {$2800.00} a month formerly of XXXX XXXX XXXX who assigned/sold our original loan for processing to XXXX XXXX, w/o our consent. Finally, in XX/XX/XXXX, loan processed and our mortgage note on a monthly Basis became {$3200.00}. We have contested this, but to no avail ; they refused to lower the note as previously agreed toGFE ( Good Faith Estimate ), XX/XX/XXXX, loan amount of {$420.00}, XXXX @ {$2100.00}, 4.375 % 30 year fixed monthly mortgage note. We do n't understand how they can ad additional charges to our loan and expect that we pay this amount on a monthly basis for 30 yrs. How can we get US Bank to honor their commitment to us at the Original GFE proposed to us. This is not everything, but basically this the problem and we have met with the loan officer as well as Bank Mgr. of the XXXX XXXX branch asking that they work with us but they have refused to meet with us once again and/or reconsider our request to refinance at a lower mortgage. Please Help, as consumers Banks ca n't be allowed to deceive and/or provide documents at their discretion to arbitrarily disguise or changed the terms of a loan. 
XXXX XXXX"
11835,"I am XXXX XXXX. 

In XX/XX/2021, my credit card account with Capital One was closed without prior warning or to my knowledge. 
( Capital One, Attn : Payment Processing, XXXX XXXX XXXX, XXXX XXXX, XXXX, NC XXXX ) They said it was because of 3 returned payments but they'd taken me off of electronic communication so I had no idea what was going on. The card was secured so it was paid off but they refuse to reopen it unless I reapply. It is negatively effecting my credit report and I I deserve to be treated better than that after a 5 year relationship with them."
11836,"To Whom It May Concern, I am filing a formal complaint against Midland Credit Management XXXX XXXX for inaccurately reporting a collection account on my credit report in the amount of {$5400.00} Account number on XXXX # XXXX without proper notification or verification. I have never received any written notice regarding this debt, and I have no acknowledgment of its validity. 

Under the Fair Credit Reporting Act ( FCRA ) 623 ( a ) ( 7 ) [ 15 U.S.C. 1681s-2 ( a ) ( 7 ) ], debt collectors are required to send a written notice at least 30 days before reporting negative information to a consumers credit file. Since I was never notified, this reporting violates my rights under federal law. 

I am formally disputing this account and requesting its immediate removal from my credit report. Additionally, I request that Midland Credit Management provide documented proof of the alleged debt, including a detailed account history and validation of the obligation. 

Please take immediate action to correct this violation and provide a written response outlining the steps taken to resolve this issue."
11837,"I am filing a complaint against XXXX regarding a series of unauthorized hard inquiries that this company run on my credit report, without my consent or permission. This suspicious activity is additionally alarming as I am not a XXXX customer, nor have I been shopping for XXXX service. Having been the victim of identity theft within the last 2 years, I am deeply concerned that these inquiries may be a sign of credit fraud. These hard inquires negatively impact my credit score and stay on my report for up to 2 years. TransUnion informed me that two unauthorized inquiries were run by XXXX within about 2 weeks of each other, the second one occurring after I had placed a fraud alert on my credit report ( which supposedly requires companies to verify a consumer 's identity before running a report - XXXX did not follow this security protocol ). The first hard inquiry occurred on XX/XX/18, the second on XX/XX/18. Because of this unauthorized activity on my credit report, I've had to place a security freeze ( cost : {$10.00} ) on my credit report so as to prevent XXXX from running further unauthorized reports. Upon calling XXXX ( and speaking with their highest level of customer service ), I was informed that they could not do anything about the unauthorized activity, nor prevent future occurrences ; they provided little help or guidance. I have spent hours speaking with reps from XXXX and have gotten nowhere. TransUnion requires a documented complaint from the BBB in order to fully investigate this unauthorized credit activity and remove the hard inquiries from my file. My TransUnion complaint ID is XXXX."
11838,"I paid off my federal student loan with Mohela in XX/XX/year>, resulting in an overpayment of {$160.00}. On XX/XX/year>, I contacted Mohela to inquire about my refund. They responded in writing that the refund was sent to the U.S. Department of Treasury on XX/XX/year>, and that refunds are sent via check and can take XXXX business days or more for processing. 
As of XX/XX/year>, I have not received my refund check. This is nearly 5 months ( approximately XXXX business days ) since Mohela confirmed the refund was submitted to Treasury. 
On XX/XX/year>, I contacted Mohela again to follow up. Their response was a generic template stating that refunds can take XXXX business days and that they can not verify processing times on behalf of the Treasury. They did not acknowledge that I had already exceeded the XXXX business day timeframe or offer any assistance in locating my refund. 
I am requesting my {$160.00} refund be issued immediately. I have attached documentation including Mohela 's XX/XX/year> response confirming the refund submission, their XX/XX/year> response, and my account history showing the refund transaction."
11839,"Started a title loan Titlemax XXXX, TN All payments were made on or before time, had contacted them on XXXX asking them on the payoff ( {$2300.00} ) and requested that payment would be made XX/XX/2020 Representative responded that it would be ok and no late fees would be incurred, Received notice via mail postmarked XX/XX/2020 of payoff balance through XX/XX/2020 of {$2200.00}. 
Visited XXXX location directly after work to make payoff, Payment was refused and other charges were orally spoken to a sum well over {$2500.00}. There was no resolve in talking with in store representatives. An effort was made to talk with district managers, A call was received back from one of the district managers, but the resolve was the same as in store. payment was offered and still refused. All actions were made on XX/XX/2020 to fulfill the obligation as stated."
11840,"I applied for a FHA loan with Guaranteed Rate, everything was going smoothly. Due diligence was scheduled to end on XX/XX/XXXX, suddenly on the XXXX Guaranteed Rate said that I would need a co-signer to be able to get the loan. I started shopping for other companies that would be able to close the deal. XXXX XXXX took a look at everything and said that they will definitely be able to work with me. I called Guaranteed Rate at XXXX XXXX on XX/XX/XXXX and asked them to transfer the file over as I can't find a cosigner. Around noon XXXX of Guaranteed 's employees emailed XXXX saying that they would need something in writing from me to authorize the transfer, I immediately responded around XXXX stating as such. I called Guaranteed  to make sure that everything was being handled, and was told that XXXX was working on transferring everything over, this was around XXXX XXXX. At the end of the day XXXX 's underwriter pulled the file and was going to begin working on it, this is when it was discovered that someone at Guaranteed had filed in the FHA portal that I was denied due to lack of income and funds. This is false information, I have the cash on hand needed for closing, and work a full time job that makes more than enough to cover the mortage, utilities, and cost of living. At no point did any employee of Guaranteed Rate say that I was denied until magically receiving an email dated XX/XX/XXXX. This is obviously in retaliation of my pulling the file from them and going with another company."
11841,"I had a complaint submitted through CFPB ( COMPLAINT ID XXXX ) that was closed on XX/XX/2024. In response to my previous complaint, Bank of America stated that the wires were returned to the original sender, XXXXXXXX XXXX XXXXXXXX XXXX, on XX/XX/2024. However, it has been over a month and the wires have not been returned to the original sender yet. I have requested multiple times for Bank of America to provide me with a wire tracing number or proof of transfer back to XXXX XXXX XXXX  XXXX, but they have not responded to my request. All they have provided in their response is proof of the deduction of the wires from my account, but no proof of wires being sent back."
11842,"I got a call from hospital personnel, about my survey and why I was not happy with my day nurse. I told her I told the nurse I needed formula and she wanted me the breastfeed and would not get me the formula. I told her I felt the nurse was shaming me for not wanting to breastfeed. 

She said since I was not happy with the service I got, that they would be waiving my copay I was not notified that they wanted be to pay, because of the agreement I did not receive any form notification that I was owing them. I was under the impression that everything was taken care off."
11843,"I had autopay turned on at GM Financial and had made timely payments throughout the lifecycle of my lease. At my lease termination, I had returned my car and closed the account as the account was paid in full. Couple months later I found out that someone had added on {$36.00} fees without notifying me after autopay had paid off the account in full. 3 months later I find out through my credit report that I now carried a balance. I called GM Financial and even they were surprised stating this was the first time they had seen this either. However, no action was taken after I submitted 2 complaints and had 2 phone calls with them. It now shows that someone had closed out the account to cover their tracks but left the errors still showing on the account so now I have proof of their errors and evidence of hiding their tracks. 

This is a disaster of company operations and GM Financial should be held accountable. I can't imagine how many others are being affected by this as well."
11844,"XX/XX/XXXXXXXX XXXX XXXX XXXX XXXX XXXX XXXX XXXX XXXX XXXX XXXX XXXX XXXX XXXX XXXX XXXX  XX/XX/XXXX, XXXX XXXX I have recently reviewed my credit reports from all three bureaus, and I have found discrepancies in the information reported. Specifically, the following items do not match across the bureaus : Listed above. 

Under the Fair Credit Reporting Act ( FCRA ), I understand that I have the right to dispute inaccurate information in my credit report, and the credit bureaus are obligated to conduct a reasonable investigation into my claims. I have already initiated disputes with each of the bureaus ; however, the discrepancies remain unresolved, and the inaccurate information continues to affect my creditworthiness. 

I kindly request that your office investigate this matter to ensure the accuracy of the information reported by these credit bureaus. I believe that the continued reporting of inaccurate information is not only detrimental to my credit score but also violates my rights under the FCRA. 

Please find attached copies of my credit reports from each bureau, highlighting the discrepancies mentioned above, as well as any relevant correspondence I have had with the credit bureaus regarding these disputes. 

I appreciate your attention to this matter and look forward to your prompt response. If you require any further information or documentation, please do not hesitate to contact me at the phone number or email address listed above. 

Thank you for your assistance. 

Sincerely, XXXX XXXX"
11845,"On XXXX I stopped in the XXXX XXXX  of TD bank to set up a trust account. They let me know that they can not set it up there and the corporate office needs to review and approve the documents. Its been over a month and I have followed up via email with the branch. XXXX and the branch manager XXXX XXXX have been on all the emails. They keep stating they havent heard back from corporate and we have no path to get this resolved at this point. Corporate also does not speak to me at all and when calling customer service, they tell me I need to go back to the branch, but the branch can not resolve."
11846,Today XX/XX/2018 a flyer was left in my gate wich said to call this phone number- XXXX. The phone recording says is Bank of America and ask for the social security number. There are other complains about this and I think it is a scam to steal identity. My ring cameras recorded the car and the person that left the flyer I have the video.
11847,I received an email offer from US Bank that if a checking account was opened before XX/XX/2018 I would receive {$200.00}. I did all the required direct deposits and they are not honoring the offer. They're claiming the offer code was not entered. I opened the account from the email and there was not an area to enter an offer code. This is deceptive and dishonest of them. I still have the email.
11848,"I opened my XXXX account and my score had went down. It said I had a new creditor on my account. 
The creditor is Credence Resource Manage for the company XXXX XXXX for {$400.00}. I didn't know what XXXX XXXX was. I looked it up and it said an internet service. But some other options came up. I'm not sure where to call this company. I have never used this service. I use a local internet service. I did dispute it. But I think someone has used my information. I just don't want it to continue. I've been trying to build my credit."
11849,"I opened this HSA through my employer and started having money deposited directly from my paycheck effective XX/XX/XXXX. I have not been able to access my account online at all to manage my money or change my investments, so my money is currently sitting uninvested. I get the same error message on their website saying that their service is temporarily unavailable and that I should contact customer service. I tried speaking with customer service more than 3 times and I have 3 different reference numbers from calls that ended with no resolution. The customer service agents walked me through multiple troubleshooting steps ( clearing cache & cookies, using different device, using different WiFi network, updating XXXX XXXX ID password, using their app, etc. ) and I did them all multiple times with no change in the error message. 

These are the ( approximate ) dates and the reference numbers : XX/XX/XXXX - XXXX XX/XX/XXXX - XXXX XX/XX/XXXX - XXXX The last agent that I spoke to on XX/XX/XXXX told me that somebody from the help desk would be reaching out to me with more information but nobody has. At this point I would rather move my money out of Optum to a different HSA but the agent told me that they will not waive the transfer fees, even though I have no access to this account."
11850,"I provided Ally Bank my account/routing number from XXXX to transfer funds to Ally. The amount was debited to XXXX  and was available in my Ally account and I was able to continue using it for another week. I then tried to XXXX money from Ally to my chase debit account and Ally told me my funds were unavailable and needed to be reviewed for fraud. The next day my account was locked. Ive called 6 different days and have gotten 6 different answers with regard to what needs to happen for my funds to be available. Ive asked to speak to someone higher up or in a different department was not allowed to do so. They are unable to give me a timeline, or reason for flagging my transfer from XXXX and would not give me the contact information for the Third Party that Ally uses stating that they dont know who the third party is and cant get in contact with them. No notice was given that the transfer was flagged until the bank asked me to call and verify my XXXX request when I needed to withdraw funds. No notice was given when my account was completely locked until I tried to login to my account via the Ally mobile app. I have asked XXXX to request a return of the funds from Ally."
11851,"My complaint about Bank of America is the following : I made an online wire transfer to a foreign Bank XXXX for my mother on XX/XX/XXXX, for {$4400.00} dollars. The representative advised me that it would take 4 to 5 business days, for my mother to get the money. I spoke to my mother 7 days later and she had not received the funds. I called Bank of America again and they didn't know what to tell me. I checked the transfer details again and the last two numbers of the beneficiary 's account were wrong. On XX/XX/XXXX, I called Bank of America again and told the representative what I noticed about the transfer details and I requested my money back. The representative told me the transfer request would be cancelled/recalled they gave me case number XXXX and said they would be in contact with the foreign bank about returning the money. It has been 2 months and I am still waiting for my money. I have made numerous calls to Bank of America, only to be given the same excuse as to why I dont have my money back. 
All Iam told is that they send a request to some mediating bank ; they dont even tell me who the mediating bank is. The mediating bank then contacts my mothers bank, XXXX to request the funds back. We have contacted XXXX Bank and they have told us over and over again that it is not up to them to return any money because if the account information was wrong, they would not be able to receive any funds for my mother. XXXX Bank representatives continue to tell me that it is the responsibility of Bank of America . 
I feel we have been patient enough and I need my money. It is not {$4.00} dollars it is {$4400.00}. Please let me know what else I need to do to resolve this. We are very concerned about this situation because there was information on the local news that Bank of America is under investigation. If any of it has to do with my current problem with them, I hope you can help."
11852,"I feel that these accounts are adversely affecting my credit report and costing me thousands of dollars in interest every year. This is not a regular dispute I have file a compliant with the federal trade commission and the XXXX XXXX  XXXX  because to my knowledge I do not recall any these accounts. I need this problem fix ASAP. I should not have to wait another 50 days to receive no response because clearly you guys dont appear to care. I demand these accounts are deleted immediately or I will file for ligation due to the stress you caused me. Section 611 ( a ), it plainly stated that a failure to investigate these items within 30 days give a reason to immediately remove those items from from my credit report it has been over 50 days so they should be deleted promptly"
11853,"Dear Officer, I am writing to report that Bank of America cheated me over the phone. Please ask Bank of America to face the fact and explain why they should cheat its customers. Bank of America has never answered this question. Bank of America is still lying. That is not decent business behavior. Something is wrong within Bank of America because its phone representatives misled or cheated me. 
Thank you! 
XXXX XXXX PS : The following is the detail : On XXXX XXXX, 2016, I and XXXX XXXX XXXX in her XXXX office made a phone call to Bank of America ( XXXX ), regarding my home-line-equity account with Bank of America. Bank of America told me that my Home Equity Line account would be kept open and Bank of America would refund me the payoff fee if they receive any. 
XXXX XXXX ( Tel : XXXX ) would like to serve as the witness of this issue. 
Thank you! 
XXXX XXXX"
11854,I have been receiving steady flow of junk mail from Citibank credit card about 0 % and other unsolicited offers. I have called and told them to stop. They stop & the next year again I get this junk mail. This will have to stop or I will be forced to initiate legal action.
11855,"This account is related to a rental property from XXXX.They will try to say I lived there in XXXX but I was living in XXXX XXXX  during that time. I moved out of the residence early in XXXX and have not lived at or benefited from that property since then. According to the Fair Credit Reporting Act ( FCRA 15 U.S.C. 1681c ), any rental debt or collection account must be removed from a credit report no later than XXXX   years from the Date of First Delinquency ( DOFD ). 

The DOFD for this account occurred in XXXX, which means the maximum reporting window expired in XXXX. Reporting this account in XXXX is a direct violation of the FCRA and constitutes illegal re-aging of the debt. 

Additionally, the account is inaccurately listed as open, which is factually incorrect and misleading, further violating the FCRA. 

I am demanding the immediate deletion of this account from my credit file. 
If you refuse to remove this obsolete account, please provide : XXXX. The original Date of First Delinquency ( DOFD ) XXXX. Documentation proving legal authorization to report beyond XXXX years XXXX. A complete payment history XXXX. Proof that no re-aging has occurred If this matter is not resolved within XXXX  days, I will file complaints with the FTC, and my State Attorney General for FCRA violations."
11856,"I had fraudulent charges coming from "" XXXX XXXX '' being taken from my account for months. I noticed last XXXX. I called XXXX and they stated that it was not them. I was using my credit card to pay for my XXXXXXXX XXXX account, not debit - as stated, I called them and inquired, they assured me that it was not them charging mea and it was fraud attempting to cover up their charges as XXXX. I filed a claim with my bank ( Bank of America ) and they just denied my claim and said they were going to take the {$130.00} back out of my account."
11857,"On XX/XX/XXXX, XXXX debit card chargebacks appeared on my Chime checking account totaling {$300.00} ( {$70.00}, {$120.00}, {$120.00} ) which I did not authorize. I was the victim of a financial scam called XXXXXXXX XXXX XXXX operated via XXXX and XXXX. My transaction history shows I sent {$70.00} to XXXX XXXX with memo XXXXXXXX XXXX XXXX the scammer then fraudulently disputed the transactions causing Chime to claw back funds. I called Chime on XX/XX/XXXX, spoke to a supervisor for XXXX minutes, and was refused access to their fraud department. I have an FTC fraud report filed."
11858,"I initially took out two loans from a XXXX XXXX through the website "" XXXX '' in XXXX. During the recession, the bank closed down and I was unable to find the servicer to pay the debt. Then, 3-4 years ago I received letters out of the blue from a company called "" XXXX '' indicating that my debt had ballooned over 200 %, and charging frankly usurious rates ( 11 % +, variable ). While I began paying knowing that I did indeed take out loans, I recently read about companies ( including specifically XXXX ) requesting payments for debts that they do not actually own. I have since requested actual documentation on the loan ( including the original Master Promissory Notes and records of debt transfer ) in order to refinance. They have repeatedly ignored my requests, and at this stage are no longer responding to my requests. I would like this documentation to prove that the debt is indeed mine, and that I am not paying some random company for no reason."
11859,"I am writing to file a formal complaint against TransUnion for its failure to conduct a thorough investigation into inaccurate items on my credit report, as mandated by the Fair Credit Reporting Act ( FCRA ). 

On XX/XX/XXXX, I diligently submitted a dispute letter to TransUnion via USPS certified mail Tracking # : XXXX XXXX XXXX XXXX XXXX XXXX, requesting an investigation into inaccurate items on my credit report. Additionally, I disputed incorrect personal information listed on my credit report. I took great care to include a copy of my photo ID, social security card, and a recent bill with my current address to assist TransUnion in verifying my identity and address. Despite these efforts, TransUnion refused to conduct their investigation. 

Subsequently, I received a response from TransUnion, dated XX/XX/XXXX, which stated : "" We recently received a request that included your information, but it didn't appear that you or a properly authorized third party sent it to us. We take the privacy and security of your data very seriously, so we won't process requests unless they come directly from you or an authorized third party. '' This response is unacceptable as it fails to acknowledge the substance of my dispute and disregards the evidence provided. 

TransUnion 's failure to conduct a reasonable reinvestigation into the disputed items on my credit report is a direct violation of my consumer rights under the FCRA. As per the FCRA, credit bureaus are obligated to conduct a reasonable reinvestigation when the completeness or accuracy of any item of information in a consumer 's file is disputed. 

Enclosed, you will find a copy of the dispute letter I sent to TransUnion, along with proof of USPS certified mail delivery and TransUnion 's subsequent response. This documentation serves as irrefutable evidence of my efforts to rectify inaccuracies on my credit report."
11860,"There are two XXXX accounts on my Equifax credit report that are both more than 10 years old. I spoke with XXXX and they verified this information. I processed a dispute with Equifax and they verified the info and the accounts were closed over 10 years ago but did not delete them, they said because I did a dispute that change my date of last reporting to the date I disputed them so it would be another 10 years which makes no sense. They only appear on Equifax, they don't have any negative history and they should be removed."
11861,On XX/XX/2017 I opened a letter from IQ Data Collection in regards to an amount they are claiming I owe to an apartment of some sort that judging by the address I have never lived at. I asked the debt collector to provide me with more information and she refused saying she talked to me on the phone and I know it 's my debt. I have no idea who this lady has talked to and what she is talking about. She proceeds to overall me and say that I lived there. The conversation got aggressive and I ended the phone call. Still concerned that they are trying to hold me accountable for a debt I did n't make I ask to send me information and she began to refuse. This company is fraudulent and trying to bully money out of me for something I did not do and then refuses to show me proof.
11862,"Opened Virtual Wallet Checking account with PNC Bank on XX/XX/2019 and funded with a {$25.00} deposit from a checking account at another bank. PNC opened the account, processed the {$25.00} deposit. I received a letter dated XX/XX/2019 stating that my account was closed ( with no reason ) and that they will send me a check for the account balance. I called PNC and multiple reps stated that they couldn't provide the reason why account was closed and told me I would need to go to a bank branch even though there were no bank branches near XXXX. I did visit XXXX and stopped by a PNC branch ( XXXX XXXX XXXX ) on XX/XX/2019. The banker ( XXXX XXXX ) there called the back office to figure out what was happening but they were out on lunch so he promised to call me back. XXXX days later I received a call from him stating that he couldn't provide a reason why the account was locked and wouldn't be able to refund me the {$25.00} initial deposit. I tried calling customer service again and spoke with XXXX XXXX XXXX XXXX XXXX they advised me to file a dispute with my bank for the {$25.00} deposit. When I reached out to my bank, they told me that because it has been more than 30 days since PNC XXXX 'd {$25.00} from my account, they couldn't file a dispute."
11863,"In XX/XX/2018 I completed the application for Public Service Loan Forgiveness ( PSFL ). I completed more than 10 years of employment with a qualifying nonprofit and made the required 120 payments. During the 10 years I reached out to my loan servicer ( Navient - Sallie Mae ) to make sure my loans were the right kind of loans and were eligible for PSLF. Each time I was told yes and given assurances that as soon as I completed 10 years, the loans would be forgiven because they were Federal Loans.

My application for PSLF was declined because my loans are in the wrong classification. Navient apologized for giving me incorrect information 4 different times and said I could consolidate my loans again and restart the process of 10 years of employment with a nonprofit and 120 more qualifying payments. 

Navient knowingly committed fraud, and said they are unwilling to correctly classify the loans because that would be considered admitting fault which could make them liable for the loan balance. The have decided instead to call me every day with excuses. This is unacceptable. I understand why the Attorneys General for so many  States are suing Navient for fraud."
11864,"I created a PayPal account, it became restricted, called in, and was told by them to open a new account. I did so and that one became restricted as well as opening new accounts violates their terms of use. Now, months later I have gotten the original account unsuspended by providing legal documents such as my government drivers license, Social Security Card, and bank statements that proved proof of residency. I called in, had the documents reviewed and got the ban lifted as they saw the documents were authentic. However, that same day my account was under review again and again they asked for my I.D., proof of residency, AND passport. I do not have a passport so I called in again and got transferred to a ver batum "" higher up '' where the associate explained that even she does not know why that information was being requested again as in my account she could see that my I.D . and such were approved and that my passport should not be asked for. The problem here was that I do not have a passport. She said that would not be a problem however, and just asked that I provided my I.D . and bank statement once more, and that my account would be put on a priority list to check as she already knew I was clear it seemed. 3 days later I get the notice that I am again permanently banned from PayPal, and when I called in yesterday ( XX/XX/2022 ), I was told that my account has been labeled for "" null appeal '' because they found another PayPal account with my credentials, the same account I was TOLD to create by a PayPal associate about a year ago. So now, because an associate of their own company gave me direct action to violate their terms of use, which are not readily available on their site, I am no longer to use their service permanently it seems."
11865,ERC started to report on my credit file without send me a 30 day right to dispute .... I had already paid the XXXX debt prior to them reporting and by law they have to notify me with the 30 day right to dispute.
11866,I purchased a vehicle the first weekk of XXXX 2015 from Carmax. I approved the carmax associate to run my credit XXXX time and that was to get me approved. I got approved then i drove the vehicle and it had multiple problem so with the carmax guaranteed approval of satisfaction i took the car back and got another one. During that process i didnt know they were running my credit all of them times. After i fouind out i called up to the store and asked them why they ran my credit so many times and i was then told when you have multiple inquiries from the same company they will merge together and become only XXXX inquiry.
11867,"I had a loan out with US auto sale financing, and I was charged double times, my car was disabled even when I wasnt late but they always turned it back on. But Ive been paying on my car for over 6 years now and it still hasnt been paid off. I know I should be done paying it by now. If they were using the money towards my payments, but now I have this company called Westlake portfolio sending me threatening letters to repose my car a company I didnt even know nothing about first off. And now Im struggling having to try and pay them XXXX XXXX  a month when I was paying us sales XXXX XXXX a month for almost 6 years, my car should definitely have been paid off by now."
11868,"I have reviewed the response made by the business in reference to complaint ID XXXX, and have determined that this does not resolve my complaint. For your reference, details of the offer I reviewed appear below. 15 U.S.C 1681 section 602 A. States I have the right to privacy. 15 U.S.C. 1681 Section 604 A Section 2 : It also states a consumer reporting agency can not furnish an account without my written instructions. 15 U.S.C 1692C Without the prior consent if the consumer given directly to the debt collector or the express permission of a court of competent jurisdiction, a debt collector may not communicate with a consumer in connection with the collection of any debt 15 U.S. Code 1692b ( 2 ) not state that such consumer owes any debt ; 15 U.S. Code 1692b ( 5 ) not use any language or symbol on any envelope or in the contents of any communication effected by the mails or telegram that indicates that the debt collector is in the debt collection business or that the communication relates to the collection of a debt! You never sent me any proof of verification either you ignored my letter, I sent it on XX/XX/2022, you received it on XX/XX/XXXX, that was my second letter you ignored, this qualifies for an automatic deletion! XXXX, that's the tracking number! Regards, XXXX XXXX I UNDERSTAND THE CO"
11869,"First Bank XXXX transfered the loan to First Bank, Serviced by XXXX. I received a letter dated XX/XX/year> stating the change and that nothing would change on my side. 
I had made my XX/XX/XXXX payment like I always do thru my bank portal, which sends and electronic payment to the servicer. The electronic payment went out XX/XX/year> and was debited on my account XX/XX/year>. I received a letter stating they hadn't received my payment and I didn't see it until XX/XX/year> as I travel alot. I called XXXX on XX/XX/year> and sent proof of payment, which I had to contact my bank, they sent me a picture ( jpg. file ) of electronic transfer and showed all the information. On XX/XX/year>, I called XXXX and asked him about an update as my next payment was due that day and I didn't want to do it via my bank portal as they would probably lose it again. He told me no update as they were still researching. I made XXXX 's payment to him over the phone via phone payment. I gave it a few days and called back XX/XX/year> to XXXX XXXX, still same thing, no word on the research. Later that day, I received notice from XXXX XXXX that my credit score had dropped. To my AMAZEMENT, IT DROPPED OVER XXXX POINTS DUE TO THIS SCREWUP. THIS IS NOW AFFECTING ME FINANCIALLY. I called back and told them this was affecting me and he stated after the research, it would be 30 days or XXXX when they could upload new credit information. I told them this was unacceptable!! My credit score went from XXXX to XXXX just like that. I can't sleep at night knowing this is so low. I called XXXX today, XX/XX/year> and she's now asking for a bank statement showiing proof. I emailed it today. I will call them back Tuesday again on XX/XX/year>. This is slander to my financial well being."
11870,"This is regarding Navient. On XX/XX/19 I received my first phone call at XXXX, then again at XXXX, again at XXXX, again at XXXX, and again at XXXX. I informed them that I was at work and could not talk at the XXXX phone call. They continued to call. On the XXXX call I requested a supervisor multiple times before I was sent to supervisor XXXX XXXX.I told him this was harrassment and I was aware of my rights they said they were allowed to call between XXXX and XXXX until I made my payment. My payment was 20 days past due for {$180.00} and they continued to tell me I had to pay and calls would stop. I asked for the customer service number and he gave me the number to make my payment. Im not going to lie I said some choice words to him then hung up. I called back and spoke with XXXX XXXX. I was calm with her she told me to just make my payment if I could make payment the calls would stop, was talking over me and not qilling to listen to what I was saying. This complaint is about the harrassing phone calls and delibrate action supervisor XXXX XXXX took in preventing me from talking to customer service. I could understand multiple calls if I was habitually or significantly past due but seriously 20 days and {$180.00}?"
11871,"On XX/XX/XXXX, I called Bank of America to apply for a home loan. I chose them because I am a customer, and they have my information and account statements. On XX/XX/XXXX, I received a pre-approval letter for an amount of {$260000.00}. From that moment, the service they provided was very poor. The agent, XXXX XXXX, did not answer my calls. I spent almost two weeks trying to contact him without success, but I continued looking for houses because I already had the pre-approval. 

Finally, I was able to contact him and informed him that I had found a house for {$230000.00}. He requested more documents, and from XX/XX/XXXX, the 30 days for the closing date of XX/XX/XXXX began. Communication improved because he was asking for documentation. Everything seemed to be going well until 10 days before the closing date. I provided the necessary documentation, and on XX/XX/XXXX, just 5 days before the agreed closing date in the contract, another person from Bank of America contacted me to say that I had not been approved because I had not worked for 12 consecutive months. They knew this information from the beginning. If that was the issue, they could have informed me earlier that I did not qualify, preventing me from wasting time and money. 

Now, I am going to lose {$5000.00} in earnest money because the contract states that I have up to 21 days to recover that money if my loan is denied. I will also lose the money I paid for the inspection, appraisal, survey, option period, and the documents already requested from the title company, totaling approximately {$5000.00}. All of this is due to the delay in evaluating my case. Denying a loan 5 days before the closing date is not correct ; it was a bad practice by the bank towards me. 
Additionally, I had to call persistently for them to send me the denial letter, and when I tried to file an internal complaint, the customer service was so bad that it seems my information was never documented"
11872,"On XX/XX/year> at XXXX I received a call from REVCO Solutions XXXX about a medical debt for my son I was unaware of. The man on the phone stated I had a debt of {$110.00} for a hospital bill and said we can pay it today. I told him I will need to look into it, in which his response was why haven't you paid it or attempted to pay it or do I even have an intention to pay, in a demanding and aggressive tone. I later called back to speak with a different representative and took care of the matter. However, having an aggressive, accusing representative call in that tone is belittling and unnecessary, and with will be met with aggression XXXX fold. This rep needs to be fired and if he ever calls my phone again lawyers will be notified."
11873,"Ever since Synchrony Bank took my BP Visa Credit Card from XXXX XXXX, I 've had nothing but trouble. I think I finally figured out their scam. By not allowing customers to make payments online, due to what they call "" technical errors '', and denying use of the credit card at critical times, Synchrony Bank stands to rake in most likely, XXXX from unsuspecting clients. I 'm hoping the CFPB will be able to look into the practices of Synchrony Bank. Why their webpage is down so much, why when I schedule a payment their site denies it, or just schedules it on the next billing cycle. This institution seems to be controlling what, how and when I use my card, then lets the balance linger through "" technical issues '' until they can charge another interest fee which is non-negotiable. Is it because they offer the gas rewards they feel they can ripe off the consumer? Sounds to me like there is something going on with Synchrony Bank."
11874,"On XX/XX/2018 I received a letter from Pennsylvania Higher Education Assistance Agency regarding my student loans and my need to re-certify my income driven repayment plan within 10 days on XX/XX/2018 or else my monthly payment would increase to {$2000.00}. 

I was unable to submit this documentation through the PHEAA portal due to the fact that their was a discrepancy between my date of birth between them and the NSLDS. I have re-certified through this process several times and no one has been able to help me determine how this discrepancy came about or how it can be fixed. 

Since I was unable to submit the information through the portal, I needed to upload the re-certification and tax income verification manually. I received the form from Studentloans.gov and submitted the information on XX/XX/18. 

PHEAA sent me a letter on XX/XX/018 stating I was denied re-certification because the form I submitted was out of date, even though the form clearly stated at the top that it expired on XX/XX/18. I re-submitted my re-certification documentation on XX/XX/18. 

On XX/XX/18 I received another letter from PHEAA that stated because I had not submitted the re-certification forms my XXXX payment was set to increase by a multiple of 4. My Income Driven Repayment certification is still under review. 

Due to a a new flaw between PHEAA and the NSLDS regarding my date of birth and the slowness of PHEAA from veryifying my documents on two occasions, I am expected to pay four times my usual scheduled student loan repayment."
11875,"I reviewed my credit reports from the XXXX major credit bureaus ( XXXX XXXX, and Equifax ) and found multiple accounts that are inaccurately reported, outdated, or unverifiable. These accounts are negatively impacting my credit profile and do not reflect the accurate status of my credit history. Despite attempting to resolve these discrepancies directly with the credit bureaus, I have not received proper validation, verification, or correction of the disputed items. The following issues were found : Multiple charge-off accounts are listed without proper validation or supporting documentation. Several accounts appear to be duplicate listings across different bureaus with inconsistent statuses. Some accounts still reflect delinquent or late payments even though they were paid off, settled, or are currently in good standing. A few accounts were never authorized or do not match my known credit activity. XXXX or more accounts were marked as dispute resolved consumer disagrees without providing the requested documentation. I have submitted disputes under my rights as outlined in the Fair Credit Reporting Act ( FCRA ), but have yet to receive an appropriate resolution or deletion of unverifiable accounts. This situation is preventing me from qualifying for necessary financial services, including housing and auto financing."
11876,"I've requested several time with XXXX XXXX my servicer a mortgage modification based on my XXXX income. XXXX XXXX has been unwilling to reduce my house payment and has been very difficult to work with. I don't want to loose my home to foreclosure. 

XXXX XXXX refused to provide details on a repayment plan that was recently offered and they were also going to make a {$50000.00} Private mortgage insurance claim. My new mortgage payment was going to remain the same and I my mortgage payment was increased including my escrows being short."
11877,"Certified mail was received on XX/XX/year>. I reviewed my consumer report and noticed eight late payments on an account I was never late for. Consumer reporting agencies have assumed a vital role and have a responsibility to report consumer information to the best of their ability, with maximum accuracy. I have never been late on payments for the account.

Account Type : Home Equity Creditors Name : XXXX XXXX XXXXXXXX XXXX XXXXXXXX Account Number : XXXX Date of Late Payment : XX/XX/scrub>XXXX XXXX XXXX XXXX XXXX XXXX XXXX XXXX XXXX XXXX XXXX XXXX XXXX XXXX XXXX XXXXXX/XX/year> Please investigate and provide proof with statements showing those payments were late. If proof can not be provided, I demand these payments be updated to on time as they should be, as I was never late. 

Thank you."
11878,"Resurgent Capital Services collected a debt that has been disputed SEVERAL times with CFPB ; see account # XXXX. 

Resurgent Capital Services filed a claim in or around XX/XX/XXXX in amount {$8200.00} in United States Bankruptcy county under XXXX. A Proof of Claim Objection was file with honorable judge XXXX XXXX and hearing date was set for XX/XX/XXXX, however on XX/XX/XXXX Resurgent Capital Services submitted a WITHDRAWAL OF CLAIM."
11879,"In XXXX, I took out a {$7000.00} private student loan from Navient to attend a school that was later deemed fraudulent. Despite having paid over {$20000.00} towards this loan, the balance has now ballooned to {$25000.00} and is in default. 

I have already been approved for a discharge of my federal loans under the Borrower Defense to Repayment ( BDTR ) program due to the fraudulent nature of the school. I believe the same logic should apply to my private loans, as they were taken out for the same fraudulent educational program. 

Over the years, I have made continued efforts to honor my obligation and resolve this debt through various repayment plans. However, Navient has denied my requests to apply the BDTR discharge to my private loans, even though the very nature of the loan has been determined to be based on fraud.

At one point, Navient offered me a settlement of {$13000.00}, but then instructed me to secure a high-interest loan to pay off this amount. I believe this is an extension of their predatory practices, as it would only serve to put me in further financial distress. 

Given that my XXXX claim was approved for my federal loans from the same fraudulent school, I assert that it should also apply to my private loans with Navient. I am seeking relief and a discharge of this debt, which has caused me significant financial hardship despite my good faith efforts to resolve it over many years."
11880,"I filed a claim against a merchant who failed to deliver the services as outlined in the contract. 

I had my last contact with the vendor and the credit card issuer ( Citibank ) today XX/XX/year>. They denied the claim saying that the service was rendered. The product they provided is inferior and unusable. 

The charges total more than {$1200.00} and I have received no benefit from the charges and it is incumbent on the merchant to supply what is listed in the contract. They have failed to do that hence the dispute."
11881,"This is about Chase Bank refusing to credit a claim in the amount of {$540.00} ( or {$270.00} x XXXX. ) I purchased 2 XXXX for services at a merchant, XXXX Fix. It is clearly stated in the fine print that if you are not eligible for the services, you will be refunded. I called XXXX and they said I was not eligible because I had been seen at another location previously. I was told by a XXXX XXXX in a chat that my account had been credited. It was not. I filed a claim with XXXX. They initially credited my account, then took away, then credited, then deducted again. 
This is simple, not complicated. Beauty Fix can not return as they do not have and never saw the vouchers or any money. XXXX does not have as they say they credited my account. Yet, XXXX has debited my account! 
I can not put any more time into this. I'm exhausted from trying to explain Please assist. 
Thanks,"
11882,I attempted to reach out to BBVA in regards to my payments and late charges on my account. I received a return call and returned call but havent heard the status of my request. I spoke with a customer service representative with stated that I could no longer speak to anyone regarding the issues because a decision was made. I informed the representative that I had an email and left a message for Ms. XXXX XXXX on several occasions but received no return call.
11883,"Heres a strong, regulator-focused CFPB follow-up email. It stays factual, emphasizes the incomplete response, and clearly documents what MOHELA still has not provided. Dear Consumer Financial Protection Bureau, I am submitting a follow-up regarding my prior complaint against MOHELA concerning interest accrual and account accounting transparency on my federal student loans. MOHELA responded to my complaint ; however, their response did not fully address the core issue raised. Specifically, MOHELAs response only addressed the SAVE administrative forbearance period from XX/XX/XXXX through XX/XX/XXXX. My complaint also specifically concerned the federally mandated CARES Act payment pause and XXXX XXXX interest period from XX/XX/XXXX through XX/XX/XXXX. Despite my requests, MOHELA still has not provided a complete loan-level accounting or documentation showing how my current balances were calculated. To date, I still have not received : Interest accrual dates by individual loan Any capitalization event history and corresponding dates A complete payment application history ( principal vs interest ) A reconciliation of current balances Documentation confirming that no interest accrued during the CARES Act 0 % interest period A full transaction ledger covering XX/XX/XXXX through present Instead, MOHELA issued a generalized response stating that no interest accrued during the SAVE administrative forbearance period. This did not resolve my request concerning the CARES Act period or provide the detailed accounting records necessary to independently verify the accuracy of my account history. At this time, I am requesting CFPB assistance in obtaining a complete accounting and transaction history for all loans serviced by MOHELA so I may verify compliance with the CARES Act interest suspension requirements and ensure no improper interest accrual or capitalization occurred. Thank you for your time and assistance. Sincerely, XXXX XXXX XXXX"
11884,Capital One Bank : XXXX - I have always paid this account online and I was not late on XX/XX/17. This was submitted by me personally through their online payment system. Therefore this payment was not late. Please remove from my credit report immediately!!
11885,"On XXXX I received a fake fraud alert on my phone about my credit card misuse. I responded to a phone call immediately and the person said he was from my XXXX XXXX XXXX XXXX XXXX fraud alert center. His phone number and texts showed the XXXX which led me to believe it was from my real fraud alert calling me. I fell for his scam and gave him my credit card, debit card, and bank login ID. At the time I was not at my computer. Afterward, when I received my second fraud alert, which was real, I called my bank and was told the first fraud alert was faked. The scammer used my bank ID and changed my password and transferred {$500.00} from my account to an online bank, Zelle bank. I requested that my bank freeze my account, block my credit card and debit card and see if I can get my money back from this Zelle online bank. I also filled out a fraud banking form last Friday with my bank. 

The scammer name is : XXXX XXXX XXXX maybe he is in a group of scammers since his name is on the bank fraud form ) Scammer email : XXXX. 

I fell victim to a fake fraud alert, fake phone number and fake email of my bank. Please alert other seniors of this new scam and I hope you and others can help to catch the scammers, especially this type of scams that target seniors. 

Appreciate your help. 

Thanks. 

XXXX XXXX"
11886,"On XX/XX/2018 I went into agreement with XXXX XXXX XXXX who's Merchant name is "" XXXX XXXX XXXX XXXX '' to rent a vacation rental property in XXXX. The agreed amount was {$1500.00} ( {$210.00} per night ) I paid with Capital One Credit card.

I paid to Merchant {$1800.00} including {$300.00} refundable security deposit ( paid in cash ).

The Merchant was dishonest, the property was poorly maintained, dirty, was infested by cockroaches and there was an intense sewage smell coming from one of the bathrooms. We contacted Merchant and asked to correct the problems. They failed to correct the problems. We moved out after one night and we purchased a separate hotel for the rest of our vacation.

Merchant refused to issue ANY refund. They kept {$1800.00}, which is more than agreement. They never refunded me security deposit against their own policies.

I contacted Capital One Visa card. They initially issued a refund. They requested additional information. I sent them pictures, video, a letter describing in details what has happened. I sent the requested documentation by certified mail with returned receipt. Couple days later I called and I spoke with Capital One representative who confirmed that all the documentation was received, the documentation is complete and that I have proven my case.

Two weeks later I've received a letter from Capital One.

Capital One has closed my case, reapplied the charges to my account because "" lack of previously requested information ''.

How is it possible that two weeks earlier Capital One confirmed receiving all necessary documentation, confirmed validity and then two weeks later reapplied charges back, claiming they didn't?

Capital One Visa failed to protect me as a customer from dishonest Merchant. They claim they do and that there is {$0.00} responsibility on fraudulent activities. It didn't work in my case."
11887,"My complaint is with PayPal. A client sent over a payment of {$2500.00} to my PayPal account once that payment was sent over PayPal froze my asked for additional information once I submitted the additional information my account was still on a hole and they said that they can hold it up to XXXX days. On the portal system, it said I had another account is the reason they was freezing this account, but I dont have another account with them when I call to them and talk to a representative. They have no reason because I submitted the information that they requested so its no actual reason why the account is frozen or my funds is not available. I request that they refund the consumer so it wouldnt be a charge back so theyre holding the money for chargebacks and other fees, but if my account is shut down then there shouldnt be no other fees or anything else. They should just shut it down now theres no way they should hold my money to accumulate a fee that does not exist if the account is shut down and even if we signed a contract once they submitted to me that they no longer wanted to conduct business with me than that contract that was signed should be voided."
11888,"In checking my credit cards accounts ( which i do regularly ) i noticed a charge on my Barclay card account ending in XXXX for XXXX  on XX/XX/XXXX. I have not used my card in over six months. When i went to check where I keep my credit cards in my desk i could not locate the card. I should also add that i hired a professional moving company in XX/XX/XXXX when I moved residences and it is possible someone from the moving company could have taken the card from my desk.Since i couldn't find a number to call to report the card lost/stolen I checked the online transaction and it said I needed to fill out a written dispute and send it to their address in Delaware. I did so immediately. 

Today I received ( 2 ) different computer generated letters from Barclays. One letter said they can not assist me and to call the number on the back of my card to speak with an associate ( I don't have the card ). The second letter said they were beginning an investigation. I don't know which letter to believe."
11889,CREDIT COLL is falsely reporting on my credit. I have never had any accounts with them. Per my research CREDIT COLL is a debt collector. They are falsely reporting on my credit!! Account number is XXXX is falsely reporting to my credit file and is against my rights and fair credit act. Under U.S Code 1618d - Disclosure of investigation consumer report ; you are in violation
11890,"I wrote a check to XXXX XXXX XXXX XXXX XXXX XXXX XXXX XXXX  ) for my final electric bill at my old residence. XXXX cashed the check and I have proof of it being cashed via my online banking statement. Shortly after, XXXX sent my bill to REVCO solutions ( debt collector ) and now I have that bill in collections. Very frustrating because my credit has taken a hit I called Revco, they insisted I owed them the money and to call XXXX, but XXXX insists that they did NOT send the bill to collections, even though it states that on my credit report. Neither XXXX nor REVCO are willing to help me. 
Attached document is the photo of the cashed check from XXXX."
11891,XXXX XXXX XXXX XXXX XXXX XXXXLoan company\nPhone number XXXX XXXX XXXX  \nHe said I was approved from XXXX an the. Took my information \nThen told me I'd have to purchase a perfection plan from XXXX  an then my money would go through \nIt was a scam \nI want my XXXX back an my information deleted they took an they claimed to be apart of tXXXX XXXX XXXX XXXX
11892,b'I noticed two unauthorized transactions on my banking account. One was for XXXX  made XXXX XXXXXXXX on my debit card XXXX XXXX XXXXXXXX XXXX  and one for XXXX  made XXXX XXXX XXXX  on my credit card XXXX XXXX XXXX XXXX  I contacted my banking institution and theyre trying to make it seem like I made the purchase and I didnt. I contacted the merchant where the transactions were made and they provided me with a reference number. Reference number : XXXX. My banking institution closed the dispute despite the merchant saying the transactions are not on my account. At all! I have screenshots showing I didnt make the purchase.  My banking doesnt want to release a credit for my cards being used fraudulently.'
11893,I had fraudulent charges for an amount of {$37.00} in XXXX of 2023 on my Barclay 's credit card I have been trying to have them removed only to get a run around from the company with them now adding late fees for that amount
11894,"I scheduled a payment plan to pay {$150.00} on XX/XX/30. On XXXX, they took that payment and an additional {$1100.00} from my account. Taking my entire stimulus payment and leaving me in the negative. My rent check bounced and my other utility payments that I had set to clear the first week of XXXX will also bounce. XXXX XXXX XXXX  ... we cant do anything, call your bank. Ruthless predators that are taking advantage of people during a pandemic."
11895,"on XX/XX/2020, i sent a letter to PORTFOLIO RECOVERY Disputing a alleged balance of {$720.00} that i do not owe.i have not receive anything that i requested in the letter and has attached a copy of the letter below."
11896,"This letter is regarding VA Loan XXXX. I received a letter from Rocket Mortgage regarding my escrow review. The letter informed me my escrow account had a shortage of {$390.00} and if that amount was not paid by XX/XX/year>, my monthly mortgage payment would increase from {$1600.00} to {$1600.00}, effective XX/XX/year>. Since I have been making advance mortgage payments, I am not contractually obligated to make another payment until XX/XX/year>. However, when I made a payment on XX/XX/year>, Rocket Mortgage charged me {$1600.00} instead of {$1600.00}. Regardless of whether I am making advance payments, I should not have to pay the new amount since that amount does not become effective until XX/XX/year>, which means any payments made on or after that date. On XX/XX/year>, I spoke with your customer service representative, but I was not able to resolve this issue. Additionally, the representative insisted that the effective date of the new rate is XX/XX/year>, although the letter that was sent to me states the effective date to be XX/XX/year>. To resolve this issue, I want to be credited any monies I paid in excess of {$1600.00} before XX/XX/year>."
11897,"I am filing a complaint against Cash App ( Block , Inc. ) due to inadequate customer service and unfair practices, which violate the Consumer Financial Protection Act ( CFPA ). Specifically, Cash App failed to take timely and effective measures to prevent and address fraud on their platform, leaving my account vulnerable and unprotected.

Furthermore, their dispute resolution proce was unfair and deceptive, as they did not + comply with error resolution requirements under the Electronic Fund Transfer Act ( EFTA ) and Regulation E. These actions 50.

have caused significant inconvenience and financial loss, and I seek appropriate redress for these violations."
11898,"I recently discovered a collection account reported by Jefferson Capital Systems ( XXXX ) in the amount of approximately {$150.00} appearing on my credit report. I do not recognize this alleged debt and do not recall entering into any agreement related to this account. I have reviewed my credit information and noticed inconsistencies in reporting. This alleged debt appears through XXXX under the XXXX credit report ; however, when I access my XXXX account directly, this account does not appear on my XXXX platform. Because of this inconsistency, I am requesting full verification of this alleged debt, including the original creditor, complete account history, date of delinquency, and documentation proving legal authority to collect and report this account. If this debt can not be properly verified as accurate and legally reportable, I respectfully request that it be removed from my credit report."
11899,"I received a called and said they was from XXXX XXXX XXXX and they asked me to make payments arrangements, because my account was behind on payments. Also, said that i need to send the money trough XXXX in order to be process the same day. Also, said that if i denied to do it they will cut the service in less then an hour. I started to send the {$350.00} that they asked and they said that i did it wrong and have to resend it again. I suspect that it was a fraud so i contact the XXXX XXXX XXXX company and they said is fraud and that i have to contact my bank and the police. I did it and the bank lady told me that they take out of my account almos {$1200.00} dlls, and also said that the money went to a XXXX XXXX account. She told me to wait, because they know where the money was deposited. I was waiting the time they asking and around two weeks later received a letter telling me that it is nothing to investigate because i authorized the transaccion."
11900,"I am filing a complaint against Genesis Credit Management regarding a debt they claim I owe from XXXX XXXX XXXX XXXXXXXX XXXX. I moved out of that residence in XXXX  during the COVID-19 pandemic and have not lived there since. The account was opened and reported in XXXX years after I vacated the property. They are attempting to collect {$2800.00}, which includes unexplained fees and interest added over time. I have not received any itemized statement, proof of the original lease terms, or documentation of the charges. This debt appears to be re-aged and inflated. I believe this is a predatory collection attempt, and Im requesting that this be investigated and removed from my credit report."
11901,"I am disputing inaccurate and unlawful credit reporting by this company regarding an alleged collection account being furnished to consumer reporting agencies.

This company is a third-party debt buyer, yet it is falsely reporting itself as the original creditor. This is a material misrepresentation of the nature and legal status of the alleged debt.

The account is also being misclassified as open, despite being a collection account. This inaccurate status materially misrepresents my credit risk.

In addition, the tradeline is incomplete and unverifiable. The company has failed to report a valid account number or sufficient identifying information, preventing meaningful verification or dispute.

I previously disputed this account through the consumer reporting agencies and requested documentation sufficient to verify ownership, accuracy, and authority, including the original contract, full chain of title, complete account history, and proof of lawful authority to collect and report in XXXX XXXX XXXX. The company failed to provide this information and continued reporting the account.

This conduct violates the Fair Credit Reporting Act, including 15 U.S.C. 1681e ( b ), 1681s-2 ( a ) ( 1 ) ( A ), and 1681s-2 ( b ), as well as New York General Business Law 349 and NYC Administrative Code 20-490. The company is not licensed to collect debts in New York, rendering its collection and reporting activity unlawful.

This inaccurate reporting has caused actual harm, including denial of credit and the inability to open and operate my business."
11902,Pinnacle Credit Service is attempting to collect a debt from me of XXXX and XXXX and I never establish a contract with this company. And they are reporting negative items on both my XXXX and XXXX credit reports.
11903,"My home sustained severe damage from Hurricane Michael in XXXX of 2018. I filed a homeowners claim with XXXX XXXX XXXX immediately. Insurance came to inspect and wrote me three checks which seemed insufficient to cover the repairs. I tried to contact my insurance company over a period of months regarding their estimate and the man handling my claim would never return my calls. After getting tired of waiting, I hired a public adjuster to help me with my claim ( XXXX XXXX XXXX XXXX ). Long story short, the insurance company and the public adjuster reached an agreement and they sent a check made out to myself, the P.A., and Selene Finance ( my mortgagee ). I sent the check to Selene Finance after the P.A. and I endorsed it about a month ago. This check was for {$90000.00}. Now Selene has over {$110000.00} total that I've sent to them from insurance. ( The contractor 's estimate is {$95000.00} ) Selene Finance is refusing to release funds to cover the 10 % fee charged by the public adjuster."
11904,"An offer was submitted in late XX/XX/XXXX for {$280.00}, the Building and safety conducted an inspection and found multiple substandard issues with the property and issued a substandard lien. The cost to remove the substandard lien was Estimated by a Licensed XXXX and factored into a revised purchase offer addenda for {$250000.00}. after a complete submission the lender countered back with the same amount of {$280000.00}. after more research it was discovered that the last XXXX conducted was on XX/XX/2016 for an amount of {$260000.00} This seems to be going nowhere and they are not very good at returning either phone calls or emails."
11905,"I have a CapitalOne VentureX credit card. On the CapitalOne shopping portal, I saw an offer to sign up for the XXXX investment platform. The offer stated I would get XXXX CapitalOne miles after signing up for XXXX, and another XXXX miles for becoming an accredited investor on XXXX. 

I saw this offer on XX/XX/XXXX after signing in to my CapitalOne account. I immediately signed up for XXXX, and submitted paperwork required to become an accredited investor. I have confirmation emails from XXXX. 

The CapitalOne shopping portal shows my shopping trip, but does not show it as completed. XXXX XXXX or CapitalOne is not crediting the signup and accredited investor step. Ive contacted XXXX, they said this is a CapitalOne promotion and I need to contact them. Ive contacted CapitalOne, they said they arent seeing my visit in their system, although their shopping trips function shows it."
11906,"This company has derogatory information listed on my report I have asked for for proper validation they have not done so, I needed the signed agreement for the account they have failed to supply it to me, the account is not mines I never lived at those addresses Ive never obtained credit from this comany JARED GALLERIA, therefore I need them to immediately submit a request to remove the adverse information"
11907,"I received a credit card statement from XXXX Bank for an account I had NOT opened and was NOT mine. This was FRAUD and IDENTITY THEFT. I called the bank and they refused to send me a letter confirming that the account was closed and was not mine. 

The bank is XXXX BANK based in either Florida, Maryland or North Carolina ( all are addresses on the statement. ). I asked for confirmation that I will not be liable and was refused. 

The account number ends in XXXX and the amount of the charges is {$17000.00} I have put a credit lock on my accounts with Experian and have filed complaints with them and with XXXX"
11908,"This is what reflects on my XXXX XXXX  account along with my XXXX account as of XX/XX/XXXX. Sunrise credit services acct. XXXX. It reflects that this acct. is currently Open, and was opened on XX/XX/XXXX and reported on XX/XX/XXXX. It states that this account has a past due balance of {$5900.00}. And account type is XXXX  Collections. Ive tried to locate this company thru XXXX  and there is no matches."
11909,"I havent had my email for months due to my email being hacked. I didnt know my account was in negative. Even though they might have emailed me they never once called I never receive a call saying my account would soon be closed, since inactivity. I never purchased anything so the negative over draft fees was most likely from the fees they charge me for having the account. I would just like to reopen my account"
11910,"I was a victim of Identity Theft, my former roommate opened a XXXX XXXX  with XXXX XXXX Credit Card account in my name and pretended to be me racking up thousands of dollars in debt that caused my credit score to tank. In addition, I lost my employment between XXXX XXXX XXXX which put me further into debt along with losing my home, my car, being homeless for nearly two years with no unemployment, no family, no friends and various mental health issues that have prevented me from being employed. I AM ASKING THAT THEY COMPLY LIKE THEY SHOULD AND REMOVE BOTH ACCOUNTS FROM MY CREDIT REPORTS ALONG WITH THE REIMBURSEMENT OF LEGAL FEES. I AM SICK OF THIS SITUATION WHICH HAS PREVENTED ME FROM WORKING A REGULAR JOB AND HAVING A PERSONAL LIFE"
11911,"Im contacting to formally voice my concerns about Zelle 's dispute resolution process, especially in view of the recent CFPB complaint that brought to light serious problems with the platform. Despite my repeated use of Zelle and my reporting of inconsistencies, neither Zelle nor my banking institution sufficiently looked into my claims. They told me that it was impossible to track these transactions and to reclaim lost money. According to the CFPB 's findings, Zelle has not only failed to safeguard customers but has also let repeat criminals to take advantage of the system, making users susceptible to fraud. 
This lack of transparency and accountability is intolerable and poses major risks to consumer safety."
11912,"I SUBMITTED APPLICATION FOR LOAN MODIFICATION ON XX/XX/2018 SINCE THEN XXXX XXXX   EXTENSION # XXXX REQUEST FOR MORE AND MORE DOCUMENTS THAT ARE DUPLICATES. I HAVE SENT LETTER OF EXPLANATION THAT MY WIFE NO LONGER WORKS FOR XXXX 'S AND SHE CONTINUES TO REQUEST FOR PAY STUBS FOR XXXX 'S SHE REQUESTED PROOF OF HARDSHIP EXPLAINED I HAD TO STOP WORKING SENT HER MY FINAL PAY STUBS LETTERS EXPLAINING THE CUT IN MY INCOME AND SHE CONTINUOUSLY WILL REQUEST THE SAME THING. FOR EXAMPLE TODAY I CONTACT THE LENDER FOR UPDATE THEY STATED MY REVIEW WAS CLOSED BECAUSE MY XXXX XXXX FORM IS EXPIRED TECHNICALLY IT DOES NOT EXPIRED TILL XX/XX/2018 IF ITS GOOD FOR 90 DAYS BECAUSE THE ORIGINAL ONE I SENT HER WAS DATED XX/XX/2018 ALSO REP I SPOKE TO MENTION SHE IS STILL ASKING FOR XXXX XXXX   STATEMENTS WHEN I SENT HER A LETTER OF EXPLANATION SENT HER 3 MONTHS OF STATEMENTS. 
I ATTACHED THE COVER-SHEETS AND ALL DOCUMENTS THAT HAVE BEEN SENT TO DOVENMUEHLE FROM WHEN THE PROCESS STARTED TODAY."
11913,On XX/XX/XXXX I made a purchase using my Capital One credit card. The package was delivered on XX/XX/2022 and stolen from the mail room of my residence. I contacted Capital One to dispute the charge as I never received it and a temporary adjustment was made. Without my knowledge they rebilled my account for the item amount. I never received the item and now I am on the hook for a purchase I never received and was stolen.
11914,"Hello XXXX XXXX, We received the case ( s ) you filed on XX/XX/2021. 
We have reviewed this transaction ( s ) and are denying your case ( s ). This decision was made because we received shipment tracking from the merchant confirming that the merchandise was delivered. 
We're sorry for any problems you may have experienced with the transaction ( s ). 
Transaction information : Dispute Case ID : XXXX Transaction Amount : {$200.00} XXXX Dispute Amount : {$200.00} XXXX Transaction ID : XXXX Transaction Date : XX/XX/2021 Thanks, PayPal Pay pal transfer the money from my account to XXXX without my authorization. I did not filed for author payments. XXXX is a fraud company. They did not provide service for me in XXXX at all. I cancelled the account. XXXX provide a poor service for me in XXXX for which I paid {$250.00}. I agree on XX/XX/XXXX and authorized the charge. Due to poor service I cancelled my campaign with them on XX/XX/XXXX and filed 2 cases with Pay Pal. I just got the respond read above. Please, HELP. I am a XXXXl XXXX XXXX and every dime is important for me. I am very upset with pay pal decision. 
XXXX XXXX XXXX. 
The receiver of this payment is Verified http : XXXX XXXX Payment Sent XXXX XXXX"
11915,"On XX/XX/year>, this XXXX bank told me they were closing the account an gave me a confirmation number for the closure. XXXX XXXX XXXX # XXXX. There was a {$53.00} balance and I was told a check would be mailed to me. I never received a check after over 3 weeks. I called in again on XX/XX/year> and asked them why I haven't received a check for my {$53.00} and was told they hadn't closed my account. I said, I have a close confirmation so why is that? They made up some excuse. Now when I try to close it they are giving me the runaround. They are going to charge me another monthly fee in XXXX despite having told me the account was closed in XXXX!"
11916,"I am writing this letter to formally request an investigation and correction of the account that appear to be inaccurate and incomplete on my credit file, as per the provisions of the Fair Credit Reporting Act. Furthermore, I request that you verify the aforementioned account. If the information can not be substantiated as 100 % accurate, I respectfully request that you correct it from my credit report immediately. Please help me investigate this account : XXXX XXXX XXXX Balance Owed : {$0.00}."
11917,"XXXX XXXX XXXX XXXX XXXX XXXXXXXX XXXX XXXX XXXXXXXX Date : XX/XX/year> XXXX XXXX XXXX XXXX XXXX XXXXXXXX XXXX XXXX XXXXXXXX RE : Request for Debt Validation- Account XXXX To Whom It May Concern, This letter is in response to your recent communication regarding the alleged debt referenced above. I do not acknowledge ownership of this alleged debt and request full validation under the Fair Debt Collection Practices Act ( FDCPA ), 15 U.S.C. 1692g. 
Pursuant to federal and applicable state laws, please provide the following documentation to validate the debt and your legal right to collect : A copy of the Purchase Agreement between XXXX XXXX XXXX and the original creditor. 


A complete Transfer of Assignment or Bill of Sale identifying the specific account in question. 


Any Forward Flow Agreement ( XXXX ) or related documentation outlining the terms and conditions under which the debt was transferred. 


A copy of the original contract or agreement bearing my signature, evidencing the alleged obligation. 


A full accounting history, including all charges, payments, interest, and fees applied to the account. 


These documents are required to establish legal standing and ownership of the alleged account. Mere summaries, internal documents, or spreadsheets do not constitute proper validation under the law. 
If you are unable to produce the above documentation within XXXX  days from the date of this letter, I will consider the matter unresolved and may initiate a civil claim without further notice, seeking declaratory relief and any other remedies available under federal and state laws for continued attempts to collect a debt without proper validation. 
I request that all future communication regarding this matter be in writing. 
Sincerely, XXXX XXXX XXXX XXXX attorney"
11918,Fraudulent/unauthorized charges. Dates from XX/XX/XXXX through XX/XX/XXXX. Multiple fraud charges throughout time frame mentioned above. Bank denied Fraudulent charges stating I authorized them.I called them back letting them know I did not authorize these charges. They said they would have the executive office look into these Fraudulent charges. They responded by email on XX/XX/XXXX. So far no response. Case # XXXX. Also referred on letter correspondence as claim # XXXX. Wellsfargo Bank is where my account is.
11919,"The government paid the full year of rent to these people due to COVID-19 pandemic assistance and they then served me paperwork to have my family evicted right after because they were planning on having that apartment updated even before we moved in. But the corporate office gave us a deal for that apartment instead. I went to the court house and signed papers to move out and not owe any money for anything pertaining to this property. And if they had any problems they were to contact my insurance company that they have us all get. The head office in California sent me a letter of recommendation letting people know that I did lived there and owe no money, along with XXXX XXXX XXXX house, and the XXXX XXXX XXXX. This all took place in XX/XX/2021. All documents are in the XXXX XXXX"
11920,"I received an electronic transaction for the amount of {$200.00} yesterday XXXX/XXXX/XXXX, at XXXX pm. I called the costumer service number for chase bank at XXXX, making sure that the transaction was successful and was told 'yes '. I called to make sure because I knew that had I an automatic payment for a credit card. Now the bank says that the money was not available and they charge me an insufficient fee of {$34.00}. They do n't want to refund me that money after a bank representative said that the funds were available."
11921,"XXXX have notice from Mohela XXXX XXXX XXXX received with IRS tax verification. 

XXXX {$580.00} deducted from my bank without my authorization or knowledge or payment plan review summary XXXX XXXX contacted XXXX XXXX XXXX  submit Regulation E Dispute XXXX contacted Mohela to tell me how my bank was deducted without notice to me and no notice of plan that I am on for repayment XXXX Mohela is now processing XXXX XXXX XXXX XXXX  but my questions is how did the XXXX plan not get processed and then they just zap {$580.00} from my bank?? Mohela no explanation and they won't refund my money? I want my money returned to me in 15 days and I asked Mohela to do that they told me NO. 

XXXX I had Mohela remove auth deduct and place account in foberance and I again submitted Income Based plan with my tax information XXXX I have not received information about XXXX for the years XXXX XXXX and XXXX. I want those years counted. 

XXXX can't get Mohela to confirm I am on track for XXXX payment to have XXXX  year student loan completed."
11922,"Good afternoon, On XX/XX/XXXX, I received an email from XXXX XXXX to settle the account in full for XXXX. I called the contact number on the email on, XX/XX/XXXX, XX/XX/XXXX and XX/XX/XXXX. No one has never returned my call during that period of time. 

Currently, as of XXXX of XXXX, The National Recovery Agency is requesting that I pay XXXX and offering a 50 % discount to pay off the XXXX XXXX  account. They are attempting to collect the wrong amount. 

From : The XXXX Team XXXX Date : Mon, XX/XX/XXXX at XXXX Subject : Last Chance! Settle Your Account In Full For Just {$550.00} To : XXXX LAST CHANCE! Settle your account IN FULL for just {$550.00} XXXX XXXX XXXX 

Call me now at XXXX so we can settle your account! 

XXXX XXXX, XXXX Collections Account Manager XXXX XXXX XXXX XXXX XXXXXXXX XXXX XXXXXXXX XXXX XXXX, SD XXXXXXXX XXXX XXXX XXXX If you have already scheduled a payment arrangement with one of our Customer Support Representatives, please disregard this email. 

This is an attempt to collect a debt and any information obtained will be used for that purpose."
11923,"The daily transactions are being withdrawn and then they disappear with the balance being the same as if the charges are still on the account. On XX/XX/year> there were XXXX charges for XXXX, I also had a charge for XXXX now they arent on the the transaction history but the balance is showing the the charges were subtracted."
11924,"I am aware that you previously filed a Warrant in Debt related to this account in XXXX XXXX XXXX which was ultimately dismissed and did not result in a judgment. 

I have reviewed my court records and other records, based on the last known activity on this account, the debt is now beyond the statute of limitations applicable under Virginia/New Jersey law . The alleged debt has exceeded the time limit for legal enforcement, and is therefore time-barred. 

I do not acknowledge or accept responsibility for this debt. Regardless of its validity, you are legally barred from initiating another lawsuit to collect it. Furthermore, any attempt to misrepresent its enforceability or to sue on a time-barred debt would violate the Fair Debt Collection Practices Act ( FDCPA ). 

I am formally requesting that you cease all collection efforts, including phone calls, mailed notices, or other forms of communication. You are also prohibited from selling or transferring this account to another collector without disclosing its time-barred status. 

Should you believe this debt is not time-barred, please provide full documentation of the account, including the date of the last payment or charge, and any relevant contract terms proving otherwise. 

This complaint is being sent in good faith and should serve as formal notice under both federal and Virginia/New Jersey law . I reserve all rights under applicable law and will report any further violations to the New Jersey Attorney General, and the Federal Trade Commission."
11925,"I am writing to formally appeal the decision regarding Claim ID : XXXX. I strongly disagree with the findings of the initial investigation concerning the unauthorized transfer of {$260.00} from my account ending in XXXX. My account was compromised through an online hack. I do not know the recipient of these funds, and I did not authorize this transaction. It appears the unauthorized party gained access to my account, requested funds, and transferred them to themselves. As a victim of fraud, it is incredibly frustrating to experience a lack of resolution. I believe my location and device data may have been spoofed to make the transaction appear legitimate. Please reevaluate and reinvestigate this matter immediately. This was not an authorized transfer, and I take this situation very seriously. If this is not resolved, I will be forced to seek legal counsel and pursue a lawsuit to recover my funds. I look forward to a prompt reassessment of this claim and a swift resolution to this matter. Sincerely, XXXX XXXX"
11926,"I contacted my loan servicing Specialized Loan Servicing on XX/XX/XXXX, to request the identity of the investor of my loan. We were told the request had to be in writing, and were given a fax number to submit the request to. The fax was sent at XXXX PST on XX/XX/XXXX. We were told to allow 24-48hrs for the request to be updated in their system in order to get the information. I called them on XX/XX/XXXX to follow up, and was told the information we had been given previously was incorrect and, per their policy and at the lenders request the information would not be provided for 30 BUSINESS days. According to the CFPB website : "" If the request asks for the identity and address of the investor ( owner of the loan ), the servicer must provide this information to you within 10 business days of receipt of the request '' Additionally, each person we spoke with ( 3 so far in total ) are all rude, combative and obstructionary. It 's evident they have all been trained to not give any sort of help, information or guidance when it comes to information about the lenders, like it 's some big secret."
11927,"Subject : Request to Block and Delete Accounts Due to Identity Theft Pursuant to 15 USC 1681c-2 ( a ) To Whom It May Concern : I am writing to formally notify you that I have become a victim of identity theft as a result of a recent data breach OF XXXX. In accordance with my rights under 15 USC 1681c-2 ( a ), I am requesting that you block and permanently delete any fraudulent accounts, inquiries, or information associated with the identity theft from my credit report. 
I am also attaching proof that I was a victim of the XXXX data breach, and I kindly request that this information be considered as part of my claim. 
I have enclosed a copy my Police Report/FTC identity theft report ( FTC REPORT XXXX ) to support my identity theft claim. Under 15 U.S.C. 1681c-2 when a consumer submits an identity theft report, credit reporting agencies must block any information identified by the consumer as resulting from identity theft within FOUR business days. 
To following information on my credit report is the result of identity theft and should be blocked : XXXX XXXX XXXX XXXX XXXX XXXX XXXX XXXX XXXX XXXX XXXX XXXX XXXX XXXX XXXX XXXX XXXX  Please find enclosed the following documents to support my claim :. 
I request that you confirm receipt of this letter and provide me with a written statement once the accounts and information have been blocked and deleted, as required by law. Please ensure that I receive an updated copy of my credit report reflecting these changes. 

Thank you for your prompt attention to this matter. I trust that you will act quickly to resolve this issue in accordance with the Fair Credit Reporting Act ( FCRA ). 

Sincerely, XXXX XXXX"
11928,"Dear Experian I am writing to formally dispute the accuracy of certain information reported on my credit report under Section 605B of the Fair Credit Reporting Act. 
The specific information I am disputing is as follows : FRAUDULENT INQUIRIES XXXX XXXX XXXXXXXX XXXX XXXX XXXX XXXX XXXX"
11929,"This is the third formal complaint that Ive made against MOHELA in the last year. 

MOHELA takes my payment every month from my account and refuses to apply it to a loan showing that the account is past due. This is an ongoing issue and my third complaint with the company. I am over it!"
11930,I have requested from ERC that they provide account-level documentation to me to verify XXXX accounts that this collection agency is reporting to the XXXX credit reporting agencies. This collection agency has not replied nor have they contacted me.
11931,"At XXXX pm on XX/XX/year>, I received a call from the number XXXX. The man on the phone claimed to be from Experian, and he wanted to confirm that I applied for XXXX credit cards from Michigan ( a XXXX XXXX XXXX XXXX XXXX XXXX XXXX XXXXXXXX ). I said I did not apply for those, but I wanted to know if he was really from Experian and why he was asking. He proceeded to give me the "" case codes '' ( XXXX and XXXX ) for cancelling these cards, and then he asked for the last XXXX digits of my social to clarify. I kept insisting that I wanted to confirm he was actually from Experian, since his phone number did not match them either. Eventually he hung up. 

I tried to call Experian but their stupid phone system would not allow me to speak to a representative."
11932,"I sent a Cease and Desist letter to Portfolio Recovery Associates because they continuously call my cell phone when I am at work. I have attempted to block their numbers but they have many different numbers from multiple states and they just call from other numbers. This is for debts that are past statute. I disputed them with the Credit Reporting Bureaus and had them removed from my Credit Report. The Cease and Desist letter was dated XX/XX/2018. It was sent certified mail. The return receipt was signed and dated XX/XX/2018. I received letters from Portfolio Recovery Associates dated XX/XX/2018, stating they were closing my accounts. I have continued to receive phone calls from them, the most recent just a few minutes ago from a new number I haven't seen before and once again at work."
11933,"My debit card information was stolen sometime before Saturday XX/XX/2024. When I was notified of transactions that were being done that were not authorized. The debit card was frozen and no more transactions were able to be done. The bank said that they can not dispute pending transactions and I had to wait until they were cleared. All the unauthorized transaction were listed to the bank. I was informed that some were denied, however the money was still removed from my account.The supposedly denied transactions were then able to clear my account and a dispute could be started, which it has on all the unauthorized transaction. The money was instantly removed from my account and now I am being told it could be almost two months before it gets returned. Now I have to wait to have my stolen money returned even after telling the bank that these charges were fraudulent. Someone in XXXX  had a good time at XXXX while I was at a movie in XXXX. My family is without some needed fund and the bank will not move any faster. Trying to complain to the bank gets no action other then they will work on the dispute and that may take a while."
11934,"A payment was made from my friend 's XXXX bank account his name is XXXX XXXX and the payment was taken out on XX/XX/2019. The payment posted. 

Amerihome sent me a letter dated XX/XX/XXXX informing me that the payment was reversed due to insufficient funds. I called the mortgage company and they said since XXXX was not an authorized user on my account they sent the payment back and did not honor it. Because the payment needs to come directly out of my account and can not be paid from someone else 's. This process was not in my loan information. 

I asked them how soon would XXXX receive his payment and they said that they would send him a check. 2 weeks go by and I called my mortgage company inquiring about the returned payment and I asked for a supervisor and she said that the payment was rejected and automatically sent back to XXXX 's account ( not true ). She also said that their company does not issue checks for returned payments. 

I also asked about how this would reflect negatively on my credit report and they said that the mistake was on my end, not theirs. 

I called back within 20 minutes and asked to speak to a supervisor and she told me that the payment was never processed due to insufficient funds ( confusing ). I told them that the money was in his account and it was taken out by the mortgage company and I had received a confirmation. 

XXXX still has not received his payment back to his account."
11935,"On XX/XX/year>, two incorrect XXXX XXXX XXXX Fill transactions appeared in my Coinbase account : XXXX XXXX  and XXXX XXXX. I did not authorize or initiate these trades. They are now included in my transaction history and tax report, creating an inaccurate record of my activity that affects my tax reporting. 

I contacted Coinbase support and received response ticket # XXXX. Later, I received a message from Coinbase via CFPB acknowledging the issue and offering {$50.00} as compensation. However, the underlying issue was not resolvedthe transactions remain in my history and tax report. 

I emailed Coinbases regulatory response team directly ( at the address that responded via CFPB ), clearly stating that I do not accept the {$50.00} credit and that I am requesting the inaccurate transactions be investigated and corrected. As of today, I have not received any response to that email, and the issue remains unresolved. 

I am not asking for compensation. I am requesting Coinbase correct my transaction history and tax report."
11936,I am writing to request that the account in collection placed on my credit report be removed. Under the XXXX XXXX XXXX Practices XXXX XXXX FDCPA XXXX. This is not a request for validation ... XXXX XXXX XXXX -- XXXX
11937,"Please be advised that XXXX XXXX XXXX has reported a debt in the amount of {$2100.00} to my credit through rhe collection company Bay Area Credit Services. I NEVER was informed about the debt in question by XXXX XXXX XXXX and I DO NOT BELIEVE THAT I OWE it. I had a XXXX on XX/XX/2021 and was transported to the hospital via ambulatory services, however my health insurance through my employer paid all parties involved. I contacted XXXX XXXX XXXX and informed them that I never received any notiification of this debt and reiterated that I had medical insurance that would cover the costs so I don't know why this account was never brought to my knowledge and how it was sent to collections without even attempting to collect the moeny that was due. The representative, "" XXXX '' informed me that they had the wring address listed after I confirmed my address. I went on to provide her my insurance provider 's information ( which they already had..she confirmed ) as well as my XXXX XXXX XXXX. I also will like to mention that I never signed any documents with XXXX XXXX XXXX that gave them permission to report anything to a third party agency so I also believe that my HIPPA protection laws have been violated .I also have repeatedly called and sent written notifications to Bay Area Credit Services , but i haven't received a response. They reported this debt without notifying me that it existed and placed it in collections and this collection is still reporting on my credit and it has hurt my reports tremendously. I would like this debt removed permanentely and immediately or I will have no choice, but to seek legal action"
11938,"On XX/XX/XXXX or XXXX impending an account with citi bank with cash, a savings which I deposited {$6000.00} and a checking which was {$1200.00}. On XXXX the XXXX they froze my account because I tried to use my temporary card and it didn't work. So they said suspicious activity. I went into the XXXX branch of citi bank and they helped me get it unblocked. I go home and try to use the card in XXXX  it's blocked again. I go back the next day into the branch XXXX XXXXXXXX XXXX  and they say I need a reference number to unblock my account. It will be in the mail 7 to 10 business days. I haven't had access to my funds for 10 days and still no letter with a reference number. I received XXXX letters from them XXXX. A welcome letter and to with the same code and it said to call and give them this code I called gave them the code and they said it's another letter with a reference number that was mailed on the same day as the XXXX letters that I already received. I haven't had money for food or nothing else. I called them and they said wait for the letter which is nowhere in sight. I asked them can I come in the branch with proper identification and they said the branch can't do anything. The branch told me in person that I have to wait for the letter. I looked at the reviews and they do this to everyone which means they are mishandling money that's trusted to them."
11939,"On XX/XX/XXXX, {$190.00} was taken from my bank account by PayPal. They claimed that the charge was an authorized recurring charge to pay XXXX and the App Store. I contacted XXXX and the App Store, but there was no such recurring charge and they did not receive the funds. PayPal support just closed the case claiming that I had authorized the charge."
11940,"We receive at least 3 calls an hour, all day long, all hours of the day, even weekends. Have asked them to stop and they have not. The dates have been ongoing for weeks. Todays date, XX/XX/19 was the last straw for me."
11941,"I am writing to formally express my concerns regarding Zelles handling of disputes, particularly in light of the recent CFPB Lawsuit highlight significant issues with the platform. Despite using zelle numerous times and reporting discrepancies, financial institution and Zelle failed to investigate my claim adequately. They informed me that recovering lost funds was impossible and that tracking these transactions was infeasible. The CFPBs findings indicate that zelle has not only neglected to protect consumers but has also allowed repeat offenders to exploit the system, leaving users vulnerable to scam. This lack of accountability and transparency is unacceptable and raises serious concerns about consumer safety."
11942,"shellpoint mortgage second lien dept home equity line of credit has not updated their system manually to reflect that my first trial period starts XXXX instead of XXXX. The modifications was approved on XXXX and this is not fair. I have called them twice it is not still corrected,"
11943,PayPal close my account for no reason and will not help me with getting it back up and going I am not sure if this is some mistake as I assume it has to be I have not been able to get help from them for weeks but I just remembered I could file a report on here as I feel they are not doing their job properly and its affecting me a great deal as I used PayPal quite frequently my email linked to my PayPal is XXXX XXXX
11944,"I have a debt collection on my transition acct from Jefferson capital systems XXXX for a XXXX line I canceled nearly a XXXX ago. The collection amount has a balance of XXXX dollars. I just checked my balance and there is now a second identical debt collection from the same Jefferson capital llc, which has increased my total balance to XXXX dollars. This is absolutely unacceptable and I need to dispute these charges"
11945,"First I would like to say I am an heir to this property. as well as the executive of the estate. My late brother XXXX XXXX passed in XX/XX/2019. I have been making the mortgage payments through my bank account. Mr. Cooper, who brought my loan gave me a really hard time and would not discuss anything concerning the mortgage. I have on numerous occasions fax them information on who I am and my interest in the property. Finally, in XXXX they acknowledge that I was the successor and offered me a XXXX deferment. I explained to them I was to shelter in place due to my age and pre-existing health challenges and was unable to continue working at my part-time job driving for uber eats. 
What they did as I near the end of my deferment was unacceptable they told me a young lady by the name of XXXX that the 3 payments would be put on the back of the loan. She said on XX/XX/XXXX I would make my regular payments. Then about 1 week before my payment was due ( XXXX ) I called them and they informed me that the underwriting dept denied my claim. They never sent a letter to inform me.of this What they sent was a modification letter. I feel they should get their facts straight and quit treating me with so much disrespect. I struggled to send them the 3 months of forbearance plus the current payment for XXXX they are not honest people at all.."
11946,"XX/XX/XXXX Citibank lowered my credit from {$11000.00} to {$3000.00}. Stating, XXXX reported I was delinquent on an account. Citi now reporting my credit score is no XXXX. XX/XX/XXXX, I provided documents to XXXX clarifying the delinquency. XX/XX/XXXX XXXX raised my credit score right back to XXXX. From XX/XX/XXXX to date, I have contacted CITI bank and asked them to correct my credit score and give me back my higher limit. XX/XX/XXXX with Citibank a supervisor ( won't give me their name ) place my COMPLANT about my credit score. XX/XX/XXXX I faxed a company of the XXXX XXXX XXXX and report showing it was XXXX. XX/XX/XXXX XXXX a letter declined. Called Citi XX/XX/XXXX and again told them the credit score is wrong. Then again on XX/XX/XXXX, XX/XX/XXXX i placed complaints Citi is reporting the wrong credit score. Citi would tell me they would check with XXXX and other agents would tell me theres nothing they can do. XXXX I called XXXX and they validated the scores of XXXX, then XXXX have been sent to the credit card and validated that Citi has NOT pulled any credit on my in 8 months. So they lied!! 
Attached is XXXX imagens from right from XXXX. Notices the scores, and dates. Also the bottom right shows todays date. More importantly, the second XXXX score states, up XXXX point from the previous months score. Proving that back in XXXX my score was XXXX which Citi shows it wasnt. They are not reporting my credit correctly"
11947,"Im writing to request your immediate assistance regarding an issue with my former XXXX account ( Account # : XXXX ) that has negatively affected my credit standing. Some time ago, I experienced a serious illness that required hospitalization. During that time, I fell behind financially. Once I recovered and stabilized, I made every effort to take care of my obligations including reaching out to settle my XXXX account in full. 

The payment was made in good faith under what was explained to me as a pay-for-delete agreement. After I satisfied the account, it was removed from my credit report. I believed the matter was resolved and was grateful to be moving forward financially. 

However, the account has now been reinserted onto my credit reports without any notification. This has dropped my credit score by XXXX points and caused a significant setback after all the work Ive done to rebuild. This action not only goes against the original agreement but may also violate the Fair Credit Reporting Act under Section 611, which governs reinsertion procedures and consumer notification."
11948,"On XX/XX/XXXX I logged into my Flagstar account and noticed a refund of {$2000.00}. I immediately called Flagstar Bank because I know my taxes are coming up to be paid in which Flag star has not paid yet. I then called and spoke with two customer service reps who informed me the refund was a result of an Escrow analysis that was ran in XXXX. Today is XX/XX/XXXX and Flag star still has NOT paid my property taxes as of yet. I emailed my tax statement and bill to an email provided by the customer service rep. Both reps said its Flagstar fault because someone who works in the escrow department failed to check to see I had property taxes due that should be paid by now. In error they sent me a refund check and failed to pay my taxes. I am requesting that my property taxes are paid ASAP. I found out about this error by logging into my account. I was not notified nor did I receive an escrow analysis in the mail. My taxes need to be paid ASAP. Also, on today XX/XX/XXXX I have found out my mortgage has increased from XXXX to XXXX. It seems Flagstar may have did another mortgage analysis without my knowledge nor have they provided me documentation. The last statement and document on their portal says my next payment of XXXX is due XX/XX/XXXX. There is absolutely no other statement or documentation explaining the increase in mortgage nor have my taxes been paid yet."
11949,I received two checks for my tax return refunds. One was a check for XXXX and another for XXXX. The reason they both sent these two checks in XX/XX/XXXX was because these two tax years were amended in XX/XX/XXXX. I deposited the check for XXXX in my Fifth Third bank account via mobile banking on XX/XX/XXXX. I then went to deposit my XXXX refund check in person at the Fifth Third branch at XXXX XXXX XXXX XXXX XXXXXXXX XXXX XXXXXXXX. That same day they completely locked my savings and checking accounts and card. I went in person to resolve this and they told me to show them my original and amended tax returns so they can verify. Since then there has been zero updates or change in the situation. I have no funds at all right now because that was also a bank account that I have my paychecks direct deposited to so I am completely stuck and they dont care.
11950,"Bank of America is foreclosing on my home. I submitted a loan modification/loss mitigation package to Bank of America, which Bank of America stated that it's employee lost the Mortgage modification/loss mitigation application. Bank of America never sent me a reply about the Mortgage modification/loss mitigation decision at all. Per The CFPB 's Statute 1024.41, Bank of America never notified me of the decision that they were going to foreclose on my home.I did not have an opportunity to appeal Bank of America 's decision because I did not know the status of the of the loss mitigation. I tried selling my home to avoid a foreclosure but Bank Of America did not respond. Furthermore, Bank of America did not credit my Mortgage as they mixed up my Mortgage loan number with others. Please help."
11951,I am in military and had to move due to service. On XX/XX/XXXX I made a principal payment of XXXX dollars because we had an offer on home. During that time I have had several problems on XX/XX/XXXX I called because it was not done. They told me that I they made a mistake and would correct so I could close. Since then called everyday nothing was done. I also made another XXXX principal payment that was not paid to principal. Long story short I was suppose to close and lost the chance to close on my house because of carrington mortgage
11952,"From XXXX XXXX to XXXX XXXX, I used mobile deposite with USAA to deposit checks I did not know were fraudulant and part of a scam to pay scammers through third-party apps. I thought I was serving as a middle man for other small businesses like mine to help pay vendors for a wedding I had been booked to work next week ( already aware how XXXX all this sounds/is ). 

On XXXX XXXX, after the last check was deposited, being scammed became a hard reality when USAA put everything on hold and I realized any funds I did have, and then some, were completely gone and I was now in the negative. 

Now, after walking USAA through what happened, and the fact that none of those checks flagged as fraudulant on USAA 's end after I deposited them, they say I am now liable for paying them back {$10000.00} or more -- money I didn't have to begin with. I don't understand how checks I didn't know were fraudualnt now make me liable to pay back money I didn't know was bad to begin with, now that everything is gone. We've banked with USAA for years, but now because I'm a victim of a scam, USAA says I have 41 days to pay back all this money I didn't have to begin with or they close our accounts. 

There should be some sort of better mechanism in place by USAA to either have alerted me to the fraudulant checks or canceled the checks the minute they realized it was bad. Not a single alert was given on their end until the money was gone. I know I'm XXXX  on my part for falling victim to it, but this is not money I should have to pay back. Those responsible should have to pay it back, or the bank should have alerted me to the fraud and canceled the checks the moment they failed. These scammers hit right an extremely vulnerable time in my life, and I got played like a fiddle because of it. 

I have an open police investigation pending in this scam, but that also has no henderance on this situation."
11953,"RE : DELETIONS TO CREDIT REPORT To Whom It May Concern : I received a copy of my credit report and am disputing some items that need to be deleted. I have highlighted and numbered these disputed items on the attached copy. The reasons why these items should be deleted are indicated below : Item # XXXX. EquifaxXXXX XXXX XXXX Account XXXX XXXX Reason for Deletion : Omitting information, such as Original creditor, company sold, balance, monthly payment, past due amount, highest balance, terms, and your statement. Status should be Paid in Full and account deleted from credit profile."
11954,"XXXX XXXX My name is XXXX XXXX owner of XXXX  and XXXX XXXX XXXX XXXX, XXXX Florida Im reporting Exquifax commercial Solutions XXXX XXXX XXXX, XXXX GA XXXX for inaccurate information Referring to Commercial credit card number XXXX, account inaccurate On Equifax complaint response dared XX/XX/2024, the disputed item, account number XXXX Not on my credit file, Equifax is inaccurate Exquifax claimed NON REPORTING DISPUTES Trade : XXXX XXXX XXXX XXXX XXXX THE DISPUTED ITEM IS NOT CURRENTLY REPORTING ON THE EQUIFAX CREDIT FILE. We hope this resolves your concerns, see attached Equifax response Equifax inaccurate information, on account number XXXX. 
As per Equifax Commercial account number XXXX, on my credit file as per email dated XX/XX/2024 See attached This is inaccuracy on my credit file affecting my company I hereby request Equifax to delete account number XXXX, immediately without delay and to send me detailed letter of account number XXXX, deleted from my Commercial credit file Please do not delay this is affecting my company Thank you XXXX XXXX"
11955,On Sunday XXXX XXXX 2016 about XXXX XXXX I called Capital One in reference to another debt card for my son since his expires the end of the month. I understand it 's not my account but my son has a XXXX in which he can not read and it is difficult to read numbers. So as soon as the customer service representative answered the call my son told him his name and gave me permission to speak on his account. I tried to explain my sons XXXX but the representative was not helping. He was belittling me and my son. My son was not able to read his social security number without my help. The agent would not transfer me to a supervisor he said no supervisor was working and I would have to call back on Monday. The representatives was actually yelling at me and my son. He said his name was XXXX. My son was reminding in the worst way of being special needs! I called back 10 minutes later and ask for a manager or supervisor the young lady was very helpful because the supervisor was on another line. I finally just spoke with that young lady ( customer service representative ) and was put on hold for the supervisor after we finish checking on another card. When the supervisor pick up the phone of course the call disconnected.
11956,"Hello, I have had my mortgage since XXXX. In that time it has been transferred a few times to other mortgage servicers with no issue. I was notified on XX/XX/XXXX. XXXX that my mortgage company XXXX XXXXXXXX XXXX  would be transferring my mortgage to XXXX and would be subserviced by XXXX XXXX XXXX XXXX beginning XX/XX/XXXX. The transfer happened and I began being serviced by XXXX XXXX XXXX XXXX. During the time of transfer I was on a Covid forbearance and I am still on a forbearance plan until XXXX of XXXX with my new servicer. I received a message XXXX days ago from XXXX XXXX advising that my credit score was decreasing and there was a new inquiry. I have noticed since the transfer that my credit score has continually decreased and I could not figure out why. I checked XXXX XXXX and it shows that I have two mortgages. One with XXXX XXXXXXXX XXXX and XXXX with XXXX XXXX XXXX XXXX with balances of almost XXXX XXXX dollars. This is completely incorrect. I have one mortgage and because there are two showing up it has destroyed my credit score. My Fico score was at close to XXXX and is now showing on XXXX as XXXX and XXXX is showing XXXX which is very disconcerting to me. I work very hard to pay all of bills on time and this is ruining what I have worked so hard for. I want this corrected and for my credit to show that I have one mortgage."
11957,"I am filing this complaint because capital one did not send out any sort of notice that an outage happened and we would not receive our direct deposits. We were set to get them on XX/XX/XXXX. It is now almost the end of day on XX/XX/XXXX and still no access to our direct deposits. Capital one has cited technical issues which may violate the electronic funds transfer act as it requires timely access to funds. This situation raises concerns about consumer protection laws, and I request your assistance in investigating this matter to ensure that my rights are upheld. 
Sincerely, a frustrated customer."
11958,"I was over 90 days behind on my mortgage payments to Wells Fargo when the issue occurred. I received a letter from them stating that they had information that my property may be vacant which may effect my insurance. On the morning of XXXX XXXX, 2016 I called them and explained the home is a rental and was rented as of last month and is not vacant. I asked if they needed a copy of the lease as proof and they said no, they would update their file. That evening I received an irate call from my tenant stating someone came to the house with an order saying the house has been foreclosed, they needed to vacate, and they were there to change the locks and winterize the home. The people had my name and papers the tenant described as an order. I called Wells Fargo and asked why they are sending someone to my house when I just confirmed with them the home is occupied. They said it was a home preservation service. I explained my tenant is now under the belief my home has been foreclosed on now and they must vacate. If they leave I will not be able to make payments and I will lose the house. I complained to Wells Fargo and spoke to someone in the office of the president. They said I would be contacted in 48 hours about my complaint. As of today no one has contacted me. 

I feel Wells Fargo sending someone to my house to tell my tenants the home had been foreclosed on and they had to leave is an unfair and unethical business practice."
11959,"On XX/XX/2018, I received a Hard inquiry from Syncb/gap for a credit card which i was denied for. However i was unaware of my credit at the time. They tried to up-sell me to save money by quickly obtaining some information from me which at the time didn't know they are checking my credit. In turn gave me a hard inquiry, that would like removed from credit report immediately."
11960,"On XXXX XXXX I attempted to log into MyLoancare via XXXX XXXX XXXX to pay my mortgage. The website was not working. I called in to the customer service number on the same day to inquire as to when I would be able to pay my mortgage. The representative had no information as to what was the cause of the outage or the timeframe as to when it would be operational again. She simply told me to call back next week. I did as she requested and called on XX/XX/, however they were no longer accepting customer service calls at all. I re-attempted to log in to my account and was again unsuccessful. There has been zero communication from either XXXX XXXX XXXX or MyLoancare."
11961,"CFPB SUPPLEMENTAL STATEMENT Scope Clarification American Express National Bank This supplemental filing is submitted to clarify the scope of my pending CFPB complaint against American Express National Bank.

For avoidance of doubt, the complaint concerns American Express National Banks handling of billing disputes and investigations across all applicable American Express consumer credit card accounts held by me, including but not limited to my American Express Gold Card and my other American Express consumer card accounts.

The procedural failures described in my complaint including same-day dispute closures, refusal to conduct reasonable investigations, improper reliance on cardmember agreements or merchant policies, and enforcement of disputed charges after notice of illegality are systemic in nature and not limited to a single account number.

American Expresss conduct reflects a pattern of dispute handling practices applied uniformly across my accounts, and this clarification is provided solely to ensure the record accurately reflects the intended scope of review.

All prior filings, exhibits, and requested relief remain unchanged and are incorporated by reference.

Supplemental Evidence Note : Attached is an indexed exhibit packet demonstrating that American Express National Bank closed disputes on the same day they were opened and expressly stated it was unable to investigate based on internal cardmember agreement or merchant policies, despite prior written notice and uploaded evidence asserting illegality of the underlying transactions. The exhibits reflect a refusal to conduct a reasonable investigation rather than a substantive dispute determination."
11962,"Complaint filed by XXXX XXXX XXXX, XXXX, as authorized representative of XXXX XXXX under attached assignment/authorizationagreement. 

This is a formal complaint against PERSONIFY a data furnisher to the national credit reporting agencies, for their violation of the Fair Credit Reporting Act ( FCRA ), specifically 1681s-2 ( b ). I previously submitted a dispute challenging the accuracy and completeness of the tradeline they reported. Despite being notified through the credit reporting agency, the furnisher failed to : Conduct a proper reinvestigation, Review documentation I provided, Correct or delete inaccurate or unverifiable information, And provide a clear method of verification or result of reinvestigation. Instead, they verified the data as accurate without providing any proof or validation, a clear violation of their duties under the FCRA. Key Violations : XXXX15 U.S.C. 1681s-2 ( b ) ( 1 ) ( A ) ( D ) : Failure to conduct a reasonable investigation and correct information when notified of a dispute. XXXX15 U.S.C.

1681i ( a ) ( 6 ) ( B ) ( iii ) : Failure to provide me with the name and contact information of the party who verified the information. XXXX15 U.S.C. 1681e ( b ) : Reporting inaccurate information without maintaining procedures for accuracy. 

PERSONIFY XXXX"
11963,Contacted XXXX on XX/XX/2018 about another account. But I checked my credit report later that evening and there was a new inquiry on my report hard inquiry from XXXX XXXX. Never heard of this company.can you help please.
11964,"a fraudulent check was deposited into my account without my consent, now they put me in XXXX XXXX so i sent them a complaint and they took me off, but then early warning services put me in their system for the same thing that i just got removed so if feel like their playing games with me. Attached i have made my FTC report"
11965,Beginning of XXXX i opened an account with capital one. On XX/XX/XXXX i reported to capital one that a duplicate transaction of {$200.00} took place and that i needed to be reimbursed the duplicate amount of {$200.00} back into my account. On XX/XX/XXXX I get a notice in reference to this issue. I called and was told that my account is restricted. On XX/XX/XXXX capital one refunded back the {$200.00} into my account but penalized me. On XX/XX/XXXX and XXXX I spoke to numerous agents. Neither could give me an accurate answer. Finally I was told on XX/XX/XXXX that capital one was going to close my account. I did nothing wrong in this account. I felt that I have been mistreated and accused unjustly. Can you please help me.
11966,"My husband and I received a letter addressed to my father at our address. The letter, from Wilber & Associates, P.C., stated that "" We are now handling this claim on behalf of XXXX XXXX XXXX XXXX Our client is seeking reimbursement from you as a result of the incident which occurred on the claim date listed below. Your cooperation is required to reach a complete resolution. The letter goes on with other paragraphs. At the bottom of the letter is the following information : Wilber File Number : XXXX Online Access Key : XXXX Claim Date : XXXX Client Claim Number : XXXX Claim Location : XXXX  XXXX, XXXX The problem is that my father, an XXXX year old man with XXXX  and XXXX XXXX XXXX XXXX XXXX, XXXX XXXXXXXX XXXX in XXXX XXXX, sold his home in XXXX XXXX, XXXX  in summer of XXXX. He moved from XXXX  XXXX in summer of XXXX. 

I also contacted XXXX XXXX and they have no record of any claim related to the address in question. 

When we called the Wilber toll free number, they were very aggressive and would not let us explain that it was not possible for the claim, related to a home, to relate to my father. the sale of thee home is public record. 

Please assist in advising Wilber and Associates to stop their harassment of my father and of us and to stop threatening to affect any of our credit scores, etc."
11967,"Capital One approved a business credit card without my application. I received an email congratulating me for the approval. When I called to report fraud, I was told I had another credit card application that was flagged for fraud and closed. I was never notified about the first fraudulent card. Capitol One should not be allowed to process credit card applications without verifying information with the applicant. In addition, they should be required to notify individuals when applications have been submitted fraudulently so the individuals can take appropriate protective measures. My credit is now frozen however Capitol One should be required to change their processes."
11968,"* * XXXX XXXX * * XXXX XXXX XXXX XXXX XXXX, FL, XXXX * * XX/XX/2025 XXXX XXXX XXXX XXXX Experian * * P.O Box XXXX XXXX, TX XXXX * * Subject : Dispute of Inaccurate and Incomplete Information on Credit Report * * * * Account Number : XXXX XXXX XXXX XXXX XXXX Creditor : XXXX XXXX XXXX XXXX XXXX * * Dear Experian, I am writing to formally dispute the accuracy and completeness of the information reported on my credit file related to the above-referenced account. The entry from XXXX XXXX XXXX XXXX XXXX contains the following discrepancies : 1. * * Incomplete Account Details * * : The report omits critical information, including the highest balance and recent payment history. 
2. * * Reporting Inconsistencies * * : The payment history includes codes such as "" C '' ( Collection ) and "" ND '' ( No Data ), which raise concerns about the reliability and consistency of the reporting. 
3. * * Disputed Status * * : I do not recognize or acknowledge this debt. I request a full investigation, including verification from the original creditor, XXXX XXXX XXXX. 

Under the Fair Credit Reporting Act ( FCRA ), I have the right to dispute information that I believe is inaccurate or incomplete. I am requesting that this account be investigated and either corrected or removed if it can not be fully verified with accurate and complete documentation. 

Please initiate a reasonable investigation and provide me with written confirmation of your findings within the required XXXX timeframe. If the account is verified, kindly supply all documentation used in the verification process, such as a signed contract or itemized billing statements from the original creditor. 

Enclosed are copies of relevant supporting documents. I respectfully request that you update my credit report based on the results of your investigation. 

Sincerely, XXXX XXXX"
11969,"I recently received a copy of my XXXX credit report, and I noticed some late payments posted on my credit report. I have never been late on these accounts : Capital One and CreditOne Bank. Capital One has 11 late payments documented that are inaccurate and CreditOne Bank has 7 that are documented and are inaccurate and both accounts have documented these late payments between the times of XX/XX/XXXX and XX/XX/XXXX, XXXX - XX/XX/XXXX, and XX/XX/XXXX, XX/XX/XXXX, XXXX - XX/XX/XXXX and XX/XX/XXXX."
11970,"In XX/XX/XXXX, we signed and agreed to a loan modification with our then current mortgage company, XXXX XXXX, to reduce our monthly mortgage payment from {$2400.00} to {$2100.00}. In XX/XX/XXXX, XXXX XXXX transferred our mortgage loan to LoanCare , LLC ( XXXX XXXX XXXX ) without our approval or consent. We received a letter from XXXX stating that the transfer will not affect any of the terms of our loan, however, our monthly mortgage payment has since increased to {$2200.00} and continues to increase every few billing cycles. Also, LoanCare , LLC imposes late fees after the XX/XX/XXXX of every month and charges payment fees to pay by phone or pay online. We currently have approximately {$570.00} in fees owed to LoanCare , LLC. 

We have tried to reach out to LoanCare , LLC and they said will not retract the fees and they will not return our calls about the monthly increases. Also, we called XXXX XXXX and since they no longer service our loan, they would not help. We are deeply troubled by the effects of what has happened in the last 12 months and are seeking to get this resolved and/or receive restitution. 

We believe XXXX XXXX AND LoanCare , LLC should take responsibility for manipulatively changing the terms of our mortgage loan. During the modification with XXXX, when we agreed to lower the payment, we were 6 years into our 30 year loan, but the modification of the loan started a new 30 year life of the loan.So we had lost 6 years of our loan term to modify to a lower payment, only to have the loan be transferred to LoanCare , LLC in which they increased the monthly payment and imposed more fees. I think this is unethical and irresponsible of any mortgage bank entity."
11971,"An Admin to a XXXX group posted items for sale. There were other members who responded validating that the seller was a legit and trustworthy seller. Reached out to seller and agreed on a price for a XXXX XXXX set ( {$400.00} ) to be paid via Paypal to XXXX. Sent payment ( transaction ID XXXX ). Seller mentions that he has a second set for sale which I also sent payment for ( transaction XXXX XXXX and XXXX ). Total payments sent was {$700.00}. Since sending payment, the posts on the XXXX group have been removed. I believe I was scammed."
11972,"I purchased a car from XXXX in XXXXXXXX XXXX XXXX A week after purchasing the car I contacted the dealership due to the engine seizing at this time I was told to bring the can to the dealer. After making a request for the dealer to tow the car the dealer said I would need to contact the lien holder. The company that the loan was through is Credit Acceptance, I contacted this company many times to collect the car and they allowed me to complete a voluntary repossession. Which the car was removed from my property and in possession of credit acceptance. During this time I was in the middle of XXXX  XXXX bankruptcy and was advised per the attorney I can amend my claim and include the car. I then did so and this was included apart of the bankruptcy.This has been listed many times as included and closed through XXXX XXXX  bankruptcy. However, this account continues to populate on my XXXX but shows closed on XXXX and XXXX I have reported this account multiple times and it continues to open and show as active. Now this account went from being XXXX to XXXX. I have spoke with many representatives with Acceptance and they could confirm the car was received and the car was included in the bankruptcy."
11973,"My issue is this. We want to sell our home in Idaho and buy in Colorado. To be effective, we want to do our due diligence to find the best rates and offers. I've picked out 4 or 5 companies and too many of them want a hard credit pull. ( XXXX ) The problem with that is that it dings our credit rating for no reason. It's not like a denial or a loan is issued - we're just looking. The ding occurs just for asking and it dings the rateing 5 % for 2 YEARS. That's not right or fair to a consumer. They all shrug and say that's just the way it is, but I'm wondering why there are articles that say a smart person should shop around if the end result is a ding that lasts for up to 2 years. If no denial, and no loan is issued, why should it affect my score and why on earth should it last for 2 years? I'm not a rich person but have carefully managed my XXXX XXXX above XXXX and don't want to lose that. Nor do I do this type of thing every day, so mortgages are complex and stressful for me. 
With all the truth in lending, these are questions none of them have been able to answer. So I'm asking you, and asking a second question if there are questions I should be asking these lenders but don't know to ask? At this point I'm not sure about trusting anyone."
11974,Demanding debt validation. Please see original complaint CFPB Ref No:XXXX & CFPB Ref No:XXXX. Company not adhering to 15 USC 1692g fails to provide adequate proof that use of credit card was not unauthorized. They are also conspiring to furnishing deceptive forms relating to correspondences disputing 15 USC 1643 and the liability of the card holder.
11975,"I submitted a bill pay payment to a contractor in the amount of {$71000.00} on XX/XX/XXXXXXXX This contractor does not have electronic payments enabled for bill pay, so Capital One was supposed to send him a paper check, and they were supposed to receive it by XXXX 

They never received the check and I don't know if it was sent. Capital One debited the money from my account. I waited to see if it was lost in the mail until XXXXXXXX  I called them and asked them for a stop payment on the check, and to refund money into my account. 

Originally, I was provided with the date that I would receive a provisional credit to my account by XX/XX/XXXXXXXX I did not receive that credit, so I called back that day. On that day, I was told that I would receive a credit by today, XX/XX/XXXX. I didn't receive a credit today. 

I called back, and was finally told that I would receive a credit by the end of this week. I don't trust this to be resolved in a timely manner, and I really need the money back due to bills that I have upcoming."
11976,"On the night of XX/XX/XXXX in the streets of XXXX, my friend and I we're walking on the way to a Volunteer after party at XXXX after volunteering in the XXXX convention for approximately 4 days. While on the way, 2 random gentlemen that I have no clue snatched my phone while walking to the venue, started threatening my friend and I by pointing at their pants, indicating they must've carried a weapon, and kept threatening us, while using my phone at the same time. In that timeframe, the person used XXXX to transfer themselves XXXX XXXX to their account as well as accessing my Chime account to transfer themselves another XXXX XXXX Never having dealt with such a situation, I immediately called the Chime dispute team to try and dispute the charge as the trying to remedy the situation. The person on the phone assured me that their investigated team would solve the situation in the timeframe of 10 days, and that in the meantime, I would be granted a temporary credit of XXXX dollars given that I've never had an issue with this banking system prior. No later than 24 hours, my dispute is closed and denied. I called back the dispute team immediately, only for them to reassure me that the investigation could not have concluded in that immediate matter of 24 hours, and that there errors, and the case would reopen. Since, my case has yet to reopen, and my avenues to try and contact the dispute team has only been met with automated messages, and I've yet to receive the "" investigation '' documents that I was promised regarding my case. If chime just checked the other person 's account as shown in my supporting documents, as see their suspicious activities, it would be obvious that they obviously stole the indicated money as stated. Please help me resolve this issue."
11977,"I have been a Chase customer since at least XXXX. When my son, who has a court order to receive payments from his XXXX XXXX XXXX XXXX XXXX, needed a bank, I immediately thought of Chase. Unfortunately, this decision has become one of my biggest financial regrets. 

In XX/XX/XXXX, my son and I opened a joint account and deposited a check for {$15000.00}. Now, on XX/XX/XXXX, Chase is still holding onto that check, despite them stating that it has already cleared.

The issue lies in their claim that they can not verify the funds from the check writer. The check writer has demonstrated in court the numerous times she has contacted Chase. Additionally, both my son and I have repeatedly called and visited Chase, only to receive the same responses each time.

1. We can not return the check.

2 We can not pay the check unless it is verified.

3. The check is suspended by Chase, and until it is verified, Chase can and will retain ownership of it indefinitely.

As a XXXX XXXX woman, I had to borrow money from another institution to satisfy financial obligations and pay interest on the loan because Chase has effectively held this check hostage.

Today, my son appeared in court again but can not proceed with his financial obligations or court settlement due to this situation. Chase has provided no solutions, simply stating they will continue to hold the check. We have presented court documents showing the order for the check to be paid by the writer, but it seems to carry no weight. Essentially, we are facing the possibility of never seeing that {$15000.00} again. 

Is there anyone who can assist us? We simply can not afford to lose that amount of money."
11978,"In XX/XX/year>, Robinhood Securities placed a restriction on my investing account that prevented me from withdrawing my money. Over the next 45 days I reached out to them multiple times for information as to why my account was restricted. They told me the restriction was placed on my account by the State I currently reside in. So I contacted the State of California and they said they had nothing to do with it. I contacted Robinhood back and told them this information, and they directed me to contact the IRS. I contacted the IRS and they also said they had nothing to do with it. Around XX/XX/XXXX, Robinhood contacted me bus email saying they had closed my account and would no longer support me as a customer. THEY CLOSED MY ACCOUNT BUT ARE STILL HOLDING MY MONEY. I continued to try and get answers from Robinhood and filed complaints with the CFPB, SEC and FINRA. Around XX/XX/XXXX, Robinhood contacted me and said the restrictions were placed on my account by the Sheriffs Department XXXX XXXX XXXX, South Carolina. I have never even been to South Carolina, let alone lived there. That same day I contacted Detective XXXX XXXX of the XXXX XXXX Sheriffs Department. XXXX XXXX informed me that the restrictions were placed on my account because I received stolen bitcoin into my account. I DID NOT STEAL BITCOIN. I was the unlucky recipient of previously stolen bitcoin. I gave XXXX XXXX additional information about several bitcoin transactions. On Monday XX/XX/XXXX, XXXX XXXX emailed me and said he contacte d Robinhood and requested they remove the restriction on my account. I contacted Robinhood via email, because they give me no other option, and they keep sending me a response saying they closed my account and their decision is final. I dont want my account reopened I just want them to return my money to my linked bank account on file. Robinhood is now holding my funds illegally and needs to return them to me immediately."
11979,"About a year and a half ago my zelle account with my XX/XX/XXXXXXXX XXXX was suspended out of nowhere. I contacted my bank several times to try to get information as to why it was suspended and I was always told that zelle was responsible for the closure. When I contact zelle customer service they tell me that my bank was the one that closed the account and I can not reopen it, but neither of them give me a clear answer as to why and it's very frustrating. Before this happened I used to use zelle regularly to pay for my rent, send money to family that needed it, pay back friends for anything I borrowed and for split bills and now I can't do that. I was never given a clear explanation as to why this happened and they won't even let me speak to someone about getting it unsuspended and I need it because I can't keep going to atms to take out money and travel across town to pay my rent and other things."
11980,"on XX/XX/2024 I received my income tax refund check for {$180000.00} i deposited the check into my checking account with South State Bank branch location @ XXXX XXXX XXXX XXXX XXXX, FL XXXX. I was informed by the teller that my funds would be released on XX/XX/2024 and was printed out documentation stating that fact. on XX/XX/2024 I went into the branch to iniate a wire transfer for an investment that I have been waiting to make.I was informed by the banker that I had to come back the next day to get the wire approved by management. I proceeded to uitilize the funds that were available on XXXXafter two purchases I discovered that my card was closed and account frozen. I called customer service and was informed that the branch iniated the fraud hold. I went and spoke with the XXXX XXXX XXXX XXXX at the location and was informed that a fraud investigation was iniated by the bank and it would 30 days before my funds were released. This is a US Treasury check that I have been waiting MONTHS for. I deposited a valid check and my account is currently frozen and no exact date for my funds to be released."
11981,"On XXXX of 2023, my account was frozen an i could not sign in or have any access to account. When i called the bank they told me i had to send a notarized letter so they can comunicate with me. Since i was outside country i wasnt able to provided this information. On XXXX of this year when i returned to the country i called the bank again but they were able to verify my identify by sending a text to my phone. It was the bank was able to communicate with me and they explained that my account was closed because i didnt sent the notarized letter as requested. They then explained that the account was put on hold because of suspecious activity. When i asked about the funds that were in the account they explained that it was sent to unclaimed property. When i asked what in what state for unclaimed property they explained they didnt know. I continued to call several weeks later until someone from the bank XXXX department was able to reseach further on my account and agreed to reopen a new account for me and have the funds that was in the other closed account put into the new account. On XXXX the new account was opened and i was told to wait for the funds to be returned. Today is XX/XX/XXXX and the funds has still not been put in the new account like they explained. I have been calling weekly only to be told to just wait. XXXX is able to give me qny other solution and i have been waiting for 3 months now."
11982,"Subject : Complaint Regarding Acima Leasing Request for Assistance and Resolution Dear Consumer Financial Protection Bureau, I am seeking assistance in resolving an ongoing dispute with Acima Leasing. 

I entered into a lease agreement with Acima for furniture in XX/XX/year> ; however, the company has failed to fulfill its responsibilities under that agreement. On multiple occasions, they scheduled appointments to retrieve the leased furniture but failed to show up without any notice or communication. 

During this time, I was in the process of moving, and the furniture could not remain at the property. As a result, I incurred additional out-of-pocket expenses, including fees to a moving company and the cost of securing storage, solely to accommodate XXXX retrieval process. 

Despite raising these concerns with XXXX upper management, no resolution or compensation has been offered. Moreover, the company has not acknowledged or taken responsibility for the repeated missed appointments or the resulting costs I have incurred. 

Adding to the issue, I was informed by Acima that billing would cease once the return process had been initiated. However, they have continued to charge me the monthly lease fee, even though the agreement was not renewed and the return process is well underway. 

At this point, I am seeking your support to formally resolve this matter and terminate all ties with Acima Leasing. I would appreciate your guidance on the appropriate next steps and any legal options available to recover the costs I have unfairly borne. 

Thank you for your time and assistance."
11983,"I was approved for mortgage with bbt bank, given closing date of XXXX, then XXXX, now no date.I am given XXXX poor excuse after another.bank has everything but still no date to close causing hardship and stress on me, the seller and related.I am going to be homeless, XXXX is ruined, incurred additional expenses because bbt bank ca n't or wo n't do their job"
11984,I purchased a laptop from XXXX resell ( XXXX order number XXXX ) on XXXX XXXX. They sold me a laptop that was still attached to a company. Once i received the laptop i could not tell that the computer was attached to a company. So months later down the laptop locked on because the company that it was attached to locked the computer and locked me out from using the computer i purchased. I contacted global resell and spoke with XXXX. XXXX spoke with his supervisors and the said that i would be able to return laptop for a refund. I returned the laptop and XXXX stated that the refund was initiated the refund. I never received the refund. So i contacted the XXXX and he started to give me the run around about how they couldn't refund me. So i contacted chase bank where i used to purchased the laptop. I have made XXXX disputes and still don't have money. So at this point i'm out of XXXX because i returned the Laptop and never received my refund. I really need help trying to get the figured out because right now i'm at a lost and no one is trying to help me right a wrong that had nothing to do on my behalf. Money been pretty much stolen from me.
11985,"The amount financed was {$900.00} and total I'll have to pay back is {$3700.00} I paid on time every two weeks, the last few payments were {$300.00} XX/XX/19 and {$180.00} 0n XX/XX/19 {$190.00} 0n XX/XX/19, {$200.00} on XX/XX/19"
11986,Someone has created a fake account with my email on XXXX. I keep getting email telling me to verify my account. And that my account a has been verified!!!! Apparently XXXX does not have a support service. I opened the email to find out its some type of bank card! I NEED THIS REMOVED ASAP! Someone is committing fraud under my Email ( XXXX )! Wouldnt surprise me if they are using my name too!!!!
11987,"I received a copy of my credit report from XXXX, XXXX and XXXX and noticed a collection account reporting against my SSN from The Best Service Company. Prior to me obtaining a copy of my credit reports, I had no knowledge of this account or alleged debt. I have requested validation multiple times from the credit reporting agencies regarding this account and have only been told it 's "" verified '' with no supporting documents. I have also contacted The Best Service Company multiple times, the last being on X/X/2017, for validation of this debt and have yet to receive anything. I have no contract or agreement with this company and have never received any goods or services. I have a right to have information validated that is contained on my credit report or it needs to be promptly deleted. I have not received a copy of a signed contract or any other verification from The Best Service Company."
11988,"A check made out to a friend was stolen. The check was then fraudulently signed by someone other than my friend. The signature clearly does not match the name that the name i wrote on the check. PNC cashed the check anyway and I am out XXXX dollars. 

I comlpained with PNC and they said they were going to send me an affidavit to sign and return and i would not be getting my money back for over 120 days. I then get a letter in the mail saying my claim was denied because the affidavit was never recieved. the affidavit never came to my house until the next week! 

This is all PNCs mistake for depositing a forged check. I made the check out to a friend and their teller or system cashed it without checking identity. I am being made a victim over their problem."
11989,"On XX/XX/XXXX I disputed missing a payment with Rushmore Loan Management. I sent my bank statements and asked them to review it. I wanted them to see I haven't missed a payment. Because of this issue more problems came about. I was charged late fees and interest payments. Also my PMI was going to be depleted on XX/XX/2023, however since they determined I am ineligible for early cancellation based on them stating I have been more than 30 days or 12 months past due on my payments. They also stated my mortgage have increased. I responded by saying I received two notification letter one in XXXX and another one in XXXX. They stated they had sent a letter in XXXX. I explained to them I haven't received any other letters in XXXX referring to a mortgage change. I tried reaching out to them, however they want listen to me."
11990,Was scammed for {$420.00} today for concert tickets Money sent thru Zelle Zelle refusing to refund any money. Was not aware of policy. Due to send money in a rush. This is the first time Ive ever done something like this and its so much money I just really need some help with getting my money back
11991,"I am extremely dissatisfied with the failure to comply with section FCRA 605B ( 15 U.S.C. 1681c-2 ), which mandates the removal of certain information within four days of receiving notice. Therefore, I demand a swift correction of the inaccurate data to maintain the integrity of my credit report. Please conduct a thorough review of these discrepancies and take immediate steps to rectify the disputed entries. 
XXXX XXXX XXXXXXXX XXXX XXXX XX/XX/year> XXXX XX/XX/year> XXXX XX/XX/year> XXXXXXXX XXXX XXXXXX/XX/year> XXXX XXXX XXXX XX/XX/year>"
11992,"I applied for a job on XXXX  app on XX/XX/XXXX, to work from home since I just had a XXXX. On XX/XX/XXXX a guy name XXXX XXXX asked if I was available for an interview, he asked me a few questions related to the job, within an hour he said I was hired an sent me the offer letter, it had the name of HR manager of XXXX XXXX XXXX XXXX, I XXXX  her and she is the manager of that company so I thought it was real. He said that I needed an XXXX, scanner, printer, XXXX  and some programs. Before starring that they will give me the checks and I will pay their vendors which I did. XXXX XXXX and cash app to XXXX XXXX. After I had the funds available I paid and then this guy XXXX blocked me, I received an email from my bank stating that the check was a forgery. I need help, the total amount is XXXX dlares the first one is for XXXX dlares ( XXXX XXXX say they cant do anything and they other one was for XXXX dlares. Please help I truelly need my money back."
11993,"Bank of America was the lender for the first mortgage and HELOC. The account numbers are as follows : 1st mortgage # XXXX XXXX XXXX HELOC account # XXXX XXXX XXXX I discovered an error in the amount of {$81000.00} which was not credited to my HELOC account # XXXX, as previously agreed upon. 
I sent two notice of error letters to the bank in XXXX and XX/XX/2019. The bank did not respond or investigate the matter. Eventually, the bank sent a letter and declined to do anything. Please read the attached letter for specifics."
11994,I filled a irp change to come in effect after save payment plan deferment ended in XXXX I did it early so i can get stuff ready for the payments to begin in XXXX The started the payments right away and expect a payment end of XXXX which is direct violation of my application form
11995,"Got a phone call from XXXX, claiming to represent XXXX XXXX over an alleged debt from 2002. The whole issue at the time had to do with a bank error, and I turned it over to a consumer protection agency then. This company, when I tried to explain this, just said, okay then we'll just file the judgement. They also claimed to have sent a letter to my mailing address. I saw no such letter. 
They are of course a scam."
11996,I had my mortgage through Wells Fargo just wanting to know if I qualify for the law suit I haven't been informed by them about this law suit They had my loan from XXXX to XXXX with loan modifications I sold the house in XXXX of XXXX XXXX
11997,A collections from Caine & Weiner showed up on my credit report with a date report of XX/XX/2022 from XXXX XXXX. Age of account is 3 years and 8 months. I do not know what this is. Another collections with the same age date of 3 years and 8 months has already been disputed and submitted as fraud and identity theft. This collection form Caine & Weiner is due to fraud and identity theft. My credit has been frozen due to these identity thieves trying to use my information to open credit cards and financial accounts.
11998,"On XX/XX/XXXX, I made a transfer to a relative in XXXX, the banker official ( inexperienced in the matter ) did not match the account numbers of the intermediary bank and those of my relative 's account. 
The next day I went to the bank to request information, they said they would call me, the XXXXnager of the branch does not explain clearly what solution he can give me, I have already been four times, and the terrible attention of the manager and the poor quality of the The service has been constant, the documents issued by the official show an amount of money much lower than the value debited from my account, the dates are from XXXX, it does not accept that errors were made in the execution of the shipment I have called customer service, emailed the general manager of customer service, went to another branch ( despite the good disposition and kindness ) and I do not get a clear answer about my money."
11999,"I am filing a complaint against Cash App ( Block , Inc ) due to inadequate customer service and unfair practices which violate the Consumer Financial Protection Act ( XXXX ). Specifically Cash App failed to take timely and effective measures to prevent and address fraud on their platform, leaving my account vulnerable and unprotected. Furthermore, there dispute resolution process was unfair and deceptive, as they did not comply with error resolution requirements under the Electronic Fund Transfer Act ( XXXX ) and regulation E. These actions have caused significant inconveniences and financial loss, and I seek appropriate redress for these situations."
